"","GeoUID","Type","Region Name","Area (sq km)","Population","Dwellings","Households","CSD_UID","CD_UID","CT_UID","CMA_UID","v_CA21_1: Population, 2021","v_CA21_4: Total private dwellings","v_CA21_7: Land area in square kilometres","v_CA21_6: Population density per square kilometre","v_CA21_16: 0 to 4 years","v_CA21_34: 5 to 9 years","v_CA21_52: 10 to 14 years","v_CA21_73: 15 to 19 years","v_CA21_91: 20 to 24 years","v_CA21_109: 25 to 29 years","v_CA21_127: 30 to 34 years","v_CA21_145: 35 to 39 years","v_CA21_163: 40 to 44 years","v_CA21_181: 45 to 49 years","v_CA21_199: 50 to 54 years","v_CA21_217: 55 to 59 years","v_CA21_235: 60 to 64 years","v_CA21_253: 65 years and over","v_CA21_258: 65","v_CA21_388: Average age","v_CA21_391: Average age","v_CA21_434: Occupied private dwellings by structural type of dwelling data","v_CA21_435: Single-detached house","v_CA21_436: Semi-detached house","v_CA21_437: Row house","v_CA21_438: Apartment or flat in a duplex","v_CA21_439: Apartment in a building that has fewer than five storeys","v_CA21_440: Apartment in a building that has five or more storeys","v_CA21_441: Other single-attached house","v_CA21_442: Movable dwelling","v_CA21_459: Married","v_CA21_462: Living common-law","v_CA21_480: Never married","v_CA21_483: Separated","v_CA21_486: Divorced","v_CA21_489: Widowed","v_CA21_492: Census families in private households by family size","v_CA21_493: 2 persons","v_CA21_494: 3 persons","v_CA21_495: 4 persons","v_CA21_496: 5 or more persons","v_CA21_497: Average size of census families"
"1","35240098","DA","35240098",0.3614,911,272,271,"3524001","3524","5350612.12","35535",911,272,0.36,2520.8,15,20,30,45,35,30,20,20,20,40,45,50,40,50,5,40.6,43.6,270,175,95,0,5,0,0,0,0,450,15,265,10,20,25,265,85,60,85,35,3.3
"2","35240099","DA","35240099",0.1145,489,141,141,"3524001","3524","5350612.11","35535",489,141,0.11,4270.7,5,15,20,20,20,20,10,10,20,20,25,30,20,25,5,39.6,43.2,145,110,25,0,5,0,0,0,0,245,15,130,0,10,15,145,40,35,50,15,3.3
"3","35240100","DA","35240100",0.1292,515,163,160,"3524001","3524","5350612.11","35535",515,163,0.13,3986.1,10,15,15,20,15,10,10,10,15,15,30,10,35,40,5,42.4,46,160,155,0,0,5,0,0,0,0,290,0,115,10,10,15,155,60,40,45,15,3.1
"4","35240101","DA","35240101",0.1114,379,113,111,"3524001","3524","5350612.11","35535",379,113,0.11,3402.2,5,15,10,10,10,10,10,10,15,15,15,20,20,30,5,42,44.8,110,105,0,0,0,0,0,0,0,205,15,80,5,10,5,115,40,30,35,10,3.2
"5","35240102","DA","35240102",0.1326,466,178,177,"3524001","3524","5350612.11","35535",466,178,0.13,3514.3,10,15,20,15,10,10,10,25,25,15,20,20,20,35,5,42,43.2,175,25,35,120,0,0,0,0,0,215,20,80,10,40,10,140,50,50,35,10,3
"6","35240104","DA","35240104",0.0659,387,121,119,"3524001","3524","5350612.11","35535",387,121,0.07,5872.5,5,10,15,15,15,10,15,10,10,15,15,20,15,20,5,38.6,38.8,120,40,25,55,0,0,0,0,0,180,15,85,5,15,15,115,40,35,25,15,3.2
"7","35240105","DA","35240105",0.0507,240,73,73,"3524001","3524","5350612.12","35535",240,73,0.05,4733.7,5,5,5,10,5,0,5,10,5,10,10,10,10,15,0,41.2,44.4,75,70,0,0,0,0,0,0,0,125,0,45,5,5,5,70,25,20,20,10,3.3
"8","35240106","DA","35240106",0.2,872,282,278,"3524001","3524","5350612.12","35535",872,282,0.2,4360,20,35,20,30,30,20,25,25,35,20,30,45,40,50,5,39.6,40.4,280,55,145,75,5,5,0,0,0,370,40,220,25,30,20,240,75,60,75,40,3.3
"9","35240107","DA","35240107",0.1583,384,121,120,"3524001","3524","5350612.12","35535",384,121,0.16,2425.8,0,15,15,20,5,5,10,15,10,20,15,10,15,35,5,42.4,45.2,120,95,20,0,0,0,0,0,0,205,15,70,5,10,5,115,45,30,30,10,3.1
"10","35240108","DA","35240108",0.0888,498,163,158,"3524001","3524","5350612.12","35535",498,163,0.09,5608.1,10,10,10,20,20,20,5,15,10,15,30,20,25,40,5,41.8,44.4,160,85,50,20,0,5,0,0,0,240,15,125,10,20,15,150,50,40,40,15,3.1
"11","35240109","DA","35240109",0.0946,315,100,97,"3524001","3524","5350612.12","35535",315,100,0.09,3329.8,10,10,15,10,10,5,5,15,15,15,10,15,10,40,0,43.8,45.2,95,90,0,0,5,0,0,0,0,160,0,75,10,5,15,90,30,20,25,10,3.2
"12","35240110","DA","35240110",0.124,349,117,116,"3524001","3524","5350612.12","35535",349,117,0.12,2814.5,5,5,15,15,10,5,5,5,15,20,15,20,5,40,5,43.4,46.4,115,115,0,0,0,0,0,0,0,185,5,80,5,15,15,100,35,25,30,10,3.1
"13","35240111","DA","35240111",0.1676,751,286,279,"3524001","3524","5350613.01","35535",751,286,0.17,4480.9,20,20,20,25,25,30,20,35,30,25,35,25,35,45,5,39.5,38.8,280,70,0,210,0,0,0,0,0,245,65,195,25,60,20,220,95,65,45,10,2.9
"14","35240112","DA","35240112",0.1818,437,151,144,"3524001","3524","5350613.01","35535",437,151,0.18,2403.7,5,10,15,10,15,5,10,15,25,15,20,20,15,35,0,42.2,44,145,140,0,0,0,0,0,0,0,190,20,95,15,15,20,125,55,30,35,10,3.1
"15","35240113","DA","35240113",0.1989,375,111,110,"3524001","3524","5350613.01","35535",375,111,0.2,1885.4,10,20,15,10,15,5,10,15,20,15,10,15,5,25,0,36,36.8,110,100,10,0,0,0,0,0,0,180,15,75,0,5,5,105,30,20,40,15,3.5
"16","35240114","DA","35240114",1.0125,1200,440,432,"3524001","3524","5350613.01","35535",1200,440,1.01,1185.2,30,25,30,45,30,25,30,30,30,60,50,40,40,135,5,44,46.8,435,405,15,0,15,0,0,0,0,640,35,255,5,35,50,370,165,85,90,30,3
"17","35240115","DA","35240115",0.1175,425,124,122,"3524001","3524","5350612.12","35535",425,124,0.12,3617,0,5,15,15,15,10,10,5,15,20,20,20,15,40,0,43,46.4,120,120,0,0,5,0,0,0,0,225,10,105,0,5,10,120,40,25,40,15,3.3
"18","35240116","DA","35240116",0.0628,312,111,109,"3524001","3524","5350613.01","35535",312,111,0.06,4968.2,10,10,10,5,10,10,10,15,5,15,5,15,5,30,0,41.2,40,110,65,45,0,0,0,0,0,0,135,15,60,0,10,20,85,30,25,20,15,3.1
"19","35240117","DA","35240117",0.1084,493,183,177,"3524001","3524","5350613.01","35535",493,183,0.11,4548,10,15,15,15,20,15,20,20,15,15,15,20,5,35,5,39.2,38.8,175,80,55,40,0,0,0,0,0,195,45,130,10,20,15,140,65,35,35,10,2.9
"20","35240118","DA","35240118",0.1658,701,267,262,"3524001","3524","5350613.01","35535",701,267,0.17,4228,30,15,20,20,10,15,20,25,35,30,25,20,25,60,5,42.2,43.6,260,110,110,30,5,10,0,0,0,315,30,180,15,50,30,205,80,60,45,15,3
"21","35240120","DA","35240120",0.2315,608,208,202,"3524001","3524","5350613.03","35535",608,208,0.23,2626.3,15,15,20,20,10,15,15,15,20,30,20,20,20,55,0,41.8,43.6,200,160,20,20,0,0,0,0,0,295,25,125,15,20,15,175,65,35,50,15,3.2
"22","35240123","DA","35240123",0.2413,857,354,341,"3524001","3524","5350613.03","35535",857,354,0.24,3551.6,10,15,15,20,45,25,35,20,25,20,30,20,25,140,5,48.7,47.6,345,55,5,50,0,0,235,0,0,295,75,255,15,45,95,200,110,30,35,10,2.8
"23","35240124","DA","35240124",0.2716,443,165,158,"3524001","3524","5350613.03","35535",443,165,0.27,1631.1,10,5,10,15,15,10,15,5,50,10,15,15,15,35,0,41.6,41.6,155,60,20,0,0,35,45,0,0,145,30,145,15,35,25,105,55,20,20,10,2.9
"24","35240125","DA","35240125",0.1738,352,125,115,"3524001","3524","5350613.03","35535",352,125,0.17,2025.3,10,10,20,10,10,5,5,15,10,15,10,15,10,35,5,40,40.4,115,105,0,0,0,10,0,5,0,150,15,85,5,15,15,90,35,15,25,15,3.3
"25","35240126","DA","35240126",0.7371,482,167,162,"3524001","3524","5350614.01","35535",482,167,0.74,653.9,10,15,15,25,15,5,10,15,15,20,30,20,15,40,0,41.4,45.2,160,130,0,5,0,20,0,0,0,215,25,110,15,20,15,145,60,25,40,20,3.1
"26","35240127","DA","35240127",0.2266,484,180,175,"3524001","3524","5350614.01","35535",484,180,0.23,2135.9,5,15,15,15,15,10,5,15,15,15,25,20,15,60,5,45.6,48.4,175,175,0,0,0,0,0,0,0,235,30,100,10,10,25,155,70,40,40,5,2.9
"27","35240128","DA","35240128",0.1409,720,254,247,"3524001","3524","5350614.02","35535",720,254,0.14,5110,25,15,30,25,20,20,20,35,20,25,35,25,30,50,5,39.5,39.6,250,60,5,175,0,0,0,0,0,295,30,180,15,40,20,210,80,60,45,20,3.1
"28","35240129","DA","35240129",0.2423,478,183,181,"3524001","3524","5350614.02","35535",478,183,0.24,1972.8,10,10,10,15,15,0,15,10,20,10,25,20,20,65,5,47.2,52.4,180,150,0,30,0,0,0,0,0,230,20,100,5,30,30,145,65,40,35,10,2.9
"29","35240130","DA","35240130",0.2183,491,172,170,"3524001","3524","5350614.01","35535",491,172,0.22,2249.2,10,10,10,10,15,5,10,15,15,15,20,25,20,55,0,46.6,51.6,170,165,0,0,0,0,0,0,0,275,15,100,5,10,20,160,75,35,40,10,2.9
"30","35240131","DA","35240131",0.1578,474,173,172,"3524001","3524","5350614.02","35535",474,173,0.16,3003.8,15,20,20,5,10,5,10,20,10,15,5,25,15,70,5,45.4,47.2,170,170,0,0,5,0,0,0,0,255,25,70,5,15,20,155,65,35,35,10,2.9
"31","35240132","DA","35240132",0.153,514,183,182,"3524001","3524","5350614.02","35535",514,183,0.15,3359.5,20,15,20,5,15,10,15,20,20,20,15,20,15,60,5,43.2,43.2,185,145,35,0,5,0,0,0,0,240,30,80,5,15,25,165,75,35,40,10,2.9
"32","35240134","DA","35240134",2.8644,503,166,162,"3524001","3524","5350600.02","35535",503,166,2.86,175.6,15,20,20,30,20,15,10,15,25,25,20,15,25,20,0,36.2,38.4,160,55,0,105,0,0,0,0,0,140,20,170,15,30,10,145,55,40,30,15,3.2
"33","35240135","DA","35240135",0.7764,636,219,208,"3524001","3524","5350601.00","35535",636,219,0.78,819.2,10,20,35,40,20,10,10,15,30,35,30,20,20,45,5,38.4,41.6,210,205,0,0,5,0,0,0,0,295,10,160,5,20,20,180,55,45,55,20,3.3
"34","35240136","DA","35240136",0.1876,453,146,141,"3524001","3524","5350601.00","35535",453,146,0.19,2414.7,5,10,25,30,10,5,5,10,10,25,25,15,20,30,5,40.2,43.6,140,140,0,0,0,0,0,0,0,220,10,110,10,15,15,125,35,30,50,20,3.4
"35","35240137","DA","35240137",0.2875,508,157,155,"3524001","3524","5350601.00","35535",508,157,0.29,1767,5,10,30,25,25,10,5,5,15,40,25,20,10,30,5,40.4,45.2,155,150,0,0,0,0,0,0,0,265,5,135,5,0,15,145,35,40,50,15,3.4
"36","35240138","DA","35240138",0.3416,442,144,142,"3524001","3524","5350601.00","35535",442,144,0.34,1293.9,10,10,15,25,15,5,10,5,15,30,25,15,10,40,5,42,46.4,145,145,0,0,0,0,0,0,0,230,0,110,10,5,15,130,45,30,40,15,3.2
"37","35240139","DA","35240139",0.2784,437,137,135,"3524001","3524","5350601.00","35535",437,137,0.28,1569.7,0,15,15,25,15,0,5,5,15,20,30,20,15,30,5,42,46.8,135,135,0,0,0,0,0,0,0,220,5,100,5,10,15,125,40,30,40,20,3.4
"38","35240140","DA","35240140",0.5217,578,201,188,"3524001","3524","5350601.00","35535",578,201,0.52,1107.9,5,10,20,25,25,10,5,10,15,25,25,25,20,60,10,44.6,48,185,150,0,5,0,30,0,0,0,305,15,135,10,5,20,170,75,25,50,20,3.2
"39","35240141","DA","35240141",0.3449,415,128,122,"3524001","3524","5350601.00","35535",415,128,0.34,1203.2,0,5,20,20,25,5,5,5,10,25,25,20,10,35,0,43,46.4,125,120,0,0,0,0,0,0,0,205,10,105,0,5,15,110,35,25,35,25,3.5
"40","35240142","DA","35240142",0.2711,429,139,134,"3524001","3524","5350600.01","35535",429,139,0.27,1582.4,0,10,20,20,15,5,5,5,15,25,20,10,20,35,5,42.6,46.4,135,135,0,0,0,0,0,0,0,215,5,105,5,10,10,125,45,20,40,20,3.3
"41","35240143","DA","35240143",0.2352,571,183,177,"3524001","3524","5350600.01","35535",571,183,0.24,2427.7,5,15,35,30,15,15,5,15,20,35,30,20,10,50,0,39.8,42,180,180,0,0,0,0,0,0,0,280,10,125,5,15,20,165,50,50,45,25,3.3
"42","35240144","DA","35240144",0.3575,568,192,188,"3524001","3524","5350600.01","35535",568,192,0.36,1588.8,5,15,20,30,20,15,5,5,20,30,25,15,20,60,5,43,46.8,185,185,0,0,0,0,0,0,0,315,15,130,0,5,15,170,65,35,55,20,3.2
"43","35240145","DA","35240145",0.1811,520,195,189,"3524001","3524","5350600.01","35535",520,195,0.18,2871.3,5,15,20,20,15,0,5,10,20,30,20,15,20,70,10,45.4,48.4,190,190,0,0,0,0,0,0,0,280,10,100,5,20,20,165,70,40,40,10,3
"44","35240146","DA","35240146",0.1989,450,149,149,"3524001","3524","5350600.01","35535",450,149,0.2,2262.4,5,20,25,20,10,5,0,10,15,20,25,20,15,40,5,40.4,45.2,145,145,0,0,0,0,0,0,0,225,15,90,0,10,15,135,50,30,40,15,3.2
"45","35240147","DA","35240147",1.7225,718,236,231,"3524001","3524","5350600.01","35535",718,236,1.72,416.8,5,15,45,25,10,0,5,10,30,35,40,20,20,65,0,43.6,47.6,230,230,5,0,0,0,0,0,0,370,25,150,10,10,15,215,80,40,55,35,3.2
"46","35240148","DA","35240148",0.6196,566,180,178,"3524001","3524","5350600.01","35535",566,180,0.62,913.5,5,15,25,30,25,5,0,20,30,30,15,25,15,50,0,41,43.2,180,180,0,0,0,0,0,0,0,300,10,115,0,10,15,165,50,40,55,15,3.2
"47","35240150","DA","35240150",0.0794,460,149,148,"3524001","3524","5350600.02","35535",460,149,0.08,5793.5,15,10,15,15,10,15,5,20,25,15,20,25,15,30,5,40,42.8,145,55,20,60,0,0,5,0,0,210,15,100,15,20,10,140,40,40,50,5,3.1
"48","35240152","DA","35240152",0.1624,525,169,167,"3524001","3524","5350600.02","35535",525,169,0.16,3232.8,15,10,15,10,15,15,10,15,15,25,15,20,25,50,0,44,47.2,165,130,0,30,5,0,0,0,0,280,15,125,10,10,10,165,65,45,50,5,3
"49","35240153","DA","35240153",0.0744,363,107,107,"3524001","3524","5350600.02","35535",363,107,0.07,4879,5,10,15,15,10,5,5,10,15,15,5,20,15,40,5,43.4,44.4,105,100,0,0,10,0,0,0,0,185,15,85,0,5,15,105,40,30,30,10,3.1
"50","35240154","DA","35240154",0.1067,468,144,141,"3524001","3524","5350600.02","35535",468,144,0.11,4386.1,10,15,20,20,15,15,10,15,15,20,15,15,20,30,5,40.2,43.2,145,135,0,0,5,0,0,0,0,250,15,95,5,10,15,135,45,35,35,15,3.2
"51","35240155","DA","35240155",0.082,444,145,144,"3524001","3524","5350600.02","35535",444,145,0.08,5414.6,15,10,15,20,15,10,10,15,15,15,20,15,15,35,0,40.6,42.4,145,140,0,0,0,0,0,0,0,220,10,100,15,15,15,130,55,25,40,10,3.1
"52","35240156","DA","35240156",0.2625,568,177,174,"3524001","3524","5350600.02","35535",568,177,0.26,2163.8,15,15,20,10,10,15,15,25,15,30,20,20,20,55,0,43,46,175,170,0,0,5,0,0,0,0,310,5,120,5,10,15,165,50,45,60,10,3.2
"53","35240157","DA","35240157",0.5956,434,128,127,"3524001","3524","5350600.02","35535",434,128,0.6,728.7,5,15,15,20,10,10,0,10,25,20,15,10,20,35,0,40.8,43.2,130,115,0,0,10,0,0,0,0,210,10,95,10,15,10,130,50,30,35,10,3.1
"54","35240158","DA","35240158",0.1057,419,126,123,"3524001","3524","5350600.02","35535",419,126,0.11,3964,10,20,15,15,5,10,10,15,15,10,15,10,25,45,5,41.6,43.2,120,120,0,0,0,0,0,0,0,225,5,80,5,10,20,125,45,25,40,15,3.1
"55","35240159","DA","35240159",0.1027,368,118,117,"3524001","3524","5350600.02","35535",368,118,0.1,3583.3,5,5,15,20,10,5,5,5,15,10,15,10,20,35,0,44.6,49.2,120,110,0,0,5,0,0,0,0,205,5,85,5,5,10,115,50,30,30,5,3
"56","35240160","DA","35240160",0.2729,588,191,190,"3524001","3524","5350600.02","35535",588,191,0.27,2154.6,10,20,20,15,15,15,10,10,20,25,20,35,25,60,0,44,46.8,190,155,0,25,10,0,0,0,0,310,20,120,15,15,25,175,75,45,45,15,3
"57","35240161","DA","35240161",0.2724,596,176,172,"3524001","3524","5350600.02","35535",596,176,0.27,2188,15,20,15,25,20,10,5,15,25,30,20,20,20,60,0,42.6,45.2,170,160,0,0,15,0,0,0,0,325,0,140,5,10,20,175,65,40,45,25,3.2
"58","35240162","DA","35240162",0.1144,455,140,139,"3524001","3524","5350600.02","35535",455,140,0.11,3977.3,10,15,20,15,10,10,10,20,10,15,20,20,25,45,0,43,47.6,140,140,0,0,0,0,0,0,0,250,5,100,5,10,10,135,50,35,40,10,3.1
"59","35240165","DA","35240165",0.3556,963,315,313,"3524001","3524","5350612.28","35535",963,315,0.36,2708.1,15,20,30,35,35,15,10,20,30,35,50,50,60,75,10,44.1,49.2,315,245,0,65,0,0,0,0,0,510,25,225,10,30,15,295,110,85,70,30,3.1
"60","35240166","DA","35240166",0.0956,377,122,121,"3524001","3524","5350612.25","35535",377,122,0.1,3943.5,10,10,10,15,10,15,10,10,15,10,10,15,20,45,5,45.8,49.2,120,120,0,0,0,0,0,0,0,200,5,85,0,15,15,120,50,25,30,10,3.1
"61","35240167","DA","35240167",0.1602,441,135,135,"3524001","3524","5350612.25","35535",441,135,0.16,2752.8,5,10,15,10,25,10,5,10,20,15,20,15,15,45,0,43.8,45.2,135,135,0,0,5,0,0,0,0,230,10,100,5,10,15,130,45,35,40,5,3.1
"62","35240168","DA","35240168",0.2098,718,250,246,"3524001","3524","5350614.02","35535",718,250,0.21,3422.3,10,20,25,25,20,15,15,20,20,30,30,25,25,75,10,43.5,46.4,245,240,0,0,5,0,0,0,0,320,50,155,15,25,25,210,85,50,55,20,3.1
"63","35240169","DA","35240169",0.1171,756,273,271,"3524001","3524","5350614.01","35535",756,273,0.12,6456,25,25,20,20,20,25,30,25,35,35,30,35,35,40,5,39.7,42,270,25,95,150,0,0,0,0,0,320,40,175,15,40,15,220,85,60,65,15,3.1
"64","35240170","DA","35240170",0.1729,437,171,169,"3524001","3524","5350612.25","35535",437,171,0.17,2527.5,5,10,15,15,10,15,10,10,15,25,25,15,20,50,0,45.2,49.6,165,40,25,90,10,0,0,0,0,200,15,95,10,35,20,130,65,35,30,10,2.9
"65","35240171","DA","35240171",0.0966,432,140,139,"3524001","3524","5350612.25","35535",432,140,0.1,4472,5,10,10,15,10,5,10,10,10,20,10,25,20,40,5,44.4,48.8,140,100,35,0,0,0,0,0,0,240,10,100,5,10,10,140,50,50,25,10,3
"66","35240172","DA","35240172",0.1089,424,137,135,"3524001","3524","5350612.25","35535",424,137,0.11,3893.5,5,10,15,20,15,5,5,10,15,20,10,20,30,40,5,43.8,46.8,135,130,0,0,5,0,0,0,0,245,5,95,5,10,10,135,55,30,40,5,3
"67","35240173","DA","35240173",0.1113,444,136,133,"3524001","3524","5350612.08","35535",444,136,0.11,3989.2,10,20,15,15,15,15,10,10,10,15,15,15,25,35,0,41.4,43.2,130,130,0,0,0,0,0,0,0,240,10,115,0,5,5,130,40,40,35,20,3.2
"68","35240174","DA","35240174",0.0607,227,74,73,"3524001","3524","5350612.08","35535",227,74,0.06,3739.7,5,5,10,10,5,5,5,5,10,5,15,10,5,20,0,41.2,43.6,75,70,0,0,0,0,0,0,0,130,10,40,5,5,5,75,30,10,20,5,3
"69","35240175","DA","35240175",0.3,597,185,183,"3524001","3524","5350612.08","35535",597,185,0.3,1990,10,10,30,25,20,25,15,10,15,30,20,20,20,55,0,42,43.6,180,180,0,0,5,0,0,0,0,290,15,165,5,5,25,165,60,45,40,30,3.3
"70","35240176","DA","35240176",0.0949,409,126,122,"3524001","3524","5350612.08","35535",409,126,0.09,4309.8,10,5,10,15,15,10,10,5,15,10,20,10,25,40,5,44,44.8,120,105,0,0,15,0,0,0,0,200,10,110,5,10,15,110,35,30,40,0,3.1
"71","35240177","DA","35240177",0.1145,465,147,142,"3524001","3524","5350612.08","35535",465,147,0.11,4061.1,10,10,10,10,15,15,15,10,15,10,10,20,15,60,5,45.4,46.4,140,125,0,0,15,0,0,0,0,255,0,115,0,15,15,140,70,25,35,10,2.9
"72","35240179","DA","35240179",0.1715,474,154,151,"3524001","3524","5350612.27","35535",474,154,0.17,2763.8,10,20,15,10,10,10,15,10,10,10,20,20,20,50,5,43.4,47.2,155,140,0,0,5,0,0,0,0,250,5,115,10,10,20,140,50,35,45,10,3.1
"73","35240180","DA","35240180",0.0516,254,87,87,"3524001","3524","5350612.27","35535",254,87,0.05,4922.5,5,10,10,10,5,10,5,15,5,10,10,15,10,10,0,40.8,41.2,85,50,0,35,0,0,0,0,0,115,5,70,10,5,5,75,30,20,15,5,3.1
"74","35240181","DA","35240181",0.1979,615,216,212,"3524001","3524","5350612.27","35535",615,216,0.2,3107.6,15,25,20,10,20,25,10,20,20,30,25,15,25,55,5,41.2,43.6,210,90,0,115,5,0,0,0,0,290,20,160,5,25,15,180,75,45,45,10,3
"75","35240182","DA","35240182",0.0807,361,116,115,"3524001","3524","5350612.27","35535",361,116,0.08,4473.4,10,10,10,10,10,5,15,10,15,10,10,15,20,30,5,41.2,42,115,85,0,30,0,0,0,0,0,175,10,80,5,15,10,105,40,20,30,10,3.2
"76","35240184","DA","35240184",0.2143,976,448,440,"3524001","3524","5350612.27","35535",976,448,0.21,4554.4,15,20,25,30,25,25,25,25,35,30,35,40,40,190,5,50.2,52.8,440,15,30,210,0,185,0,0,0,355,45,250,35,80,95,275,140,65,60,10,2.8
"77","35240188","DA","35240188",0.1088,478,154,152,"3524001","3524","5350612.25","35535",478,154,0.11,4393.4,5,20,15,10,15,5,15,10,10,25,10,30,20,35,5,42.4,46,155,105,0,45,0,0,0,0,0,255,0,115,5,15,10,140,55,25,50,10,3.2
"78","35240189","DA","35240189",0.5951,1023,402,397,"3524001","3524","5350613.03","35535",1023,402,0.6,1719,20,40,25,55,25,30,25,30,40,40,35,40,40,105,5,42.1,43.6,395,135,70,80,5,0,100,0,0,355,60,310,35,75,40,295,145,70,65,20,2.9
"79","35240192","DA","35240192",0.1436,525,189,181,"3524001","3524","5350613.04","35535",525,189,0.14,3656,10,5,15,25,15,15,15,15,15,15,25,15,30,55,0,43.2,45.2,180,180,0,0,0,0,0,0,0,255,15,140,5,20,20,150,60,35,40,10,3.1
"80","35240193","DA","35240193",0.1452,1074,476,428,"3524001","3524","5350613.04","35535",1074,476,0.15,7396.7,20,10,25,35,105,65,40,20,35,40,30,25,30,70,5,37.7,31,430,45,45,0,110,5,225,0,0,295,75,470,30,50,35,250,130,65,45,10,2.8
"81","35240194","DA","35240194",0.3123,770,369,357,"3524001","3524","5350613.04","35535",770,369,0.31,2465.6,20,10,20,25,30,20,20,20,20,20,20,30,25,165,0,50.8,55.2,355,35,10,100,0,5,205,0,0,325,55,175,20,50,65,215,135,45,20,15,2.6
"82","35240195","DA","35240195",0.0627,631,265,254,"3524001","3524","5350613.04","35535",631,265,0.06,10063.8,10,20,20,15,25,30,30,30,20,30,30,15,15,55,0,40.2,37.6,255,30,5,0,5,0,210,0,0,225,45,170,20,40,30,170,85,35,35,15,2.9
"83","35240196","DA","35240196",0.1524,420,135,134,"3524001","3524","5350614.01","35535",420,135,0.15,2755.9,5,15,15,15,20,5,5,15,5,15,15,10,10,55,0,44.2,47.6,135,135,0,0,0,0,0,0,0,240,10,85,5,0,10,125,50,20,40,10,3.1
"84","35240197","DA","35240197",0.1332,508,177,176,"3524001","3524","5350614.01","35535",508,177,0.13,3813.8,10,10,15,15,15,15,15,15,10,20,20,25,25,45,5,43.8,46.8,175,120,0,50,0,0,0,0,0,260,30,105,15,20,10,165,80,35,40,10,2.8
"85","35240198","DA","35240198",0.1385,452,154,150,"3524001","3524","5350600.01","35535",452,154,0.14,3263.5,15,15,20,10,10,5,5,20,20,15,20,15,5,55,0,43.2,44.4,150,150,0,0,0,0,0,0,0,230,10,85,5,10,15,135,50,35,40,10,3.1
"86","35240199","DA","35240199",0.2147,519,162,159,"3524001","3524","5350600.01","35535",519,162,0.21,2417.3,5,20,30,25,15,5,0,15,20,25,15,15,15,45,5,39.8,42.4,160,155,0,0,0,0,0,0,0,270,5,110,5,5,10,150,50,30,55,20,3.3
"87","35240200","DA","35240200",0.2253,458,155,151,"3524001","3524","5350600.01","35535",458,155,0.23,2032.8,5,15,20,25,20,10,5,5,10,25,30,20,0,55,5,42.6,46,150,150,0,0,0,0,0,0,0,245,10,110,10,5,10,130,50,25,30,20,3.3
"88","35240201","DA","35240201",0.26,439,130,129,"3524001","3524","5350600.01","35535",439,130,0.26,1688.5,10,15,15,20,15,10,5,15,15,20,30,10,5,35,0,39.2,41.6,125,125,0,0,0,0,0,0,0,230,5,110,0,10,10,125,35,35,30,30,3.4
"89","35240202","DA","35240202",0.5187,583,200,194,"3524001","3524","5350600.01","35535",583,200,0.52,1124,5,20,20,20,15,15,10,10,5,20,35,20,20,75,10,46,51.2,190,190,0,0,0,0,0,0,0,340,10,120,5,0,20,185,75,55,40,15,3.1
"90","35240203","DA","35240203",0.5163,492,177,169,"3524001","3524","5350602.00","35535",492,177,0.52,952.9,10,15,20,30,15,10,5,5,15,20,25,30,20,45,5,43,48.8,170,165,0,0,0,10,0,0,0,265,10,110,5,15,20,145,60,20,45,15,3.1
"91","35240204","DA","35240204",0.3619,412,132,127,"3524001","3524","5350602.00","35535",412,132,0.36,1138.4,5,10,20,25,20,5,5,5,10,15,25,25,15,20,5,39.6,44.8,130,130,0,0,0,0,0,0,0,210,5,105,0,15,10,115,35,20,40,15,3.4
"92","35240205","DA","35240205",0.3079,418,127,121,"3524001","3524","5350602.00","35535",418,127,0.31,1357.6,5,10,20,30,20,5,5,5,10,20,30,15,10,30,0,41,46,120,120,0,0,0,0,0,0,0,205,5,100,5,10,15,115,40,20,35,20,3.4
"93","35240206","DA","35240206",0.4077,499,177,173,"3524001","3524","5350602.00","35535",499,177,0.41,1223.9,0,10,20,20,15,5,5,5,20,15,25,20,20,65,0,48.2,52,170,170,0,0,5,0,0,0,0,285,5,105,5,10,20,150,70,25,35,20,3.1
"94","35240207","DA","35240207",0.244,569,184,180,"3524001","3524","5350602.00","35535",569,184,0.24,2332,10,25,25,35,30,10,5,15,15,25,25,20,20,40,0,39.2,42.4,180,180,0,0,0,0,0,0,0,290,10,120,5,15,10,155,55,20,55,30,3.4
"95","35240208","DA","35240208",0.1813,566,218,211,"3524001","3524","5350602.00","35535",566,218,0.18,3121.9,15,10,15,20,15,10,10,15,30,20,25,25,25,50,0,43.4,45.6,210,170,0,0,0,0,40,0,0,285,20,100,10,30,15,170,70,40,45,15,3
"96","35240209","DA","35240209",0.2499,611,224,209,"3524001","3524","5350602.00","35535",611,224,0.25,2445,10,15,15,10,15,15,15,15,15,15,20,15,20,160,5,55.8,61.2,210,110,0,0,0,50,45,0,0,270,25,105,10,60,55,145,80,25,30,5,2.8
"97","35240210","DA","35240210",0.8702,800,404,382,"3524001","3524","5350602.00","35535",800,404,0.87,919.3,10,10,10,15,15,15,25,15,25,25,25,30,25,220,5,59.2,63.2,380,75,5,0,0,15,285,0,0,390,45,145,20,65,85,210,145,45,15,0,2.4
"98","35240211","DA","35240211",0.8577,484,186,180,"3524001","3524","5350602.00","35535",484,186,0.86,564.3,10,20,20,15,10,5,10,15,25,20,25,10,15,50,10,41.2,43.6,180,170,5,0,0,5,0,0,0,240,20,85,10,20,15,145,65,30,40,15,3
"99","35240212","DA","35240212",0.5118,690,209,202,"3524001","3524","5350601.00","35535",690,209,0.51,1348.2,10,30,45,40,25,10,10,10,25,40,35,25,20,40,0,37.8,41.6,205,195,0,0,5,0,0,0,0,350,15,150,5,15,10,195,45,45,70,30,3.5
"100","35240213","DA","35240213",0.1168,792,414,373,"3524001","3524","5350604.00","35535",792,414,0.12,6780.8,10,10,15,10,15,10,25,30,30,15,15,25,25,205,5,57.8,62,370,30,0,40,0,20,270,15,0,245,50,180,30,75,135,180,125,25,20,5,2.5
"101","35240214","DA","35240214",0.3979,646,269,250,"3524001","3524","5350604.00","35535",646,269,0.4,1623.5,15,20,20,30,20,10,5,15,10,15,30,50,30,80,5,45.9,52,250,225,5,0,0,5,15,0,0,345,20,130,10,15,40,195,90,40,50,15,3
"102","35240215","DA","35240215",0.144,423,230,212,"3524001","3524","5350604.00","35535",423,230,0.14,2937.5,0,0,0,10,20,10,5,0,5,10,25,35,15,90,0,55.4,58,215,70,20,35,0,85,0,0,0,215,20,110,10,25,25,135,90,20,15,5,2.5
"103","35240216","DA","35240216",0.2084,521,380,355,"3524001","3524","5350604.00","35535",521,380,0.21,2500,0,0,5,5,10,15,10,15,10,15,20,25,25,165,5,61.8,66,355,10,0,30,0,105,210,0,0,190,30,120,15,65,80,130,115,10,0,5,2.2
"104","35240217","DA","35240217",0.1449,736,312,302,"3524001","3524","5350603.00","35535",736,312,0.14,5079.4,15,30,30,20,25,40,35,35,20,30,25,20,25,40,5,36.9,35.2,300,40,0,0,0,35,225,0,0,220,60,210,35,45,20,190,90,45,25,30,3
"105","35240218","DA","35240218",0.1516,441,183,172,"3524001","3524","5350603.00","35535",441,183,0.15,2909,10,15,20,15,15,15,10,20,10,15,15,15,15,45,5,40,38,175,95,0,0,0,75,0,0,0,165,45,110,10,25,20,135,75,30,20,15,2.8
"106","35240219","DA","35240219",0.1872,600,251,244,"3524001","3524","5350603.00","35535",600,251,0.19,3205.1,15,25,15,15,15,20,30,10,25,35,25,20,20,65,5,43.1,45.2,245,155,0,0,15,30,45,0,0,255,45,135,20,25,35,170,90,40,35,15,2.8
"107","35240220","DA","35240220",0.146,1068,612,583,"3524001","3524","5350603.00","35535",1068,612,0.15,7315.1,30,15,15,10,25,45,55,45,35,30,50,40,35,125,5,45.4,44.4,585,95,0,0,10,50,440,0,0,315,105,300,45,110,65,265,160,65,40,0,2.6
"108","35240221","DA","35240221",0.2872,1254,707,655,"3524001","3524","5350603.00","35535",1254,707,0.29,4366.3,30,30,25,20,30,115,90,50,45,35,35,30,15,60,5,36.5,32.8,655,40,0,5,60,190,355,0,0,430,145,385,50,75,25,330,220,55,40,15,2.6
"109","35240222","DA","35240222",1.7965,397,146,144,"3524001","3524","5350606.00","35535",397,146,1.8,221,10,10,10,10,10,15,10,15,10,5,15,15,10,55,0,45,44.4,145,110,5,15,20,0,0,0,0,170,15,85,10,25,30,110,50,30,20,5,2.9
"110","35240223","DA","35240223",0.0958,398,214,201,"3524001","3524","5350606.00","35535",398,214,0.1,4154.5,10,5,10,15,10,15,20,20,20,15,20,5,10,45,0,42.6,41.6,200,70,0,0,25,110,0,0,0,105,30,130,20,45,25,110,70,20,10,5,2.6
"111","35240224","DA","35240224",0.0334,587,290,273,"3524001","3524","5350603.00","35535",587,290,0.03,17574.9,20,20,15,10,20,20,25,30,25,15,30,20,20,30,5,38.6,38.4,270,20,0,0,5,30,220,0,0,180,50,180,20,40,20,145,60,50,30,10,2.9
"112","35240225","DA","35240225",0.0709,425,222,213,"3524001","3524","5350606.00","35535",425,222,0.07,5994.4,10,5,10,5,10,20,15,15,10,15,15,25,20,45,0,46.6,49.6,215,50,0,0,15,50,95,0,0,130,25,125,15,45,30,115,60,30,20,0,2.7
"113","35240226","DA","35240226",0.1325,497,275,259,"3524001","3524","5350606.00","35535",497,275,0.13,3750.9,10,10,5,15,20,25,20,15,15,15,25,35,10,65,5,47,50,260,70,0,0,5,25,160,0,0,125,60,145,25,60,25,130,75,30,20,5,2.7
"114","35240227","DA","35240227",0.1583,593,297,285,"3524001","3524","5350606.00","35535",593,297,0.16,3746.1,15,15,10,15,15,20,15,25,15,10,20,20,20,95,0,47.4,50,285,95,20,45,25,100,0,0,0,245,50,145,20,40,30,170,115,35,15,10,2.6
"115","35240228","DA","35240228",0.128,472,147,146,"3524001","3524","5350606.00","35535",472,147,0.13,3687.5,5,15,20,25,25,20,10,10,20,15,20,25,10,25,0,37.2,35.2,145,50,5,70,5,15,0,0,0,115,10,200,20,25,20,120,30,40,20,25,3.6
"116","35240229","DA","35240229",0.203,579,208,202,"3524001","3524","5350606.00","35535",579,208,0.2,2852.2,5,15,20,15,25,10,10,10,20,20,30,25,20,55,5,44.4,48,205,160,0,20,15,0,0,0,0,300,20,130,10,15,30,175,80,40,40,15,3
"117","35240230","DA","35240230",0.1588,417,163,150,"3524001","3524","5350606.00","35535",417,163,0.16,2625.9,0,15,10,10,10,15,5,15,20,15,15,10,5,70,0,49.4,48.4,150,135,0,0,15,0,0,0,0,185,20,105,10,15,30,125,70,30,20,5,2.8
"118","35240231","DA","35240231",0.2288,501,180,172,"3524001","3524","5350606.00","35535",501,180,0.23,2189.7,15,20,15,20,10,20,15,10,25,20,20,10,20,65,5,43.6,44,175,165,0,0,10,0,0,0,0,195,35,105,15,25,35,145,65,40,30,15,3
"119","35240232","DA","35240232",0.1746,483,176,169,"3524001","3524","5350606.00","35535",483,176,0.17,2766.3,15,10,25,15,5,15,15,15,20,20,15,15,20,50,0,41.8,42.8,170,155,0,0,15,0,0,0,0,240,15,90,10,15,25,145,65,30,35,10,3
"120","35240233","DA","35240233",0.2561,622,231,219,"3524001","3524","5350606.00","35535",622,231,0.26,2428.7,10,15,20,25,10,10,10,15,20,30,30,35,25,60,5,44.2,48.8,220,215,0,0,5,0,0,0,0,305,25,140,15,15,20,180,70,30,55,20,3.1
"121","35240234","DA","35240234",0.4101,728,273,250,"3524001","3524","5350607.00","35535",728,273,0.41,1775.2,15,20,20,25,15,20,10,25,25,40,30,25,25,70,5,43,45.6,250,225,0,0,20,5,0,0,0,340,30,150,15,20,30,205,75,65,50,25,3.1
"122","35240235","DA","35240235",0.2288,529,184,174,"3524001","3524","5350607.00","35535",529,184,0.23,2312.1,5,20,20,15,15,5,10,15,30,20,20,15,20,45,5,42,44.4,170,170,0,0,5,0,0,0,0,265,25,105,5,15,15,150,65,15,40,25,3.2
"123","35240236","DA","35240236",0.145,444,147,140,"3524001","3524","5350607.00","35535",444,147,0.15,3062.1,5,10,15,20,15,10,15,10,15,20,20,15,20,40,5,42.8,44.4,140,135,0,0,5,0,0,0,0,185,15,130,10,20,15,115,45,30,25,15,3.3
"124","35240237","DA","35240237",0.2699,510,183,178,"3524001","3524","5350607.00","35535",510,183,0.27,1889.6,15,10,15,20,20,15,10,5,15,20,30,20,20,55,10,44.2,47.2,180,175,0,0,0,0,0,0,0,245,25,115,5,15,30,155,65,40,40,10,3
"125","35240238","DA","35240238",0.1739,343,133,128,"3524001","3524","5350607.00","35535",343,133,0.17,1972.4,10,5,5,15,10,10,10,15,10,10,10,15,20,30,5,44.8,44,130,125,0,0,5,0,0,0,0,140,30,85,10,15,20,100,45,25,25,5,2.9
"126","35240239","DA","35240239",2.0141,514,193,182,"3524001","3524","5350607.00","35535",514,193,2.01,255.2,10,10,15,15,20,5,10,10,20,25,20,20,15,45,5,44.4,46,180,160,0,0,20,0,0,0,0,210,35,135,5,25,25,140,70,25,45,10,3
"127","35240240","DA","35240240",0.1774,448,170,159,"3524001","3524","5350608.00","35535",448,170,0.18,2525.4,10,15,15,5,10,15,15,15,15,15,20,15,10,40,0,42.6,44.4,160,150,0,0,15,0,0,0,0,205,20,105,10,20,15,140,60,35,35,10,2.9
"128","35240241","DA","35240241",0.3253,607,204,194,"3524001","3524","5350608.00","35535",607,204,0.33,1866,5,10,30,25,15,15,10,10,25,30,25,20,10,50,0,41.2,43.2,195,190,0,0,0,0,0,0,0,265,30,150,5,15,20,165,60,35,50,20,3.3
"129","35240242","DA","35240242",0.1997,623,139,136,"3524001","3524","5350608.00","35535",623,139,0.2,3119.7,15,5,15,20,25,15,20,25,35,35,30,15,10,70,0,45.2,43.6,135,25,0,115,0,0,0,0,0,215,25,190,20,25,65,145,45,45,40,15,3.2
"130","35240243","DA","35240243",0.1725,497,175,161,"3524001","3524","5350608.00","35535",497,175,0.17,2881.2,10,10,20,15,15,15,10,20,25,20,15,25,10,35,0,40,42,160,155,0,0,10,0,0,0,0,220,20,120,10,20,15,140,60,30,45,10,3
"131","35240244","DA","35240244",0.341,765,272,253,"3524001","3524","5350611.00","35535",765,272,0.34,2243.4,10,25,20,30,30,25,10,25,40,30,30,35,20,70,0,41.6,42.8,250,235,0,0,20,0,0,0,0,360,40,170,10,30,25,215,80,60,50,25,3.1
"132","35240245","DA","35240245",0.1977,477,174,165,"3524001","3524","5350611.00","35535",477,174,0.2,2412.7,10,20,20,15,15,10,15,15,20,20,20,15,15,40,0,41.8,43.2,165,160,0,0,5,0,0,0,0,215,20,100,5,20,20,145,60,40,20,20,3
"133","35240246","DA","35240246",0.2174,496,162,153,"3524001","3524","5350611.00","35535",496,162,0.22,2281.5,10,20,20,25,10,10,10,15,20,25,25,15,10,35,0,38.8,40.4,150,150,0,0,0,0,0,0,0,215,25,120,5,15,15,140,40,40,40,20,3.3
"134","35240247","DA","35240247",0.0965,314,122,120,"3524001","3524","5350611.00","35535",314,122,0.1,3253.9,0,10,10,10,10,5,0,5,10,25,10,20,10,45,0,48.2,51.2,120,120,0,0,5,0,0,0,0,170,15,60,5,10,15,100,55,25,20,10,2.8
"135","35240248","DA","35240248",0.2646,564,185,182,"3524001","3524","5350611.00","35535",564,185,0.26,2131.5,20,15,20,25,15,5,15,20,15,25,25,20,30,35,10,39.8,44,180,175,0,0,10,0,0,0,0,275,15,125,10,25,20,165,55,45,50,20,3.2
"136","35240249","DA","35240249",0.1837,469,159,156,"3524001","3524","5350611.00","35535",469,159,0.18,2553.1,10,15,25,20,5,10,5,10,20,25,20,15,0,40,0,40.2,42,155,155,0,0,0,0,0,0,0,225,10,90,5,15,15,135,50,30,40,20,3.2
"137","35240250","DA","35240250",0.1715,474,159,154,"3524001","3524","5350610.03","35535",474,159,0.17,2763.8,15,25,15,10,10,15,10,15,15,25,15,25,20,25,0,39.6,44,155,145,0,0,10,0,0,0,0,225,25,95,10,10,5,135,45,30,40,20,3.2
"138","35240251","DA","35240251",0.2949,939,543,531,"3524001","3524","5350610.03","35535",939,543,0.29,3184.1,15,15,20,25,20,15,10,15,30,10,20,25,25,290,5,60.3,68.5,530,135,0,50,10,0,335,0,0,385,50,140,15,75,175,240,150,35,40,10,2.6
"139","35240252","DA","35240252",0.2358,528,232,221,"3524001","3524","5350610.03","35535",528,232,0.24,2239.2,10,10,10,15,20,15,20,5,15,15,25,25,25,55,5,45,48,220,95,30,35,5,55,0,0,0,245,40,125,10,30,15,160,90,20,40,5,2.8
"140","35240253","DA","35240253",0.077,861,528,500,"3524001","3524","5350610.03","35535",861,528,0.08,11181.8,10,5,10,15,20,20,15,20,30,20,35,45,60,185,10,55.7,60,500,10,25,70,0,55,340,0,0,315,75,185,40,110,85,235,170,40,25,5,2.4
"141","35240254","DA","35240254",0.1758,350,184,172,"3524001","3524","5350610.03","35535",350,184,0.18,1990.9,5,5,0,10,5,5,15,15,10,20,15,20,10,35,5,45.2,47.2,175,40,10,45,5,75,0,0,0,120,40,90,15,30,15,100,55,15,20,5,2.6
"142","35240255","DA","35240255",0.0806,996,606,578,"3524001","3524","5350610.04","35535",996,606,0.08,12357.3,5,0,5,0,5,15,5,10,5,10,10,20,20,500,5,73.8,78,575,0,0,75,0,0,500,0,0,395,35,115,35,110,270,225,190,25,10,0,2.2
"143","35240256","DA","35240256",0.312,550,190,185,"3524001","3524","5350610.04","35535",550,190,0.31,1762.8,10,10,25,25,10,5,10,10,20,25,25,20,20,45,10,43,47.2,185,180,0,0,0,0,0,0,0,275,30,105,5,10,20,165,60,35,55,15,3.2
"144","35240257","DA","35240257",0.0991,453,194,184,"3524001","3524","5350610.04","35535",453,194,0.1,4571.1,10,5,15,15,10,5,20,20,15,15,10,25,20,40,5,43.8,44.8,185,35,15,130,5,5,0,0,0,165,60,90,20,40,10,145,80,40,25,10,2.7
"145","35240258","DA","35240258",0.0629,214,96,94,"3524001","3524","5350610.04","35535",214,96,0.06,3402.2,0,0,5,5,5,10,5,0,5,5,15,5,15,45,0,55.2,62,90,10,5,70,0,5,0,0,0,125,10,35,0,20,10,70,50,15,10,0,2.5
"146","35240259","DA","35240259",0.144,1411,929,895,"3524001","3524","5350610.03","35535",1411,929,0.14,9798.6,5,5,10,5,10,20,25,15,15,20,25,60,55,535,10,67.4,72.5,895,5,0,70,0,110,705,0,0,675,90,185,45,150,230,425,385,30,10,5,2.1
"147","35240263","DA","35240263",0.1164,373,132,127,"3524001","3524","5350610.05","35535",373,132,0.12,3204.5,20,10,10,10,10,5,15,10,10,15,15,20,10,30,0,40.4,41.6,125,125,0,0,0,0,0,0,0,185,15,55,10,5,10,115,45,30,30,10,3
"148","35240265","DA","35240265",0.1107,377,132,131,"3524001","3524","5350610.05","35535",377,132,0.11,3405.6,5,5,15,10,15,0,5,10,10,10,15,20,15,40,0,44.6,48.4,135,130,0,0,0,0,0,0,0,215,15,65,0,10,10,125,55,35,30,10,2.9
"149","35240266","DA","35240266",0.2746,531,181,179,"3524001","3524","5350610.05","35535",531,181,0.27,1933.7,15,20,20,20,20,10,15,15,15,30,20,25,25,35,5,40.2,44.8,180,175,0,0,5,0,0,0,0,285,30,110,5,10,10,165,60,50,45,10,3
"150","35240267","DA","35240267",8.031,51,18,17,"3524001","3524","5350612.01","35535",51,18,8.03,6.4,0,0,0,5,0,0,0,0,0,5,5,5,0,5,0,42,38.4,15,15,0,0,0,0,0,0,0,20,5,15,0,0,0,15,5,0,0,5,3
"151","35240268","DA","35240268",0.9418,815,278,276,"3524001","3524","5350611.00","35535",815,278,0.94,865.4,20,25,25,20,25,10,20,35,35,30,35,35,25,80,5,43.4,44,275,265,0,0,15,0,0,0,0,420,20,170,15,20,30,245,95,70,65,20,3.1
"152","35240269","DA","35240269",2.6202,807,283,276,"3524001","3524","5350611.00","35535",807,283,2.62,308,10,25,30,25,25,15,15,25,25,40,30,25,25,85,5,43.7,45.6,275,265,0,0,5,0,0,0,0,370,35,185,20,25,35,245,105,45,70,20,3.1
"153","35240270","DA","35240270",0.5218,571,210,199,"3524001","3524","5350608.00","35535",571,210,0.52,1094.3,20,20,10,20,20,15,20,25,20,15,15,20,20,50,10,41.6,40.4,200,170,0,0,30,0,0,0,0,260,30,115,10,30,25,170,75,30,45,15,3
"154","35240271","DA","35240271",0.0889,318,107,106,"3524001","3524","5350611.00","35535",318,107,0.09,3577.1,10,10,5,10,5,5,5,10,20,5,10,15,10,35,5,43.6,44.8,110,110,0,0,0,0,0,0,0,180,10,50,0,5,5,100,45,25,25,10,3
"155","35240272","DA","35240272",2.937,1430,547,536,"3524001","3524","5350612.03","35535",1430,547,2.94,486.9,20,35,55,50,35,35,30,45,50,75,60,75,55,125,10,43.2,46.4,535,210,0,235,0,85,0,0,0,695,45,310,20,75,60,430,185,100,110,30,3
"156","35240273","DA","35240273",0.0589,251,80,80,"3524001","3524","5350612.03","35535",251,80,0.06,4261.5,0,5,10,5,10,5,0,5,10,10,15,15,15,15,5,44.8,49.2,80,80,0,0,0,0,0,0,0,140,0,60,0,5,5,75,25,15,25,10,3.3
"157","35240274","DA","35240274",0.1387,498,167,155,"3524001","3524","5350612.03","35535",498,167,0.14,3590.5,10,15,25,30,20,10,15,20,15,20,25,20,20,25,0,37.6,39.2,155,90,0,65,0,0,0,0,0,195,15,135,10,20,15,145,45,25,50,20,3.3
"158","35240275","DA","35240275",0.157,572,164,163,"3524001","3524","5350612.03","35535",572,164,0.16,3643.3,10,15,25,25,15,15,0,15,20,20,35,15,15,60,5,42.4,46,160,145,0,15,5,0,0,0,0,275,15,145,10,15,25,170,55,40,50,20,3.3
"159","35240276","DA","35240276",0.2116,486,145,145,"3524001","3524","5350612.03","35535",486,145,0.21,2296.8,15,15,20,15,10,10,5,15,5,20,25,25,20,45,0,41.8,47.2,145,125,0,20,0,0,0,0,0,255,10,110,5,10,5,145,50,35,45,25,3.2
"160","35240277","DA","35240277",0.1153,642,249,236,"3524001","3524","5350612.03","35535",642,249,0.12,5568.1,20,20,25,30,30,20,15,15,25,30,30,30,30,55,0,40.6,42.4,235,50,0,55,0,0,135,0,0,205,20,195,30,50,30,185,70,55,40,20,3.1
"161","35240278","DA","35240278",0.0626,265,81,80,"3524001","3524","5350612.03","35535",265,81,0.06,4233.2,0,5,5,15,10,5,0,5,5,10,15,15,10,30,0,43.6,47.2,80,65,0,15,0,0,0,0,0,140,5,75,0,0,5,80,30,20,20,10,3.2
"162","35240279","DA","35240279",0.141,475,155,154,"3524001","3524","5350612.03","35535",475,155,0.14,3368.8,10,15,15,20,15,10,5,20,10,25,25,20,15,45,0,41.8,46,155,115,0,30,0,0,0,0,0,230,15,125,5,15,10,140,50,25,40,20,3.2
"163","35240280","DA","35240280",0.0983,581,188,182,"3524001","3524","5350612.03","35535",581,188,0.1,5910.5,10,15,25,30,20,10,10,20,25,40,25,20,15,35,0,39.4,43.6,180,100,5,55,0,20,0,0,0,265,20,135,15,25,10,165,55,45,50,20,3.2
"164","35240281","DA","35240281",0.1361,562,173,169,"3524001","3524","5350612.03","35535",562,173,0.14,4129.3,5,15,20,25,30,10,15,10,20,20,25,35,20,35,5,40.2,42.4,170,155,5,10,0,0,0,0,0,295,5,145,5,10,15,165,45,40,60,15,3.3
"165","35240282","DA","35240282",0.0871,346,104,102,"3524001","3524","5350612.03","35535",346,104,0.09,3972.4,0,5,15,25,10,5,5,0,10,25,20,20,5,20,5,40,45.2,105,90,0,10,0,0,0,0,0,165,10,100,0,10,5,95,25,25,35,15,3.5
"166","35240284","DA","35240284",0.498,1274,528,513,"3524001","3524","5350612.14","35535",1274,528,0.5,2558.2,20,25,40,45,30,30,35,55,55,60,60,40,55,95,5,41.7,43.6,510,110,5,60,5,330,0,0,0,525,65,330,40,85,30,370,170,90,80,30,2.9
"167","35240285","DA","35240285",0.3008,593,175,173,"3524001","3524","5350612.14","35535",593,175,0.3,1971.4,10,15,30,25,20,15,15,10,20,35,25,20,25,35,5,38.4,43.2,175,140,0,35,0,0,0,0,0,300,20,140,5,15,10,170,55,35,50,25,3.3
"168","35240286","DA","35240286",0.439,780,247,240,"3524001","3524","5350612.13","35535",780,247,0.44,1776.8,15,20,40,20,30,10,5,20,25,40,35,30,35,55,10,40.8,44.8,240,240,0,0,5,0,0,0,0,420,15,160,5,10,20,225,80,50,65,35,3.3
"169","35240287","DA","35240287",0.1578,606,188,184,"3524001","3524","5350612.13","35535",606,188,0.16,3840.3,5,10,30,35,15,10,5,5,25,30,25,25,15,55,0,41.8,45.6,185,185,0,0,0,0,0,0,0,345,5,130,0,0,5,175,65,35,60,20,3.3
"170","35240288","DA","35240288",0.0952,363,117,115,"3524001","3524","5350612.13","35535",363,117,0.1,3813,5,10,15,20,15,10,5,10,15,20,15,25,15,20,5,41,45.2,115,115,0,0,0,0,0,0,0,190,0,80,5,5,5,100,30,25,35,15,3.3
"171","35240289","DA","35240289",0.2719,954,465,457,"3524001","3524","5350612.13","35535",954,465,0.27,3508.6,10,20,30,35,20,35,40,35,25,45,40,35,35,115,5,44.9,46.4,460,80,0,35,0,345,0,0,0,350,60,230,35,65,80,260,125,80,45,10,2.8
"172","35240290","DA","35240290",0.1236,572,256,254,"3524001","3524","5350612.13","35535",572,256,0.12,4627.8,5,5,15,20,5,10,10,5,15,10,10,15,25,150,5,57.6,64.5,255,80,0,30,0,0,145,0,0,310,25,105,5,15,65,180,115,25,25,15,2.7
"173","35240291","DA","35240291",0.2353,544,179,178,"3524001","3524","5350612.05","35535",544,179,0.24,2311.9,15,20,20,15,15,10,15,10,15,20,30,20,25,45,5,41.2,45.2,180,125,0,50,0,0,0,0,0,305,10,105,5,15,5,170,65,35,55,10,3.1
"174","35240292","DA","35240292",0.2694,951,305,301,"3524001","3524","5350612.05","35535",951,305,0.27,3530.1,15,25,35,30,30,15,15,20,35,35,35,35,45,160,10,50.1,51.2,305,195,0,55,0,5,50,0,0,490,25,160,10,20,85,260,100,60,80,20,3.1
"175","35240293","DA","35240293",1.2844,716,282,278,"3524001","3524","5350612.05","35535",716,282,1.28,557.5,5,10,20,20,30,10,5,15,20,30,35,30,40,110,5,49.7,54,275,125,0,150,0,0,0,0,0,420,35,145,10,20,15,240,145,35,40,20,2.8
"176","35240297","DA","35240297",0.0868,403,147,146,"3524001","3524","5350612.05","35535",403,147,0.09,4642.9,5,10,10,10,15,5,5,15,15,20,15,20,25,45,0,46,49.6,145,60,0,90,0,0,0,0,0,170,15,105,15,20,15,125,55,30,30,10,3
"177","35240298","DA","35240298",0.3467,661,216,213,"3524001","3524","5350612.05","35535",661,216,0.35,1906.5,15,20,20,20,20,15,5,15,25,25,30,25,25,70,0,43.9,46.8,215,215,0,0,0,0,0,0,0,360,15,140,10,10,15,205,80,45,65,20,3.1
"178","35240299","DA","35240299",0.2253,600,194,194,"3524001","3524","5350612.05","35535",600,194,0.23,2663.1,5,10,25,20,10,5,5,10,25,20,25,25,30,60,5,46,50.4,195,195,0,0,0,0,0,0,0,350,15,125,5,10,5,195,80,45,50,15,3
"179","35240301","DA","35240301",0.9905,1084,361,357,"3524001","3524","5350612.14","35535",1084,361,0.99,1094.4,20,40,25,50,45,15,15,35,35,60,55,50,35,85,10,41.1,44.4,355,210,60,85,5,0,0,0,0,535,30,260,15,40,35,310,105,80,105,30,3.2
"180","35240302","DA","35240302",0.1603,629,187,185,"3524001","3524","5350612.14","35535",629,187,0.16,3923.9,5,20,25,20,15,10,5,20,35,25,25,20,20,45,10,40.8,43.2,185,185,0,0,0,0,0,0,0,340,5,130,10,10,10,185,45,50,75,10,3.3
"181","35240303","DA","35240303",0.0917,407,126,125,"3524001","3524","5350612.14","35535",407,126,0.09,4438.4,0,15,15,30,10,10,10,10,15,15,20,15,10,35,5,41.2,44,125,80,0,40,0,0,0,0,0,200,5,110,5,10,10,115,30,30,40,15,3.4
"182","35240304","DA","35240304",0.1297,488,153,153,"3524001","3524","5350612.13","35535",488,153,0.13,3762.5,0,20,20,25,15,10,5,10,20,25,20,20,20,45,5,42.4,45.6,155,155,0,0,0,0,0,0,0,270,10,105,0,0,10,145,50,40,40,20,3.2
"183","35240305","DA","35240305",0.0737,324,99,99,"3524001","3524","5350612.14","35535",324,99,0.07,4396.2,10,15,10,15,10,5,5,10,10,15,15,10,10,25,5,39.2,42.4,100,100,0,0,0,0,0,0,0,160,15,75,5,5,10,95,30,25,30,15,3.2
"184","35240307","DA","35240307",0.1042,1008,423,415,"3524001","3524","5350612.05","35535",1008,423,0.1,9673.7,30,45,35,35,30,35,40,35,50,45,50,50,35,65,0,39,40.8,415,0,0,95,0,0,325,0,0,255,35,310,50,95,30,290,135,80,45,30,2.9
"185","35240510","DA","35240510",0.1603,547,188,186,"3524001","3524","5350610.06","35535",547,188,0.16,3412.4,20,10,20,20,10,5,10,15,20,15,20,25,20,55,0,43.2,46,190,185,0,0,0,0,0,0,0,300,15,90,5,15,15,165,70,50,35,15,3
"186","35240577","DA","35240577",0.6841,627,217,202,"3524001","3524","5350609.00","35535",627,217,0.68,916.5,5,10,25,30,30,15,5,10,15,35,35,35,20,50,5,42.6,47.2,200,195,0,5,10,0,0,0,0,310,15,155,5,25,20,180,60,35,60,25,3.3
"187","35240578","DA","35240578",0.396,584,197,185,"3524001","3524","5350609.00","35535",584,197,0.4,1474.7,10,10,25,30,15,5,10,15,20,20,35,20,20,50,5,42.4,46.4,185,180,0,0,0,0,0,0,0,290,20,135,0,10,15,165,60,30,50,25,3.3
"188","35240579","DA","35240579",0.4339,511,201,195,"3524001","3524","5350609.00","35535",511,201,0.43,1177.7,5,15,15,15,20,5,10,15,15,25,20,15,10,85,5,49.4,50,195,135,0,55,0,0,0,0,0,250,5,105,10,20,50,135,60,25,25,25,3.2
"189","35240580","DA","35240580",0.3265,609,202,193,"3524001","3524","5350609.00","35535",609,202,0.33,1865.2,5,10,40,35,20,15,10,10,20,35,35,20,20,45,0,39.5,42.8,190,190,0,0,5,0,0,0,0,310,15,150,5,15,15,175,70,35,40,30,3.2
"190","35240581","DA","35240581",0.316,612,189,187,"3524001","3524","5350609.00","35535",612,189,0.32,1936.7,10,15,25,25,30,10,5,10,20,35,20,35,20,40,0,40.6,44,185,185,0,0,0,0,0,0,0,300,15,150,5,5,20,170,50,40,60,30,3.4
"191","35240582","DA","35240582",0.2216,493,191,185,"3524001","3524","5350610.04","35535",493,191,0.22,2224.7,5,20,10,5,15,15,10,15,10,15,25,25,15,60,5,48,52.8,185,185,0,0,5,0,0,0,0,225,20,120,5,20,25,145,60,45,25,10,2.9
"192","35240583","DA","35240583",0.2159,522,189,174,"3524001","3524","5350610.04","35535",522,189,0.22,2417.8,10,15,15,15,20,5,10,15,20,20,20,20,20,50,0,42.4,46,175,165,0,0,10,0,0,0,0,265,20,95,10,15,20,160,60,40,50,10,3.1
"193","35240584","DA","35240584",0.3688,669,272,253,"3524001","3524","5350605.00","35535",669,272,0.37,1814,10,10,15,30,30,20,10,15,20,35,35,30,25,85,5,46.4,49.2,250,160,0,0,5,90,0,0,0,310,35,175,10,25,40,195,85,45,40,20,3
"194","35240585","DA","35240585",0.8123,805,329,314,"3524001","3524","5350605.00","35535",805,329,0.81,991,10,10,20,25,25,20,10,5,15,25,30,50,45,135,5,50.5,57.2,315,185,0,50,10,0,60,0,0,450,40,170,15,25,35,260,150,45,35,30,2.8
"195","35240586","DA","35240586",0.2036,532,231,222,"3524001","3524","5350605.00","35535",532,231,0.2,2613,10,20,15,10,20,10,20,10,15,15,25,15,25,60,5,44.4,48,220,55,0,135,0,40,0,0,0,240,40,115,20,35,20,165,90,40,30,5,2.7
"196","35240587","DA","35240587",0.1439,538,299,284,"3524001","3524","5350605.00","35535",538,299,0.14,3738.7,5,0,5,15,20,20,10,10,5,5,15,20,30,125,5,55.4,62,285,65,0,60,0,55,75,25,0,260,40,100,10,50,45,170,115,30,15,5,2.4
"197","35240588","DA","35240588",0.0729,248,178,146,"3524001","3524","5350603.00","35535",248,178,0.07,3401.9,5,5,0,0,0,5,5,10,5,10,5,10,15,75,0,59.2,66,145,55,15,5,0,0,65,0,0,110,10,40,5,40,25,75,55,10,5,0,2.3
"198","35240589","DA","35240589",0.1498,856,519,504,"3524001","3524","5350603.00","35535",856,519,0.15,5714.3,10,20,15,15,15,10,15,20,20,25,25,30,25,285,0,59.5,68,500,55,20,25,5,70,330,0,0,260,45,180,30,130,140,170,110,25,30,5,2.6
"199","35240600","DA","35240600",2.1642,1025,392,380,"3524001","3524","5350614.02","35535",1025,392,2.16,473.6,25,20,35,30,35,35,40,40,35,35,40,30,45,100,10,41.9,42,380,215,0,0,0,160,0,0,0,465,55,245,10,45,35,300,120,85,70,20,3
"200","35240601","DA","35240601",0.6641,1856,966,895,"3524001","3524","5350613.04","35535",1856,966,0.66,2794.8,25,35,30,35,125,70,60,55,40,40,50,55,55,295,10,46.1,45.6,895,105,0,55,5,0,735,0,0,630,120,590,60,150,130,460,275,95,60,30,2.7
"201","35240602","DA","35240602",0.7209,870,305,302,"3524001","3524","5350612.05","35535",870,305,0.72,1206.8,15,15,35,40,25,15,25,20,35,45,40,30,45,75,10,42.5,45.6,300,165,0,140,0,0,0,0,0,420,35,200,15,30,25,255,85,75,65,20,3.1
"202","35240604","DA","35240604",0.1181,396,124,123,"3524001","3524","5350612.12","35535",396,124,0.12,3353.1,10,10,15,15,15,10,10,10,15,15,30,25,10,10,0,38.2,41.2,120,120,0,0,0,0,0,0,0,195,5,105,5,5,5,115,20,40,40,10,3.4
"203","35240605","DA","35240605",0.0999,439,139,139,"3524001","3524","5350612.12","35535",439,139,0.1,4394.4,5,10,20,20,20,5,10,10,10,25,25,30,20,20,0,41.4,46.4,140,130,5,0,0,0,0,0,0,215,30,105,0,10,10,130,40,35,40,15,3.2
"204","35240606","DA","35240606",0.0804,369,112,110,"3524001","3524","5350612.12","35535",369,112,0.08,4589.6,5,10,15,15,15,5,5,10,10,10,20,20,10,15,5,39.8,42.8,110,110,0,0,0,0,0,0,0,185,10,90,5,10,10,110,30,40,35,10,3.2
"205","35240607","DA","35240607",0.127,592,196,193,"3524001","3524","5350612.12","35535",592,196,0.13,4661.4,15,10,15,30,25,20,15,10,20,15,30,40,15,40,0,40,40.8,195,60,45,90,0,0,0,0,0,290,10,155,5,20,25,170,50,55,55,15,3.3
"206","35240608","DA","35240608",0.0621,321,99,99,"3524001","3524","5350612.12","35535",321,99,0.06,5169.1,5,5,5,15,20,10,5,5,15,10,20,20,10,15,5,41.2,44.8,100,65,0,35,0,0,0,0,0,155,15,75,10,5,10,100,35,20,30,10,3.2
"207","35240609","DA","35240609",0.1117,439,130,129,"3524001","3524","5350612.12","35535",439,130,0.11,3930.2,10,10,10,30,20,10,10,15,15,20,30,25,15,10,5,38.6,41.2,130,130,0,0,0,0,0,0,0,210,15,130,5,15,5,130,35,35,50,10,3.3
"208","35240610","DA","35240610",0.1707,409,127,126,"3524001","3524","5350612.27","35535",409,127,0.17,2396,5,10,10,5,10,15,5,15,10,20,10,25,20,30,0,43.8,46.4,125,125,0,0,0,0,0,0,0,210,10,100,5,5,20,125,45,40,30,10,3.1
"209","35240611","DA","35240611",0.2353,1051,333,332,"3524001","3524","5350612.27","35535",1051,333,0.24,4466.6,30,45,45,50,25,20,40,55,40,40,50,30,25,35,5,35.1,36,335,185,45,80,0,20,0,0,0,475,40,220,20,35,15,295,85,85,90,30,3.3
"210","35240612","DA","35240612",0.0674,349,110,109,"3524001","3524","5350612.27","35535",349,110,0.07,5178,10,10,15,10,10,0,10,10,15,15,25,10,10,20,0,40.2,44,105,85,15,10,0,0,0,0,0,200,5,70,5,10,5,105,40,35,35,0,3
"211","35240613","DA","35240613",0.2169,469,145,143,"3524001","3524","5350612.27","35535",469,145,0.22,2162.3,5,15,20,20,20,10,5,10,20,30,20,25,15,15,0,37.2,40.8,145,115,0,25,0,0,0,0,0,225,25,110,10,10,0,130,30,30,50,20,3.5
"212","35240614","DA","35240614",0.1672,369,111,110,"3524001","3524","5350612.27","35535",369,111,0.17,2206.9,5,10,30,15,15,10,5,15,10,15,15,15,10,25,0,38.4,39.6,110,80,0,25,0,5,0,0,0,195,0,85,0,5,5,105,30,25,40,15,3.4
"213","35240615","DA","35240615",0.2346,924,322,317,"3524001","3524","5350613.03","35535",924,322,0.23,3938.6,25,15,35,40,30,25,35,25,35,30,35,35,40,70,10,39.7,40,320,130,40,135,10,0,0,0,0,375,65,245,15,40,30,260,100,75,65,20,3
"214","35240616","DA","35240616",0.2355,565,183,183,"3524001","3524","5350600.02","35535",565,183,0.24,2399.2,15,15,25,25,20,10,10,25,15,25,25,15,30,40,5,41,44.4,180,135,40,0,5,0,0,0,0,290,25,120,5,15,15,170,65,40,50,15,3.1
"215","35240619","DA","35240619",1.2597,1269,411,404,"3524001","3524","5350612.11","35535",1269,411,1.26,1007.4,30,30,40,65,35,25,15,30,30,75,70,60,40,90,5,41.2,45.6,405,315,0,85,0,0,0,0,0,675,35,295,15,25,20,380,140,80,115,45,3.2
"216","35240620","DA","35240620",0.1717,381,117,116,"3524001","3524","5350612.11","35535",381,117,0.17,2219,5,5,15,15,15,10,5,5,15,20,15,20,15,35,5,43.2,46.4,115,110,0,0,0,0,0,0,0,215,5,90,5,5,5,115,35,25,45,10,3.2
"217","35240688","DA","35240688",0.1401,1190,379,368,"3524001","3524","5350612.22","35535",1190,379,0.14,8493.9,40,55,80,50,30,15,35,55,90,70,45,20,10,40,0,32.7,36,370,50,0,320,0,0,0,0,0,520,40,210,25,45,20,340,85,95,125,30,3.3
"218","35240689","DA","35240689",0.0943,779,230,229,"3524001","3524","5350612.23","35535",779,230,0.09,8260.9,20,30,40,30,20,15,30,35,35,45,30,15,15,35,0,35.4,38,230,110,0,120,0,0,0,0,0,375,30,160,5,15,15,220,60,50,80,25,3.4
"219","35240691","DA","35240691",0.2696,1138,389,374,"3524001","3524","5350612.23","35535",1138,389,0.27,4221.1,15,30,30,45,30,25,20,35,40,40,40,25,25,230,0,52.2,50.4,375,155,0,195,0,0,20,0,0,500,45,195,20,45,170,270,95,75,70,30,3.1
"220","35240695","DA","35240695",0.074,612,210,207,"3524001","3524","5350612.21","35535",612,210,0.07,8270.3,20,20,20,20,20,10,10,25,35,40,30,15,15,20,5,36.8,40.4,205,60,0,145,0,0,0,0,0,280,15,135,15,25,10,170,50,55,50,15,3.2
"221","35240696","DA","35240696",0.2295,775,210,209,"3524001","3524","5350612.21","35535",775,210,0.23,3376.9,10,15,40,50,40,5,10,25,30,50,40,30,10,30,0,35.8,38.4,205,190,15,0,0,0,0,0,0,380,15,195,5,5,10,210,40,40,100,30,3.6
"222","35240697","DA","35240697",0.2133,938,304,301,"3524001","3524","5350612.21","35535",938,304,0.21,4397.6,20,35,50,40,30,20,20,40,35,60,40,30,25,50,0,37.5,40,300,65,80,155,0,0,0,0,0,430,30,195,15,50,25,275,90,85,80,25,3.2
"223","35240698","DA","35240698",0.2319,1127,357,356,"3524001","3524","5350612.20","35535",1127,357,0.23,4859.9,20,45,45,65,30,15,30,40,40,60,60,40,25,75,5,38.1,40,355,215,40,100,0,0,0,0,0,530,40,260,15,40,30,325,90,90,110,35,3.3
"224","35240699","DA","35240699",0.1922,990,294,294,"3524001","3524","5350612.18","35535",990,294,0.19,5150.9,25,30,55,55,25,15,20,30,45,60,50,35,30,35,5,36.2,39.2,295,225,60,10,0,0,0,0,0,470,30,225,20,35,15,280,70,75,120,25,3.3
"225","35240700","DA","35240700",0.0984,590,183,182,"3524001","3524","5350612.19","35535",590,183,0.1,5995.9,15,30,25,30,20,10,10,25,20,30,35,20,15,30,5,36,38,185,185,0,0,0,0,0,0,0,280,15,125,5,20,10,170,50,40,65,15,3.3
"226","35240701","DA","35240701",0.0953,563,162,160,"3524001","3524","5350612.19","35535",563,162,0.1,5907.7,10,15,25,30,25,10,5,10,25,25,40,25,10,15,5,36.6,40.8,160,155,0,0,0,0,0,0,0,275,25,145,5,10,0,160,40,40,65,20,3.4
"227","35240705","DA","35240705",0.1924,685,226,224,"3524001","3524","5350612.19","35535",685,226,0.19,3560.3,15,15,25,15,25,10,15,35,30,30,20,35,20,55,5,41.3,41.6,220,105,0,115,0,0,0,0,0,325,25,150,15,25,20,200,65,45,70,15,3.2
"228","35240706","DA","35240706",0.1277,606,205,200,"3524001","3524","5350612.19","35535",606,205,0.13,4745.5,10,15,20,40,20,5,10,35,25,30,35,30,20,35,5,39.4,41.6,200,130,20,50,0,0,0,0,0,255,20,165,10,30,15,190,65,55,55,5,3.1
"229","35240707","DA","35240707",0.1768,722,216,210,"3524001","3524","5350612.20","35535",722,216,0.18,4083.7,15,25,20,30,25,15,15,25,35,35,40,25,30,25,5,37.9,41.2,210,155,60,0,0,0,0,0,0,355,15,170,10,20,10,200,45,55,80,25,3.4
"230","35240708","DA","35240708",0.2033,760,210,209,"3524001","3524","5350612.20","35535",760,210,0.2,3738.3,10,25,35,55,35,15,5,15,30,50,40,35,20,25,0,36.8,41.6,205,205,0,0,0,0,0,0,0,390,5,215,5,15,10,210,45,40,95,30,3.5
"231","35240709","DA","35240709",0.1883,681,222,220,"3524001","3524","5350612.20","35535",681,222,0.19,3616.6,5,10,25,35,25,10,10,15,25,30,30,40,20,55,5,42.9,47.2,220,220,0,0,0,0,0,0,0,360,15,155,5,20,15,200,70,45,70,15,3.2
"232","35240710","DA","35240710",0.1798,581,189,187,"3524001","3524","5350612.20","35535",581,189,0.18,3231.4,15,15,15,25,25,10,10,15,15,20,30,30,30,30,5,40.4,43.6,190,100,25,65,0,0,0,0,0,305,20,130,5,20,10,180,65,55,60,5,3.1
"233","35240711","DA","35240711",0.1415,670,206,205,"3524001","3524","5350612.23","35535",670,206,0.14,4735,15,25,30,25,25,20,15,25,25,35,45,30,15,25,5,36.8,39.2,205,205,0,0,0,0,0,0,0,300,30,170,10,20,15,190,45,60,65,20,3.4
"234","35240712","DA","35240712",0.0971,511,163,160,"3524001","3524","5350612.23","35535",511,163,0.1,5262.6,5,15,20,20,10,10,15,15,25,25,30,15,15,25,0,39.2,42.4,160,115,25,20,0,0,0,0,0,250,15,120,5,15,5,145,50,30,45,20,3.3
"235","35240713","DA","35240713",0.4946,869,267,263,"3524001","3524","5350612.18","35535",869,267,0.49,1757,25,35,45,50,35,20,20,20,30,50,40,40,20,40,5,36.5,38.4,265,225,0,40,0,0,0,0,0,400,35,200,15,15,20,245,70,60,75,35,3.3
"236","35240714","DA","35240714",0.1028,563,176,175,"3524001","3524","5350612.18","35535",563,176,0.1,5476.7,10,15,35,25,15,5,10,20,35,45,25,10,10,25,0,37.4,41.6,175,175,0,0,0,0,0,0,0,265,35,110,5,15,10,165,45,35,60,15,3.3
"237","35240715","DA","35240715",0.166,898,311,304,"3524001","3524","5350612.18","35535",898,311,0.17,5409.6,10,25,35,45,15,25,30,35,45,55,40,25,30,35,0,38.1,40,305,30,55,225,0,0,0,0,0,385,25,230,25,40,15,250,65,85,85,20,3.3
"238","35240716","DA","35240716",0.2302,762,188,188,"3524001","3524","5350612.18","35535",762,188,0.23,3310.2,10,15,30,20,15,20,15,15,35,40,25,25,15,110,10,48.2,48.4,190,190,0,0,0,0,0,0,0,375,15,155,5,20,70,180,45,45,75,20,3.4
"239","35240760","DA","35240760",4.2032,44,20,17,"3524001","3524","5350612.10","35535",44,20,4.2,10.5,0,0,0,0,5,0,0,0,0,0,5,0,5,5,0,44,NA,20,20,0,0,0,0,0,0,0,15,0,15,5,5,0,10,10,0,0,5,3
"240","35240761","DA","35240761",0.3946,328,106,104,"3524001","3524","5350612.18","35535",328,106,0.39,831.2,5,10,10,20,10,5,5,5,10,15,15,20,10,30,5,41,45.2,105,85,0,20,0,0,0,0,0,165,10,85,0,10,5,100,40,25,25,15,3.2
"241","35240762","DA","35240762",0.3542,524,153,153,"3524001","3524","5350612.19","35535",524,153,0.35,1479.4,10,15,20,30,20,10,10,10,20,25,25,20,25,20,5,39.2,43.6,155,125,10,15,0,0,0,0,0,255,15,140,5,10,10,150,35,35,50,25,3.4
"242","35240765","DA","35240765",0.0703,431,132,129,"3524001","3524","5350612.20","35535",431,132,0.07,6130.9,15,20,15,20,10,5,10,20,15,15,30,10,15,15,0,36.2,38.8,130,80,0,50,0,0,0,0,0,205,20,95,5,15,10,120,35,30,50,10,3.3
"243","35240766","DA","35240766",0.1502,1040,372,368,"3524001","3524","5350612.19","35535",1040,372,0.15,6924.1,30,40,35,15,30,25,30,45,40,50,35,45,30,75,0,40,41.2,370,35,55,280,0,0,0,0,0,490,35,200,30,45,20,300,105,85,85,25,3.1
"244","35240767","DA","35240767",0.2171,823,250,246,"3524001","3524","5350612.11","35535",823,250,0.22,3790.9,15,35,25,25,25,15,20,25,35,45,40,35,30,35,0,39,42.4,245,185,0,55,5,0,0,0,0,395,20,190,10,20,25,235,65,60,80,25,3.4
"245","35240768","DA","35240768",0.1497,492,137,136,"3524001","3524","5350612.11","35535",492,137,0.15,3286.6,15,15,25,25,30,10,5,10,15,25,45,20,5,15,0,36.6,40,135,135,0,0,0,0,0,0,0,235,15,130,5,10,5,140,25,40,55,15,3.5
"246","35240769","DA","35240769",0.0861,454,134,132,"3524001","3524","5350612.11","35535",454,134,0.09,5272.9,10,15,20,30,15,10,5,10,15,35,25,15,10,15,0,36.6,41.6,135,135,0,0,0,0,0,0,0,210,20,110,5,10,10,125,20,35,55,15,3.5
"247","35240770","DA","35240770",1.0685,1162,306,302,"3524001","3524","5350612.28","35535",1162,306,1.07,1087.5,20,25,65,65,40,20,15,15,50,55,75,35,35,60,5,38.3,42,300,290,0,15,0,0,0,0,0,575,15,290,10,20,30,310,65,75,115,55,3.6
"248","35240771","DA","35240771",0.1581,778,221,215,"3524001","3524","5350612.29","35535",778,221,0.16,4920.9,20,35,45,35,20,10,15,25,40,45,40,10,10,30,5,34.2,37.6,215,90,0,125,0,0,0,0,0,385,10,155,5,10,15,205,40,45,85,35,3.6
"249","35240772","DA","35240772",0.2587,876,228,225,"3524001","3524","5350612.28","35535",876,228,0.26,3386.2,15,20,50,50,40,10,15,15,25,60,50,35,10,30,5,36.4,39.2,225,225,0,0,0,0,0,0,0,440,5,225,5,10,15,240,50,50,95,40,3.6
"250","35240773","DA","35240773",0.1773,954,236,232,"3524001","3524","5350612.29","35535",954,236,0.18,5380.7,10,35,40,65,40,20,10,25,40,60,55,20,20,40,0,36.8,39.2,230,230,0,0,0,0,0,0,0,460,5,245,0,10,20,240,40,45,105,55,3.8
"251","35240774","DA","35240774",0.2762,917,276,272,"3524001","3524","5350612.28","35535",917,276,0.28,3320.1,15,30,45,50,40,25,10,20,35,50,45,35,35,60,5,38.7,41.2,270,190,0,80,5,0,0,0,0,445,20,235,10,25,25,255,70,55,90,35,3.4
"252","35240776","DA","35240776",0.1969,1655,717,682,"3524001","3524","5350612.29","35535",1655,717,0.2,8405.3,25,30,65,70,55,40,40,45,75,90,80,55,60,185,10,43.8,45.6,685,140,55,135,5,0,350,0,0,725,50,400,55,100,80,475,225,100,120,30,2.9
"253","35240777","DA","35240777",0.1902,784,217,214,"3524001","3524","5350612.25","35535",784,217,0.19,4122,15,25,45,40,25,15,5,15,25,45,55,30,15,40,5,38,42.4,215,210,0,0,5,0,0,0,0,410,0,190,10,10,15,220,50,45,95,25,3.5
"254","35240779","DA","35240779",0.4706,865,250,244,"3524001","3524","5350612.25","35535",865,250,0.47,1838.1,15,25,20,45,35,25,10,15,25,35,60,35,35,45,5,39.9,44.4,240,205,0,40,0,0,0,0,0,455,15,245,5,10,15,240,70,50,90,35,3.4
"255","35240786","DA","35240786",0.6738,2067,1156,925,"3524001","3524","5350612.26","35535",2067,1156,0.67,3067.7,100,90,50,35,40,105,165,160,95,65,40,30,30,70,5,32.9,33.6,925,0,0,125,0,595,205,0,0,860,140,420,60,90,45,590,280,160,125,20,2.8
"256","35240787","DA","35240787",0.2197,1627,688,649,"3524001","3524","5350612.26","35535",1627,688,0.22,7405.6,35,30,25,25,25,65,75,65,55,40,45,35,40,325,5,52.4,50,645,50,50,70,0,400,80,0,0,705,115,265,50,95,205,410,245,100,50,15,2.6
"257","35240788","DA","35240788",0.0734,654,230,226,"3524001","3524","5350612.26","35535",654,230,0.07,8910.1,25,35,30,25,20,15,20,25,25,35,35,20,10,20,0,34.1,35.6,225,40,115,75,0,0,0,0,0,295,30,135,10,30,15,195,60,55,60,15,3.1
"258","35240789","DA","35240789",0.0851,1464,756,732,"3524001","3524","5350612.26","35535",1464,756,0.09,17203.3,30,35,30,35,30,35,85,55,60,55,70,65,50,155,0,44.5,44.8,730,60,100,135,0,40,390,0,0,575,65,360,30,135,95,400,205,105,75,10,2.7
"259","35240790","DA","35240790",0.0752,561,226,222,"3524001","3524","5350612.26","35535",561,226,0.08,7460.1,15,10,20,20,20,25,20,20,20,25,25,20,15,50,0,41.2,42.4,220,45,60,70,0,45,0,0,0,260,15,120,5,35,25,170,75,40,40,10,2.9
"260","35240816","DA","35240816",0.3146,524,206,203,"3524001","3524","5350612.08","35535",524,206,0.31,1665.6,15,15,25,15,15,15,15,25,20,25,25,20,20,35,0,40.8,41.6,200,0,0,200,0,0,0,0,0,210,15,130,15,40,15,145,60,45,25,15,3
"261","35240817","DA","35240817",0.1466,651,170,166,"3524001","3524","5350612.08","35535",651,170,0.15,4440.7,5,15,15,25,20,15,15,5,25,30,25,20,20,90,5,49.1,48,165,135,0,20,5,10,0,0,0,340,20,145,10,15,50,155,50,40,45,15,3.2
"262","35240818","DA","35240818",0.1041,542,151,149,"3524001","3524","5350612.08","35535",542,151,0.1,5206.5,15,15,20,25,25,15,10,20,20,25,35,25,20,20,5,38.4,41.2,145,145,0,0,5,0,0,0,0,260,10,150,10,10,5,150,40,45,45,20,3.4
"263","35240819","DA","35240819",0.2803,913,296,291,"3524001","3524","5350612.08","35535",913,296,0.28,3257.2,15,35,45,30,30,20,15,25,45,35,45,35,30,60,5,39.3,42.4,290,125,10,155,0,0,0,0,0,420,30,205,25,30,20,255,75,70,75,30,3.3
"264","35240820","DA","35240820",0.1368,638,214,212,"3524001","3524","5350612.08","35535",638,214,0.14,4663.7,15,25,30,25,20,10,15,30,40,20,30,20,20,35,0,37,39.2,215,20,0,190,0,0,0,0,0,220,20,175,15,45,10,185,65,55,50,20,3.1
"265","35240849","DA","35240849",0.1209,870,240,231,"3524001","3524","5350612.22","35535",870,240,0.12,7196,20,40,60,35,15,15,15,30,65,50,25,25,10,30,0,33.8,38,235,200,0,30,0,0,0,0,0,410,20,155,10,15,20,235,55,45,95,40,3.5
"266","35240850","DA","35240850",0.2362,1022,283,281,"3524001","3524","5350612.21","35535",1022,283,0.24,4326.8,15,40,50,70,40,15,5,35,40,70,60,25,20,40,0,35.9,39.2,280,240,20,15,0,0,0,0,0,500,15,260,5,25,25,270,50,60,110,45,3.6
"267","35240851","DA","35240851",0.1143,652,180,179,"3524001","3524","5350612.21","35535",652,180,0.11,5704.3,20,15,25,50,20,10,5,15,30,45,40,25,10,20,0,36.6,42.8,180,135,45,0,0,0,0,0,0,325,10,160,5,15,5,180,35,45,75,25,3.5
"268","35240852","DA","35240852",0.1054,619,197,196,"3524001","3524","5350612.23","35535",619,197,0.11,5872.9,15,20,20,30,15,10,25,20,25,30,30,25,20,30,0,38.4,40.4,195,125,45,25,0,0,0,0,0,300,20,150,5,20,10,175,50,45,60,15,3.2
"269","35240853","DA","35240853",0.507,873,231,229,"3524001","3524","5350612.23","35535",873,231,0.51,1721.9,10,30,35,55,35,10,10,20,30,55,45,40,15,40,5,37.9,42.4,230,215,0,10,0,0,0,0,0,430,10,230,5,5,25,230,40,50,100,40,3.6
"270","35240854","DA","35240854",0.1285,610,167,167,"3524001","3524","5350612.22","35535",610,167,0.13,4747.1,10,25,30,45,25,15,15,15,20,45,40,15,15,20,5,34.9,37.2,165,165,0,0,0,0,0,0,0,295,10,155,5,10,10,165,35,25,90,20,3.6
"271","35240855","DA","35240855",0.1366,1001,269,268,"3524001","3524","5350612.22","35535",1001,269,0.14,7328,15,40,70,45,25,10,15,30,55,70,50,20,10,30,0,34.3,38.8,270,270,0,0,0,0,0,0,0,460,25,200,10,20,15,275,60,55,110,45,3.6
"272","35240857","DA","35240857",0.0799,503,152,149,"3524001","3524","5350612.22","35535",503,152,0.08,6295.4,10,15,25,30,20,5,15,10,25,35,20,20,5,30,0,37,40.8,150,150,0,0,0,0,0,0,0,250,20,110,0,5,10,140,40,25,55,20,3.5
"273","35240858","DA","35240858",0.1275,367,106,105,"3524001","3524","5350612.23","35535",367,106,0.13,2878.4,5,15,25,25,10,5,0,10,20,30,15,10,5,15,0,35.2,38.8,105,105,0,0,0,0,0,0,0,175,5,80,5,5,5,100,20,25,45,15,3.5
"274","35240859","DA","35240859",0.12,723,193,192,"3524001","3524","5350612.29","35535",723,193,0.12,6025,5,20,55,35,15,15,10,20,45,50,25,15,10,30,0,35.3,39.6,195,140,45,0,0,0,0,0,0,345,10,155,15,5,15,190,35,40,80,35,3.6
"275","35240861","DA","35240861",0.1902,1086,291,289,"3524001","3524","5350612.25","35535",1086,291,0.19,5709.8,10,35,50,75,35,15,20,20,50,75,65,35,20,45,0,37.1,41.2,285,290,0,0,5,0,0,0,0,515,10,300,10,20,15,295,65,70,115,45,3.5
"276","35240952","DA","35240952",27.3068,1255,556,420,"3524001","3524","5350615.00","35535",1255,556,27.31,46,35,50,50,50,35,35,70,75,40,40,40,40,25,50,5,34.7,34.4,420,305,20,100,0,0,0,0,0,570,45,270,25,45,25,355,120,105,80,45,3.2
"277","35240953","DA","35240953",5.6372,967,282,270,"3524001","3524","5350615.00","35535",967,282,5.64,171.5,30,35,45,30,35,25,40,45,45,35,40,30,15,40,5,35.3,36,270,245,30,0,0,0,0,0,0,470,5,195,20,30,20,265,70,70,90,35,3.4
"278","35240954","DA","35240954",0.2283,995,347,332,"3524001","3524","5350615.00","35535",995,347,0.23,4358.3,55,40,35,20,15,45,75,65,45,35,25,25,20,15,5,31.1,32.4,330,185,90,65,0,0,0,0,0,475,40,155,20,40,10,295,115,80,70,30,3.1
"279","35240955","DA","35240955",0.1346,915,253,244,"3524001","3524","5350615.00","35535",915,253,0.13,6797.9,30,30,35,35,25,25,25,55,50,30,25,15,15,30,0,33.4,35.2,245,205,10,25,5,0,0,0,0,415,35,195,15,15,15,245,65,65,80,35,3.4
"280","35240956","DA","35240956",0.149,554,233,220,"3524001","3524","5350615.00","35535",554,233,0.15,3718.1,35,15,15,5,10,30,50,40,25,20,15,15,10,15,0,32.6,34,220,45,75,95,0,0,0,0,0,245,65,85,15,15,5,180,85,55,35,5,2.8
"281","35240957","DA","35240957",1.782,1701,532,484,"3524001","3524","5350615.00","35535",1701,532,1.78,954.5,85,80,90,45,45,50,80,105,95,35,65,35,30,35,5,31.2,32.8,485,430,30,20,0,0,0,0,0,830,60,280,15,25,25,480,135,125,140,80,3.4
"282","35240958","DA","35240958",0.1683,733,228,215,"3524001","3524","5350615.00","35535",733,228,0.17,4355.3,40,45,30,25,15,25,30,45,50,30,15,15,10,20,0,31,33.2,215,100,65,45,0,0,0,0,0,370,20,120,5,10,5,205,55,55,75,25,3.4
"283","35240959","DA","35240959",0.1338,666,196,187,"3524001","3524","5350615.00","35535",666,196,0.13,4977.6,30,45,30,15,30,5,25,35,45,30,20,15,10,30,5,32.4,34.4,185,110,10,70,0,0,0,0,0,330,20,105,5,10,15,185,50,45,60,25,3.4
"284","35240960","DA","35240960",0.0827,1004,445,418,"3524001","3524","5350615.00","35535",1004,445,0.08,12140.3,65,20,25,15,25,60,95,60,30,30,25,20,20,40,5,33.7,33.2,420,55,110,90,0,160,10,0,0,455,80,185,25,35,15,290,120,90,55,20,2.9
"285","35240961","DA","35240961",0.2593,1419,526,497,"3524001","3524","5350615.00","35535",1419,526,0.26,5472.4,65,65,50,40,45,70,80,90,50,55,25,30,15,60,5,32.6,33.2,495,100,110,80,0,0,200,0,0,670,70,280,25,40,15,415,170,100,100,40,3.1
"286","35240962","DA","35240962",2.4456,1248,447,380,"3524001","3524","5350615.00","35535",1248,447,2.45,510.3,20,50,65,45,40,25,25,45,60,55,50,25,15,120,5,41.2,40.4,380,285,0,0,0,15,85,0,0,590,20,245,10,15,80,310,75,60,115,65,3.6
"287","35240963","DA","35240963",0.2491,1682,476,461,"3524001","3524","5350615.00","35535",1682,476,0.25,6752.3,65,80,80,70,40,40,65,80,95,80,55,40,25,55,0,32.9,34,460,375,25,55,0,0,5,0,0,835,35,310,15,35,25,460,105,130,155,65,3.5
"288","35240964","DA","35240964",0.1661,1042,298,284,"3524001","3524","5350615.00","35535",1042,298,0.17,6273.3,45,40,50,35,25,20,60,60,55,45,20,25,10,20,0,31.5,34,285,255,10,20,0,0,0,0,0,530,20,160,10,10,15,285,65,70,110,40,3.5
"289","35240965","DA","35240965",0.2678,1866,502,493,"3524001","3524","5350615.00","35535",1866,502,0.27,6967.9,75,95,70,65,65,35,60,95,110,85,60,40,25,50,5,32.8,35.2,495,445,5,40,0,0,0,0,0,925,35,335,20,15,25,515,105,140,205,65,3.5
"290","35240966","DA","35240966",0.2821,1061,364,339,"3524001","3524","5350615.00","35535",1061,364,0.28,3761.1,45,55,45,35,20,35,50,70,55,50,20,15,20,20,0,31.4,33.6,340,85,100,155,0,0,0,0,0,450,60,195,15,30,15,285,80,75,80,45,3.3
"291","35240967","DA","35240967",0.2162,1381,499,481,"3524001","3524","5350615.00","35535",1381,499,0.22,6387.6,60,50,45,45,20,40,75,90,80,55,40,30,20,55,5,34.4,35.6,480,90,0,345,0,40,5,0,0,620,50,255,30,50,25,385,130,105,115,35,3.2
"292","35240968","DA","35240968",0.4234,1383,420,407,"3524001","3524","5350615.00","35535",1383,420,0.42,3266.4,50,65,50,55,40,30,50,75,75,70,45,30,15,45,0,33,34.8,405,200,20,190,0,0,0,0,0,620,40,260,25,40,15,370,90,110,110,65,3.5
"293","35240969","DA","35240969",0.1195,841,221,215,"3524001","3524","5350615.00","35535",841,221,0.12,7037.7,20,40,50,45,30,10,15,35,55,35,35,25,20,20,5,33.4,36.8,215,170,5,40,0,0,0,0,0,405,15,180,5,10,10,225,40,45,100,40,3.7
"294","35240970","DA","35240970",0.0814,604,186,179,"3524001","3524","5350615.00","35535",604,186,0.08,7420.1,20,40,25,15,15,5,15,30,40,30,20,15,15,25,0,35,39.2,180,90,30,60,0,0,0,0,0,280,5,95,5,15,15,160,30,45,65,20,3.5
"295","35240978","DA","35240978",0.1404,1066,586,548,"3524001","3524","5350612.15","35535",1066,586,0.14,7592.6,25,30,25,15,20,75,95,75,45,30,30,25,25,55,0,37,34.8,550,0,0,180,0,225,150,0,0,370,85,275,50,90,20,275,145,75,45,15,2.7
"296","35240979","DA","35240979",0.2115,1065,322,315,"3524001","3524","5350612.15","35535",1065,322,0.21,5035.5,15,35,60,55,35,20,20,35,60,70,40,30,15,45,0,35.7,38.4,315,185,0,130,0,0,0,0,0,485,25,230,15,30,20,285,60,75,120,40,3.5
"297","35240980","DA","35240980",0.5517,1297,402,396,"3524001","3524","5350612.15","35535",1297,402,0.55,2350.9,30,35,50,50,25,20,30,35,45,55,75,35,50,150,10,45,47.2,395,80,0,320,0,0,0,0,0,655,50,220,20,40,80,360,145,85,100,35,3.1
"298","35240981","DA","35240981",0.0945,409,114,113,"3524001","3524","5350612.15","35535",409,114,0.09,4328,10,20,25,15,15,5,5,5,25,25,25,10,0,25,0,37.8,43.6,115,75,0,40,0,0,0,0,0,200,15,80,5,10,5,115,35,20,40,20,3.4
"299","35240982","DA","35240982",0.8636,1594,482,475,"3524001","3524","5350612.15","35535",1594,482,0.86,1845.8,30,65,90,65,45,25,30,40,95,100,65,50,35,70,5,36.5,40.4,475,315,0,160,0,0,0,0,0,790,30,300,20,35,20,450,125,95,170,55,3.4
"300","35240983","DA","35240983",0.3474,1034,317,315,"3524001","3524","5350612.15","35535",1034,317,0.35,2976.4,25,40,50,50,35,10,15,45,45,65,35,35,15,50,5,36.4,39.2,315,150,0,165,0,0,0,0,0,520,15,220,15,30,10,300,80,75,110,35,3.3
"301","35240984","DA","35240984",0.0946,495,169,168,"3524001","3524","5350612.15","35535",495,169,0.09,5232.6,10,20,25,20,10,5,5,10,20,25,20,25,15,50,0,41,44.4,165,105,0,65,0,0,0,0,0,260,15,75,5,15,15,150,65,35,40,15,3
"302","35240985","DA","35240985",1.7478,1029,317,315,"3524001","3524","5350612.15","35535",1029,317,1.75,588.7,15,35,40,55,40,15,15,20,35,65,65,25,30,65,0,39.1,43.6,315,230,0,85,0,0,0,0,0,535,20,245,15,15,25,305,100,65,100,35,3.2
"303","35240986","DA","35240986",0.3518,1459,507,496,"3524001","3524","5350612.22","35535",1459,507,0.35,4147.2,55,50,75,50,40,35,75,90,95,70,45,30,10,30,5,32.5,34.8,495,165,0,205,0,120,0,0,0,655,75,260,35,50,15,410,125,110,130,45,3.2
"304","35240987","DA","35240987",0.2718,1184,300,298,"3524001","3524","5350612.22","35535",1184,300,0.27,4356.1,15,40,75,80,45,15,15,25,55,75,65,35,20,45,10,35.6,39.2,295,295,0,0,0,0,0,0,0,560,30,310,5,10,20,305,50,70,135,60,3.7
"305","35240988","DA","35240988",0.2103,1400,466,459,"3524001","3524","5350612.22","35535",1400,466,0.21,6657.2,50,65,60,60,30,35,55,80,85,70,55,25,25,45,5,33.9,36.4,460,105,10,180,0,160,0,0,0,625,50,275,30,45,20,395,100,125,125,40,3.3
"306","35241030","DA","35241030",1.1646,2893,912,902,"3524001","3524","5350610.05","35535",2893,912,1.16,2484.1,50,100,155,145,70,40,40,70,145,180,130,115,80,155,10,38.3,42.8,900,865,0,40,5,0,0,0,0,1445,120,570,40,65,50,855,265,215,280,95,3.2
"307","35241031","DA","35241031",0.7369,2578,873,851,"3524001","3524","5350610.06","35535",2578,873,0.74,3498.4,50,65,100,115,85,65,60,80,115,120,130,120,70,165,15,39.6,42.4,855,610,15,215,5,0,0,0,0,1240,95,610,55,85,60,775,270,215,220,65,3.1
"308","35241034","DA","35241034",0.2062,1289,387,382,"3524001","3524","5350612.21","35535",1289,387,0.21,6251.2,30,65,70,50,30,20,40,70,75,60,55,30,20,40,5,33.8,36.4,380,115,45,220,0,0,0,0,0,600,25,245,15,45,15,360,90,95,130,50,3.4
"309","35241035","DA","35241035",0.1339,756,229,225,"3524001","3524","5350612.21","35535",756,229,0.13,5646,25,45,45,35,15,15,25,45,40,35,35,10,10,20,0,31.2,33.2,225,20,0,205,0,0,0,0,0,330,25,140,15,30,10,205,50,50,90,25,3.4
"310","35241036","DA","35241036",0.149,878,216,215,"3524001","3524","5350612.21","35535",878,216,0.15,5892.6,20,30,50,55,35,15,10,20,40,65,45,20,15,35,0,34.9,37.2,215,200,0,15,0,0,0,0,0,405,10,235,5,10,20,225,35,35,100,45,3.7
"311","35241045","DA","35241045",0.1356,418,159,158,"3524001","3524","5350610.05","35535",418,159,0.14,3082.6,5,10,10,15,15,10,10,10,15,15,20,20,15,40,0,44.8,48.4,160,155,0,0,0,0,0,0,0,195,20,95,10,15,15,125,60,30,30,10,3
"312","35241046","DA","35241046",0.5295,1109,486,475,"3524001","3524","5350610.06","35535",1109,486,0.53,2094.4,10,20,15,35,30,15,20,20,25,30,55,65,65,185,5,51.4,57.2,475,240,5,35,5,0,200,0,0,615,55,205,25,45,70,350,220,55,55,20,2.7
