"GeoUID","Type","Region Name","Area (sq km)","Population","Dwellings","Households","CSD_UID","CD_UID","CT_UID","CMA_UID","NHS Non Return Rate","v_CA11F_8: 0 to 4 years, - Total","v_CA11F_9: 0 to 4 years, - Male","v_CA11F_10: 0 to 4 years, - Female","v_CA11F_11: 5 to 9 years, - Total","v_CA11F_12: 5 to 9 years, - Male","v_CA11F_13: 5 to 9 years, - Female","v_CA11F_14: 10 to 14 years, - Total","v_CA11F_15: 10 to 14 years, - Male","v_CA11F_16: 10 to 14 years, - Female","v_CA11F_17: 15 to 19 years, - Total","v_CA11F_18: 15 to 19 years, - Male","v_CA11F_19: 15 to 19 years, - Female","v_CA11F_35: 20 to 24 years, - Total","v_CA11F_36: 20 to 24 years, - Male","v_CA11F_37: 20 to 24 years, - Female","v_CA11F_38: 25 to 29 years, - Total","v_CA11F_39: 25 to 29 years, - Male","v_CA11F_40: 25 to 29 years, - Female","v_CA11F_41: 30 to 34 years, - Total","v_CA11F_42: 30 to 34 years, - Male","v_CA11F_43: 30 to 34 years, - Female","v_CA11F_44: 35 to 39 years, - Total","v_CA11F_45: 35 to 39 years, - Male","v_CA11F_46: 35 to 39 years, - Female","v_CA11F_47: 40 to 44 years, - Total","v_CA11F_48: 40 to 44 years, - Male","v_CA11F_49: 40 to 44 years, - Female","v_CA11F_50: 45 to 49 years, - Total","v_CA11F_51: 45 to 49 years, - Male","v_CA11F_52: 45 to 49 years, - Female","v_CA11F_53: 50 to 54 years, - Total","v_CA11F_54: 50 to 54 years, - Male","v_CA11F_55: 50 to 54 years, - Female","v_CA11F_56: 55 to 59 years, - Total","v_CA11F_57: 55 to 59 years, - Male","v_CA11F_58: 55 to 59 years, - Female","v_CA11F_59: 60 to 64 years, - Total","v_CA11F_60: 60 to 64 years, - Male","v_CA11F_61: 60 to 64 years, - Female","v_CA11F_62: 65 to 69 years, - Total","v_CA11F_63: 65 to 69 years, - Male","v_CA11F_64: 65 to 69 years, - Female","v_CA11F_65: 70 to 74 years, - Total","v_CA11F_66: 70 to 74 years, - Male","v_CA11F_67: 70 to 74 years, - Female","v_CA11F_68: 75 to 79 years, - Total","v_CA11F_69: 75 to 79 years, - Male","v_CA11F_70: 75 to 79 years, - Female","v_CA11F_71: 80 to 84 years, - Total","v_CA11F_72: 80 to 84 years, - Male","v_CA11F_73: 80 to 84 years, - Female","v_CA11F_74: 85 years and over, - Total","v_CA11F_75: 85 years and over, - Male","v_CA11F_76: 85 years and over, - Female","v_CA11F_86: Married or living with a common-law partner, - Total","v_CA11F_95: Not married and not living with a common-law partner, - Total","v_CA11F_98: Single (never legally married), - Total","v_CA11F_101: Separated, - Total","v_CA11F_104: Divorced, - Total","v_CA11F_107: Widowed, - Total","v_CA11F_163: Average number of persons per census family, - Total","v_CA11F_199: Total number of occupied private dwellings by structural type of dwelling, - Total","v_CA11F_200: Single-detached house, - Total","v_CA11F_201: Apartment, building that has five or more storeys, - Total","v_CA11F_202: Movable dwelling, - Total","v_CA11F_203: Other dwelling, - Total","v_CA11F_211: 2 persons, - Total","v_CA11F_212: 3 persons, - Total","v_CA11F_213: 4 persons, - Total","v_CA11F_214: 5 persons, - Total","v_CA11F_215: 6 or more persons, - Total","v_CA11F_551: Knowledge of official languages - Total population excluding institutional residents, - Total","v_CA11F_552: Knowledge of official languages - Total population excluding institutional residents, - Male","v_CA11F_553: Knowledge of official languages - Total population excluding institutional residents, - Female","v_CA11F_554: English only, - Total","v_CA11F_555: English only, - Male","v_CA11F_556: English only, - Female","v_CA11F_557: French only, - Total","v_CA11F_558: French only, - Male","v_CA11F_559: French only, - Female","v_CA11F_560: English and French, - Total","v_CA11F_561: English and French, - Male","v_CA11F_562: English and French, - Female","v_CA11F_563: Neither English nor French, - Total","v_CA11F_564: Neither English nor French, - Male","v_CA11F_565: Neither English nor French, - Female","v_CA11N_19: Non-immigrants, - Total","v_CA11N_22: Immigrants, - Total","v_CA11N_46: Non-permanent residents, - Total","v_CA11N_505: North American Aboriginal origins, - Total","v_CA11N_517: Other North American origins, - Total","v_CA11N_547: European origins, - Total","v_CA11N_760: Caribbean origins, - Total","v_CA11N_820: Latin, Central and South American origins, - Total","v_CA11N_1084: West Central Asian and Middle Eastern origins, - Total","v_CA11N_1162: South Asian origins, - Total","v_CA11N_1204: East and Southeast Asian origins, - Total","v_CA11N_1258: Other Asian origins, - Total","v_CA11N_1264: Oceania origins, - Total","v_CA11N_1804: No certificate, diploma or degree, - Total","v_CA11N_1807: High school diploma or equivalent, - Total","v_CA11N_1813: Apprenticeship or trades certificate or diploma, - Total","v_CA11N_1816: College, CEGEP or other non-university certificate or diploma, - Total","v_CA11N_1819: University certificate or diploma below bachelor level, - Total","v_CA11N_1822: University certificate, diploma or degree at bachelor level or above, - Total","v_CA11N_1993: Employed, - Total","v_CA11N_1996: Unemployed, - Total","v_CA11N_1999: Not in the labour force, - Total","v_CA11N_2035: 0 Management occupations, - Total","v_CA11N_2041: 2 Natural and applied sciences and related occupations, - Total","v_CA11N_2044: 3 Health occupations, - Total","v_CA11N_2047: 4 Occupations in education, law and social, community and government services, - Total","v_CA11N_2050: 5 Occupations in art, culture, recreation and sport, - Total","v_CA11N_2053: 6 Sales and service occupations, - Total","v_CA11N_2056: 7 Trades, transport and equipment operators and related occupations, - Total","v_CA11N_2059: 8 Natural resources, agriculture and related production occupations, - Total","v_CA11N_2062: 9 Occupations in manufacturing and utilities, - Total","v_CA11N_2194: Car, truck or van - as a driver, - Total","v_CA11N_2197: Car, truck or van - as a passenger, - Total","v_CA11N_2200: Public transit, - Total","v_CA11N_2203: Walked, - Total","v_CA11N_2206: Bicycle, - Total","v_CA11N_2209: Other methods, - Total","v_CA11N_2282: % of owner households with a mortgage, - Total","v_CA11N_2283: % of owner households spending 30% or more of household total income on shelter costs, - Total","v_CA11N_2284: Median monthly shelter costs for owned dwellings ($), - Total","v_CA11N_2285: Average monthly shelter costs for owned dwellings ($), - Total","v_CA11N_2286: Median value of dwellings ($), - Total","v_CA11N_2287: Average value of dwellings ($), - Total","v_CA11N_2288: Number of tenant households in non-farm, non-reserve private dwellings, - Total","v_CA11N_2289: % of tenant households in subsidized housing, - Total","v_CA11N_2290: % of tenant households spending 30% or more of household total income on shelter costs, - Total","v_CA11N_2291: Median monthly shelter costs for rented dwellings ($), - Total","v_CA11N_2292: Average monthly shelter costs for rented dwellings ($), - Total","v_CA11N_2356: Under $5,000, - Total","v_CA11N_2359: $5,000 to $9,999, - Total","v_CA11N_2362: $10,000 to $14,999, - Total","v_CA11N_2365: $15,000 to $19,999, - Total","v_CA11N_2368: $20,000 to $29,999, - Total","v_CA11N_2371: $30,000 to $39,999, - Total","v_CA11N_2374: $40,000 to $49,999, - Total","v_CA11N_2377: $50,000 to $59,999, - Total","v_CA11N_2380: $60,000 to $79,999, - Total","v_CA11N_2383: $80,000 to $99,999, - Total","v_CA11N_2386: $100,000 and over, - Total","v_CA11N_2449: Median employment income in 2010 $, - Total","v_CA11N_2450: Median employment income in 2010 $, - Male","v_CA11N_2451: Median employment income in 2010 $, - Female","v_CA11N_2548: Under $5,000, - Total","v_CA11N_2549: $5,000 to $9,999, - Total","v_CA11N_2550: $10,000 to $14,999, - Total","v_CA11N_2551: $15,000 to $19,999, - Total","v_CA11N_2552: $20,000 to $29,999, - Total","v_CA11N_2553: $30,000 to $39,999, - Total","v_CA11N_2554: $40,000 to $49,999, - Total","v_CA11N_2555: $50,000 to $59,999, - Total","v_CA11N_2556: $60,000 to $79,999, - Total","v_CA11N_2557: $80,000 to $99,999, - Total","v_CA11N_2558: $100,000 and over, - Total","v_CA11N_2559: $100,000 to $124,999, - Total","v_CA11N_2560: $125,000 and over, - Total","v_CA11N_2606: Prevalence of low income in 2010 based on after-tax low-income measure %, - Total"
"48080072","DA","Red Deer",0.08846,315,114,113,"4808011","4808","8300008.02","48830","0.064",10,10,5,20,10,10,25,15,10,25,10,20,20,10,5,5,5,0,5,5,5,10,5,5,30,15,15,30,15,20,40,20,20,30,15,15,25,10,15,10,5,5,10,5,5,5,5,5,0,0,0,5,0,5,185,75,50,0,10,10,3.1,115,80,0,0,35,50,15,25,10,5,315,150,165,295,140,150,0,0,0,20,10,10,0,0,0,270,45,0,15,60,285,0,0,0,0,40,0,0,0,30,65,45,0,45,135,25,90,15,15,0,15,0,40,20,0,0,125,0,0,0,0,0,54.5,26.1,1308,1230,349990,373753,0,0,0,0,0,0,30,35,0,10,25,40,30,30,0,30,61046,67461,57296,0,0,0,0,0,0,0,40,0,15,40,0,30,4.8
"48080073","DA","Red Deer",0.18986,497,163,162,"4808011","4808","8300008.02","48830","0.253",15,5,5,30,15,10,50,25,30,35,20,20,40,25,15,25,15,10,25,10,10,25,15,15,30,15,20,35,20,20,45,20,20,50,25,30,55,25,25,15,10,10,5,5,5,10,0,5,5,0,0,0,0,0,280,125,95,10,10,5,3,160,160,0,0,0,65,30,35,15,5,490,250,240,430,220,210,0,0,0,65,30,35,0,0,0,465,25,0,0,130,420,0,40,0,0,0,0,0,0,80,15,90,0,95,260,15,120,35,0,20,50,0,50,35,25,0,210,0,0,0,0,0,53.3,0,795,1232,380417,418261,0,0,0,0,0,40,35,25,20,30,40,40,35,50,30,30,81508,93379,45022,0,0,0,0,0,0,0,0,15,0,105,35,65,2
"48080074","DA","Red Deer",0.10453,269,97,97,"4808011","4808","8300008.02","48830","0.341",15,5,10,15,10,10,20,15,5,25,10,15,15,0,10,20,15,5,20,5,15,15,5,5,20,5,10,25,15,10,20,10,15,25,10,15,15,10,0,10,5,5,5,0,0,5,5,0,0,0,0,0,0,0,140,80,60,0,10,5,2.9,95,100,0,0,0,30,15,20,10,0,270,130,140,255,120,130,0,0,0,10,10,10,0,0,0,240,35,0,0,60,220,0,0,0,0,20,0,0,0,45,20,25,0,35,165,25,45,20,20,0,25,0,40,35,0,0,135,0,0,0,0,0,64.7,0,1241,1168,348803,357120,0,0,0,0,0,20,0,0,0,40,30,25,20,20,20,0,68622,69792,47514,0,0,0,0,0,0,0,0,0,25,25,0,20,3.8
"48080075","DA","Red Deer",0.14437,611,230,225,"4808011","4808","8300006.00","48830","0.33299999999999996",55,30,25,45,20,30,40,25,15,45,30,15,35,20,15,65,30,35,60,30,30,40,15,20,45,20,20,55,20,30,55,20,30,30,15,15,25,15,10,10,5,5,10,5,5,0,0,0,0,0,0,0,0,0,255,215,135,10,55,10,3.1,225,130,0,0,95,75,40,35,20,5,605,295,310,570,280,295,0,0,0,20,15,10,15,10,10,430,155,25,0,120,490,0,0,0,0,120,0,0,0,120,80,110,0,75,395,25,75,10,45,50,50,0,105,45,0,0,345,25,0,0,0,0,72.4,0,1247,1235,276297,276606,75,0,0,1301,1226,45,0,25,25,75,55,55,60,55,25,0,58423,60204,50202,0,0,0,0,0,0,0,0,35,65,50,30,20,0
"48080076","DA","Red Deer",0.19838,544,217,207,"4808011","4808","8300007.00","48830","0.27",45,30,15,25,15,10,25,10,15,50,25,35,50,30,25,40,25,20,35,20,20,35,20,20,20,10,10,35,15,20,65,30,35,45,25,20,30,20,10,15,0,10,10,5,5,10,5,5,0,0,0,0,0,0,255,195,140,10,40,5,2.8,210,140,0,0,70,80,25,30,20,5,545,275,270,500,255,245,0,0,0,45,20,30,5,0,0,540,45,0,35,170,510,0,0,0,0,35,0,0,20,140,50,35,10,70,345,30,80,55,55,0,40,0,80,50,0,15,280,0,35,0,0,0,59.3,18.5,1423,1257,300930,322036,70,0,0,824,965,55,35,30,20,35,70,65,35,50,0,45,56447,60056,48970,0,0,0,0,0,15,25,25,0,0,95,40,55,12.8
"48080077","DA","Red Deer",0.128,395,135,132,"4808011","4808","8300008.03","48830","0.016",10,5,5,25,15,10,35,15,20,45,20,30,20,15,10,10,5,5,15,10,10,15,10,5,25,5,15,50,25,25,45,20,30,35,20,20,25,15,10,20,5,10,5,5,5,0,5,5,5,5,5,0,5,0,215,110,75,5,15,10,3,130,125,0,0,5,50,15,35,10,10,395,190,205,365,180,180,5,0,0,30,15,15,0,0,0,365,15,0,0,120,355,0,0,0,0,0,0,0,30,50,30,55,0,40,220,0,70,25,20,15,55,0,45,30,0,0,170,10,0,0,0,0,62.5,0,1619,1346,359684,357896,0,0,0,0,0,45,20,45,35,20,40,25,20,50,10,20,66809,87910,45630,0,0,0,0,0,0,0,10,15,15,55,15,40,19.8
"48080078","DA","Red Deer",0.2272,408,155,150,"4808011","4808","8300007.00","48830","0.228",25,15,10,20,5,10,30,20,15,40,20,20,25,15,10,45,20,25,20,15,10,25,15,15,20,10,10,35,15,20,45,25,25,30,10,15,25,10,15,15,0,5,10,5,0,10,0,5,5,0,0,0,0,0,185,150,105,10,25,10,2.8,150,90,0,0,60,55,30,35,5,0,405,205,205,380,190,185,0,0,0,30,15,15,0,0,0,375,30,0,0,120,335,0,0,15,0,0,0,0,35,35,40,65,0,40,225,20,85,20,45,0,25,0,35,40,20,0,180,0,0,0,0,0,57.7,16,1173,1240,285880,281003,25,0,0,1010,1371,50,15,0,15,50,30,40,50,50,0,0,59543,72868,50133,0,0,0,0,0,0,0,30,20,35,35,25,0,3.7
"48080079","DA","Red Deer",0.11086,503,183,179,"4808011","4808","8300007.00","48830","0.308",50,25,25,45,20,25,35,20,20,30,10,25,25,10,10,35,15,20,45,20,20,40,15,25,30,20,15,30,15,20,45,20,20,35,20,20,25,15,15,15,5,10,10,5,0,5,5,5,0,0,0,0,0,0,225,145,95,25,25,5,3.1,175,95,0,0,80,55,35,40,10,5,505,235,270,470,220,245,0,0,0,35,15,20,5,0,5,470,30,0,25,115,475,0,0,0,0,0,0,0,35,75,30,40,0,50,280,0,75,40,15,20,30,0,80,40,0,0,240,0,0,0,0,0,62.5,0,1148,1127,309462,303293,60,0,0,1258,1219,20,25,0,40,35,35,55,20,40,35,25,55812,68678,41208,0,0,0,0,0,0,20,0,35,0,70,20,45,8
"48080080","DA","Red Deer",0.14947,462,169,168,"4808011","4808","8300007.00","48830","0.249",25,10,15,30,20,10,40,20,20,30,10,20,40,20,20,30,15,10,20,10,15,30,15,10,30,15,15,35,20,15,50,25,30,35,20,20,30,15,10,15,10,10,5,0,5,10,0,5,0,0,0,5,0,0,220,140,100,10,20,10,2.9,170,165,0,0,5,65,30,25,15,5,460,230,230,435,215,215,0,0,0,30,10,15,0,0,0,430,30,0,15,75,425,0,0,0,0,0,0,0,20,60,95,45,0,75,280,0,105,35,20,20,55,0,50,55,0,0,240,0,0,0,0,0,51.5,20.6,671,1273,299374,333732,0,0,0,0,0,85,0,20,0,35,50,50,40,55,0,0,53770,65608,41616,0,0,0,0,0,0,0,0,15,55,45,0,35,18.5
"48080081","DA","Red Deer",0.34169,558,209,198,"4808011","4808","8300007.00","48830","0.418",35,15,10,40,25,20,30,25,5,35,20,20,45,20,30,45,20,25,40,15,20,35,15,20,25,15,15,45,20,25,45,20,20,35,20,15,30,15,15,25,10,15,15,10,10,15,10,5,10,10,5,5,5,0,295,160,110,15,30,10,2.8,195,135,0,0,60,75,50,25,20,5,555,275,285,530,260,270,0,0,0,25,15,10,0,0,0,525,20,0,25,175,455,0,0,0,0,20,0,0,30,45,45,115,0,75,355,0,105,35,35,55,25,0,65,50,0,0,285,0,0,0,0,0,50,14.7,1050,1018,311125,330414,25,0,0,0,0,35,40,0,30,90,65,45,40,50,25,30,48527,74479,37376,0,0,0,0,0,25,0,20,20,0,95,25,70,3.6
"48080082","DA","Red Deer",0.2699,533,226,225,"4808011","4808","8300007.00","48830","0.321",25,15,10,25,15,10,30,10,20,40,25,15,35,20,10,40,20,20,25,15,15,20,10,10,35,15,15,45,20,25,40,20,25,45,20,25,25,10,15,30,10,20,35,15,20,30,15,20,5,0,5,10,5,0,260,195,115,15,45,25,2.8,225,205,0,0,15,90,45,20,10,0,530,265,265,510,265,245,0,0,0,25,5,20,0,0,0,555,0,0,50,160,515,0,0,0,0,0,0,0,40,70,35,65,0,40,305,60,160,50,0,0,40,0,35,60,30,0,235,0,0,0,0,0,51.4,16.7,1068,1082,295273,314547,45,0,0,1712,1469,20,60,20,45,100,30,80,40,45,0,15,51827,72260,39762,0,0,0,0,0,20,0,25,40,75,30,0,10,15.8
"48080083","DA","Red Deer",0.19483,547,219,215,"4808011","4808","8300001.02","48830","0.257",40,20,20,40,15,20,30,20,10,40,15,20,40,15,25,50,25,30,25,20,5,40,15,25,40,20,20,45,15,20,40,25,20,45,20,20,25,10,15,20,10,15,15,10,5,10,5,5,5,5,0,0,0,0,250,190,140,10,35,10,2.9,215,125,0,0,90,75,40,30,15,5,550,265,280,515,245,265,0,0,0,35,20,15,0,0,5,505,35,0,0,245,345,0,35,0,0,25,0,0,40,80,40,95,25,40,305,15,120,20,0,20,25,0,95,70,0,0,210,0,50,0,0,0,69.7,15.6,1298,1348,299665,299330,55,0,54.5,1179,1095,40,30,20,0,85,105,20,25,45,30,0,37179,50239,32085,0,0,0,0,0,35,0,35,30,45,45,20,25,5.5
"48080084","DA","Red Deer",0.30797,750,248,246,"4808011","4808","8300001.02","48830","0.253",40,20,20,35,20,15,60,30,30,85,50,40,45,25,15,25,5,15,40,15,20,35,15,20,50,25,30,65,35,30,80,35,40,75,35,40,55,30,25,35,20,15,10,5,10,5,5,0,10,5,5,0,0,0,430,180,150,10,15,10,3,245,220,0,0,25,95,40,55,25,10,750,380,370,705,355,350,0,0,0,40,25,15,0,0,0,775,55,0,20,220,630,0,0,0,30,45,0,0,15,125,75,120,20,95,535,30,135,100,35,45,60,0,95,85,10,20,490,0,0,0,0,0,59.2,0,1429,1341,401385,495466,0,0,0,0,0,70,20,40,70,90,55,90,35,75,40,65,88236,105061,72270,0,0,0,0,0,0,0,30,35,0,160,25,130,10.2
"48080087","DA","Red Deer",1.58715,852,347,337,"4808011","4808","8300001.01","48830","0.284",65,40,30,50,30,15,55,30,25,50,30,20,65,30,35,75,35,45,90,45,45,75,35,35,55,30,20,45,20,30,60,25,35,45,20,20,35,15,20,25,10,10,20,10,15,20,10,10,15,5,10,5,0,5,440,245,155,20,40,25,2.8,335,280,0,0,55,130,65,55,15,0,855,425,435,815,395,415,0,0,5,40,25,15,0,0,0,805,30,0,45,230,725,0,0,0,0,0,0,0,35,135,55,110,0,120,480,10,205,50,45,70,75,0,75,50,30,0,400,0,0,0,0,0,58.7,8.1,1332,1306,348758,377682,20,0,0,742,859,55,0,60,35,115,40,90,80,120,35,40,69833,82975,69728,0,0,0,0,0,60,25,35,25,65,130,70,60,1.8
"48080088","DA","Red Deer",0.19222,467,186,182,"4808011","4808","8300001.01","48830","0.29",25,10,15,25,10,15,25,15,15,30,20,10,40,20,15,25,10,15,25,15,15,25,15,15,35,25,15,30,15,15,55,20,30,30,20,10,25,15,10,15,5,10,10,5,5,20,10,10,20,10,10,5,5,5,245,150,110,5,20,15,2.8,185,175,0,0,10,70,35,30,10,5,465,230,240,430,215,215,0,0,0,35,10,25,0,0,0,520,10,0,0,70,480,0,0,0,0,0,0,0,55,70,95,70,0,40,330,20,85,0,35,25,15,25,115,65,30,0,260,0,0,0,0,0,66.7,10,1530,1305,348338,331336,30,0,0,1607,1507,25,0,40,30,80,20,70,25,60,0,0,47883,79991,46873,0,0,0,0,0,0,30,0,30,20,55,35,20,3.8
"48080089","DA","Red Deer",0.14365,518,288,267,"4808011","4808","8300001.01","48830","0.415",30,15,15,20,10,10,20,15,5,30,15,15,45,20,30,55,20,25,45,25,20,35,20,20,35,15,20,30,20,20,30,15,15,25,20,10,25,10,15,20,5,15,15,5,10,15,5,10,10,5,5,10,5,5,195,250,155,20,45,30,2.6,270,35,45,0,185,95,30,25,0,0,520,245,270,485,235,255,0,0,0,30,10,20,5,0,0,465,50,0,25,170,380,0,0,0,0,35,0,0,40,80,20,50,0,35,320,35,115,35,0,35,15,0,90,65,0,0,230,0,0,0,0,0,73.3,0,902,903,160074,207208,190,0,47.4,851,924,20,0,65,30,120,65,40,0,50,0,0,41625,41542,43718,0,0,0,0,70,35,45,0,30,0,45,0,40,19.2
"48080090","DA","Red Deer",0.2304,458,196,190,"4808011","4808","8300005.00","48830","0.40399999999999997",20,5,10,20,10,10,25,15,10,45,30,15,35,25,15,30,15,10,30,15,15,25,15,10,25,15,15,30,15,20,35,20,15,30,20,15,15,10,10,15,10,10,15,10,5,5,0,5,15,5,10,20,10,10,205,190,125,5,30,25,2.6,190,165,0,0,25,75,35,25,5,0,460,245,215,430,225,200,0,0,0,30,20,15,0,0,0,390,65,0,0,115,395,0,0,0,0,45,0,0,25,50,40,55,0,45,260,20,120,55,0,15,35,0,75,60,0,0,160,0,0,0,0,0,68.6,20,1602,1249,259557,271847,0,0,0,0,0,40,0,60,30,75,25,30,0,75,0,0,71032,80099,44772,0,0,0,0,30,0,0,0,90,0,25,25,0,6.5
"48080091","DA","Red Deer",0.20746,460,223,205,"4808011","4808","8300005.00","48830","0.377",20,10,10,20,10,5,30,20,15,30,10,20,45,25,20,40,25,20,20,10,10,25,10,10,25,15,10,55,30,25,40,20,20,30,15,10,20,10,10,20,5,10,10,5,5,15,5,10,15,5,10,0,0,5,205,185,120,20,30,15,2.8,205,160,0,0,45,80,30,20,5,5,460,240,220,415,225,190,0,0,0,45,15,25,0,5,5,310,55,0,10,20,340,0,0,0,0,10,0,0,40,50,10,110,0,0,210,0,100,0,0,0,10,0,70,70,0,0,145,15,0,15,0,0,65.5,31,1745,1318,274750,277631,25,0,0,501,725,45,10,25,50,50,30,30,0,20,0,0,72334,72518,57018,0,0,0,0,0,0,0,0,45,20,0,0,0,24.3
"48080092","DA","Red Deer",0.71874,569,258,242,"4808011","4808","8300005.00","48830","0.28600000000000003",30,15,10,25,10,10,30,15,20,30,20,15,65,35,25,45,20,25,35,15,20,30,15,15,30,15,15,50,30,25,45,20,20,50,20,25,30,10,20,20,15,10,25,10,15,20,10,5,10,5,5,5,0,5,265,220,145,10,55,10,2.7,240,175,0,0,65,95,40,25,15,0,570,280,290,510,250,260,0,0,0,55,25,30,10,5,5,520,45,0,25,135,525,0,0,20,0,0,0,0,55,100,25,95,40,15,340,20,115,25,0,40,40,0,45,105,15,0,285,0,0,20,0,0,63.6,0,1360,1418,303264,369554,80,0,31.2,858,1030,45,45,40,25,50,45,95,20,65,0,35,59243,56426,70688,0,0,0,0,15,30,45,0,40,35,65,30,30,11.5
"48080093","DA","Red Deer",0.20339,403,183,176,"4808011","4808","8300005.00","48830","0.304",10,10,5,20,15,0,30,15,15,20,5,15,30,20,10,20,10,10,15,5,10,25,15,15,30,20,10,25,15,15,35,25,15,40,15,20,40,20,20,20,10,10,15,0,10,10,10,5,5,5,5,5,0,5,205,135,70,5,40,20,2.8,175,155,0,0,25,75,20,25,5,5,400,210,195,370,190,180,0,5,0,30,15,15,0,0,5,355,45,0,0,110,335,0,0,0,0,35,0,0,35,65,35,50,25,35,260,0,80,0,0,0,0,20,50,80,0,0,155,30,0,0,0,0,56.2,29,975,1104,323633,300874,20,0,0,1056,1020,25,15,0,35,75,65,50,20,0,20,0,32452,34050,32450,0,0,0,0,20,0,20,20,30,20,40,30,0,0
"48080094","DA","Red Deer",0.43226,696,352,324,"4808011","4808","8300010.00","48830","0.292",20,5,10,25,10,20,20,10,10,30,15,15,35,20,15,45,25,20,45,20,25,35,20,10,30,15,15,45,15,25,60,25,30,40,15,20,35,20,20,25,10,15,35,10,30,50,15,30,45,20,30,80,15,65,280,350,155,20,70,110,2.5,325,100,0,0,220,130,35,20,5,5,695,285,410,655,270,390,0,0,0,40,20,20,0,0,0,580,35,0,40,55,585,50,0,0,0,0,0,0,105,50,50,90,0,40,340,0,180,85,0,0,0,0,60,95,40,10,225,0,0,10,0,0,52.8,22.9,1176,996,259470,305955,145,0,50,1102,1087,25,55,30,20,140,65,90,0,90,0,0,31737,31741,22640,0,0,0,0,65,35,65,25,30,15,55,0,30,25.8
"48080095","DA","Red Deer",0.33091,564,470,381,"4808011","4808","8300010.00","48830","0.532",10,0,5,5,0,5,10,5,0,5,5,5,30,15,20,60,25,30,25,10,15,20,10,10,25,10,10,45,25,20,35,15,15,35,15,20,35,20,20,35,15,25,45,15,30,45,15,35,55,20,35,50,15,30,230,315,130,30,70,80,2.2,380,35,35,0,320,130,20,0,0,0,560,240,320,525,230,300,0,0,0,30,5,20,5,5,5,495,60,0,0,125,480,0,0,0,0,20,0,0,110,55,0,30,0,35,265,0,285,0,0,0,35,0,35,0,0,135,220,0,0,0,0,0,30.6,14.3,589,829,250175,262871,205,9.8,41.5,749,728,0,0,70,75,95,115,130,20,0,0,0,45387,50129,21928,0,0,40,25,0,65,45,50,40,0,0,0,0,15.9
"48080096","DA","Red Deer",0.3425,355,181,160,"4808011","4808","8300010.00","48830","0.5770000000000001",5,5,0,15,5,5,5,5,5,20,10,10,20,5,15,30,20,15,15,10,5,25,15,10,30,20,10,40,25,20,30,15,20,40,20,20,20,5,15,5,5,5,15,5,10,15,5,10,10,5,10,5,0,5,120,205,130,15,40,25,2.6,160,55,0,0,100,55,15,5,0,5,305,135,170,275,125,150,0,0,0,30,15,15,5,0,5,265,40,0,0,55,215,0,0,0,0,0,0,0,0,130,0,20,0,0,190,0,100,0,0,0,0,0,50,70,0,0,110,0,0,0,0,0,81.8,65.2,1136,1133,299853,292009,65,0,46.2,865,968,0,0,0,75,60,40,0,25,20,0,0,39186,10687,73818,0,0,0,65,0,0,0,0,35,0,0,0,0,34.4
"48080097","DA","Red Deer",0.06574,435,349,289,"4808011","4808","8300010.00","48830","0.44299999999999995",20,10,15,5,0,5,10,5,5,10,5,5,60,25,35,65,30,30,40,20,20,30,10,15,25,15,10,40,25,20,30,10,20,25,5,15,25,10,15,15,5,10,15,10,10,10,5,5,0,5,0,10,5,5,110,290,180,20,60,25,2.4,290,10,0,0,280,80,20,5,5,0,435,200,235,400,185,215,0,0,0,25,15,15,5,5,0,305,75,55,30,45,280,35,20,0,0,70,0,0,40,95,25,40,20,35,240,45,130,0,0,0,30,0,90,25,0,0,120,0,0,80,0,0,90,50,1147,1170,150387,174427,240,41.7,63.8,755,767,50,15,50,35,110,60,30,0,0,0,0,30173,41216,27477,0,0,0,15,80,45,25,25,0,0,10,0,0,29.9
"48080098","DA","Red Deer",0.08072,521,370,354,"4808011","4808","8300010.00","48830","0.484",25,10,10,10,5,5,10,10,5,35,15,15,40,20,15,45,20,25,35,20,20,35,20,10,40,20,15,30,20,15,40,25,15,30,10,20,30,15,10,30,5,20,40,10,25,25,5,20,20,5,10,10,5,10,120,360,175,30,95,60,2.6,355,20,115,0,225,70,25,10,0,0,525,255,265,500,245,255,0,0,0,15,5,10,5,5,5,460,55,0,105,75,390,0,0,0,0,40,0,0,130,130,0,15,0,15,130,10,365,0,0,0,0,0,60,0,0,0,100,0,0,0,0,0,0,0,0,0,0,0,385,42.3,54.5,751,695,45,35,100,130,65,60,0,0,0,0,0,41279,41357,33395,0,15,95,95,55,85,0,0,0,0,0,0,0,59.6
"48080099","DA","Red Deer",0.30251,556,285,262,"4808011","4808","8300010.00","48830","0.5579999999999999",40,20,15,15,5,10,25,15,10,30,10,15,35,15,25,50,25,25,35,25,15,35,15,20,25,10,10,50,20,30,60,30,25,40,25,15,45,20,15,20,5,15,15,5,10,15,0,5,15,0,10,5,0,0,240,230,150,20,45,20,2.7,260,125,40,0,95,105,30,25,10,5,555,270,285,505,250,255,0,0,0,50,20,30,0,0,0,500,45,0,60,155,490,0,0,0,0,0,0,0,0,70,0,110,0,55,300,0,160,40,0,0,45,0,35,50,0,0,225,0,0,0,0,0,44.4,22.2,1113,1334,366349,423147,130,0,40,902,986,0,0,35,65,55,60,45,0,55,30,0,62421,63230,51373,0,0,0,0,40,30,35,0,40,35,65,30,35,15.3
"48080100","DA","Red Deer",2.47607,574,279,246,"4808011","4808","8300010.00","48830","0.44799999999999995",35,20,10,25,10,10,30,15,15,45,25,20,45,25,20,55,30,25,35,20,20,35,10,20,45,25,15,50,20,30,55,25,35,40,25,15,30,10,15,20,10,10,20,10,10,10,5,10,10,5,5,5,0,5,280,210,140,15,35,15,2.8,245,165,0,0,80,100,40,35,10,5,570,285,285,530,270,260,0,0,0,40,15,30,0,0,0,555,15,0,55,190,495,0,0,0,0,0,0,0,0,115,40,110,0,50,360,0,100,20,0,65,45,0,55,85,0,0,295,25,0,30,0,0,67.7,0,1825,1534,376242,476690,95,0,26.3,788,931,25,0,25,60,130,25,30,20,90,30,15,72827,88166,27125,0,0,0,0,0,0,60,0,35,10,80,40,40,3.5
"48080101","DA","Red Deer",1.45207,262,128,126,"4808011","4808","8300014.00","48830","0.33799999999999997",5,5,5,5,0,5,5,5,5,15,5,10,15,10,0,15,10,5,5,5,5,10,10,5,15,10,5,30,10,20,25,15,10,20,10,10,20,10,10,15,5,15,20,5,10,15,5,10,10,0,5,15,5,10,130,105,45,5,20,40,2.6,125,65,0,0,60,45,15,10,5,0,260,125,135,240,110,130,0,0,0,15,10,5,0,0,0,230,0,0,0,90,160,0,0,0,0,0,0,0,10,35,10,70,0,0,115,0,130,0,0,0,0,0,0,40,0,0,55,0,0,0,0,0,93.3,0,1451,1279,294397,287513,60,0,72.7,632,746,0,0,0,70,45,0,35,0,0,0,0,78559,90424,78548,0,0,0,35,10,0,40,0,0,0,35,35,0,11.5
"48080102","DA","Red Deer",0.29168,510,409,302,"4808011","4808","8300013.00","48830","0.39399999999999996",15,5,10,10,0,5,10,5,5,15,10,5,35,20,20,30,20,15,30,20,15,10,5,5,30,20,10,30,10,15,45,20,25,55,25,25,40,20,25,30,10,15,45,15,30,45,20,20,20,10,10,20,5,10,250,230,125,15,55,45,2.3,300,45,0,0,260,120,25,5,5,0,510,240,270,470,225,250,5,0,0,40,15,20,0,0,0,480,25,0,90,50,465,0,0,0,0,15,0,0,75,20,15,75,15,25,190,0,240,15,0,0,20,0,55,15,55,0,145,0,0,0,0,0,29.6,14.8,579,820,234649,266947,170,0,23.5,835,949,50,0,20,65,85,25,130,45,40,0,15,48731,55649,48674,0,0,0,0,15,0,95,70,40,0,35,0,35,13.7
"48080103","DA","Red Deer",0.15518,381,147,147,"4808011","4808","8300013.00","48830","0.588",20,10,5,20,10,10,30,15,15,20,10,10,20,10,10,25,15,10,15,10,10,25,15,5,20,10,15,30,20,15,45,25,20,45,15,25,30,15,15,20,10,10,10,5,5,5,5,5,0,5,0,0,0,0,205,110,75,5,20,10,2.9,145,145,0,0,0,65,25,25,5,5,380,195,180,350,185,165,0,0,0,30,10,15,5,0,5,570,25,0,0,70,560,0,0,0,0,20,0,0,55,75,25,30,0,110,350,0,95,35,0,0,105,0,105,55,0,20,270,0,0,0,0,0,61.8,0,1189,1124,304768,317770,0,0,0,0,0,20,0,85,20,80,15,20,95,60,20,0,71271,71402,54061,0,0,0,0,0,0,0,0,15,45,85,30,0,1.7
"48080104","DA","Red Deer",0.12336,491,222,194,"4808011","4808","8300013.00","48830","0.38799999999999996",35,15,20,20,10,10,20,10,10,25,10,15,55,30,30,60,40,25,35,25,10,45,30,20,40,25,5,40,20,20,30,10,15,25,5,15,25,10,10,10,10,5,15,5,10,5,5,5,0,0,0,0,0,0,230,185,125,20,30,10,2.7,195,65,0,0,130,70,35,30,5,5,490,255,240,470,245,230,0,0,0,20,5,10,0,0,0,420,40,0,25,190,395,0,0,0,0,15,0,0,35,75,60,90,0,35,335,0,45,20,0,0,50,0,80,80,0,0,275,0,15,20,0,0,56,0,1258,1074,280171,281011,70,0,50,876,931,15,25,30,25,35,95,135,0,0,0,0,43782,47495,40184,0,0,0,0,15,0,30,15,60,40,0,0,0,15.2
"48080105","DA","Red Deer",0.08095,490,186,179,"4808011","4808","8300013.00","48830","0.467",55,40,25,30,15,15,30,15,15,35,10,20,55,30,20,65,25,40,55,30,30,35,10,20,40,20,20,20,10,10,30,10,15,20,10,5,5,5,5,10,5,5,5,0,10,5,5,0,0,0,0,5,0,0,170,195,145,15,30,5,2.8,180,20,0,0,160,65,40,30,10,5,490,235,250,465,225,235,0,0,0,20,10,10,5,5,0,400,85,0,40,145,320,0,0,0,30,25,0,0,70,85,25,60,0,0,245,0,70,0,0,35,0,0,120,30,0,0,135,0,0,50,0,0,76.5,27.8,1446,1214,189846,193114,95,22.2,61.1,1125,1074,40,0,30,30,50,45,40,30,0,0,0,44142,44210,30017,0,0,0,0,30,45,0,30,35,15,0,0,0,23.5
"48080106","DA","Red Deer",0.27871,450,203,186,"4808011","4808","8300013.00","48830","0.46799999999999997",30,15,15,30,15,15,25,15,15,35,15,25,50,25,30,40,25,20,45,25,20,20,15,10,25,15,10,30,15,15,40,20,20,20,15,5,25,15,10,10,5,5,5,0,0,0,0,0,5,0,5,0,0,0,195,170,115,20,30,5,2.8,185,65,0,0,120,65,30,25,10,0,450,230,220,435,220,215,0,5,0,15,10,10,0,0,0,370,80,0,25,110,270,0,0,65,0,0,0,0,0,135,90,60,0,0,215,0,85,0,0,0,0,0,135,40,0,0,145,0,0,0,0,0,40,0,392,862,276224,280527,135,0,70.4,997,939,75,0,95,75,15,0,10,30,35,0,0,50564,50495,58944,0,0,0,15,10,0,10,0,0,25,0,0,0,15.6
"48080107","DA","Red Deer",0.13753,228,92,89,"4808011","4808","8300015.00","48830","0.303",15,10,5,10,5,5,10,10,10,15,5,5,15,10,5,20,10,10,10,5,5,15,5,5,15,10,5,15,10,5,25,15,5,25,5,15,20,15,10,10,5,0,10,0,10,5,5,0,5,0,0,0,0,0,125,70,45,10,15,5,2.7,85,85,0,0,5,45,15,10,5,0,230,125,105,220,120,95,0,0,0,10,5,0,0,0,0,215,0,0,35,95,155,20,0,0,20,0,0,0,25,60,0,30,0,0,130,0,55,0,0,0,0,0,40,40,0,0,115,0,0,0,0,0,69.2,NA,1276,1180,264849,268418,0,0,NA,0,0,NA,NA,NA,NA,NA,NA,NA,NA,NA,NA,NA,NA,NA,NA,NA,NA,NA,NA,NA,NA,NA,NA,NA,NA,NA,NA,NA,NA
"48080109","DA","Red Deer",0.14303,252,123,108,"4808011","4808","8300016.03","48830","0.26",20,15,0,20,15,5,10,5,10,10,5,5,10,5,10,20,10,10,10,10,5,15,10,5,10,10,5,20,15,5,25,10,15,25,10,20,25,15,10,10,5,5,5,0,0,5,0,0,5,0,5,0,0,0,95,105,55,5,35,5,3.1,110,70,0,0,35,40,10,10,5,5,250,130,125,240,125,115,0,0,0,15,5,5,0,5,0,230,20,0,30,130,145,0,0,0,0,0,0,0,60,25,65,15,0,0,120,0,70,0,0,0,0,0,30,15,0,0,105,0,0,0,0,0,89.5,55,1498,1354,279765,248780,0,0,0,0,0,50,10,0,0,50,20,15,0,15,0,0,45418,57551,32425,0,0,0,0,0,20,10,0,0,0,10,0,0,47.1
"48080110","DA","Red Deer",0.11095,365,173,147,"4808011","4808","8300016.03","48830","0.382",30,10,15,30,10,15,25,10,15,30,10,15,35,20,15,40,20,20,30,15,10,35,20,20,30,20,15,25,15,10,20,15,15,15,0,10,10,5,0,10,5,0,0,0,5,0,0,0,0,0,0,5,0,0,145,140,95,10,25,5,2.9,150,15,0,0,135,60,20,20,10,5,365,185,180,350,175,170,0,0,0,15,5,5,5,5,0,300,65,0,30,85,265,0,0,0,0,50,0,0,45,45,45,30,0,0,185,0,60,0,0,0,0,0,60,55,0,0,130,0,0,30,0,0,73.3,0,1356,1137,185210,205652,50,0,0,859,976,0,0,0,40,30,45,35,35,0,0,0,50581,55339,34250,0,0,0,0,10,0,0,20,55,0,0,0,0,9.6
"48080111","DA","Red Deer",0.14024,511,196,189,"4808011","4808","8300016.03","48830","0.374",35,15,25,40,20,25,40,20,15,35,15,25,35,15,15,60,25,35,40,25,20,45,20,25,35,20,20,30,20,15,25,15,10,35,15,20,15,5,5,5,5,0,5,0,5,10,0,5,0,5,0,0,0,0,210,185,130,20,30,10,2.8,185,110,0,0,80,75,45,30,10,5,510,240,270,490,235,250,0,0,0,20,0,15,5,0,5,460,50,0,150,115,265,0,0,0,0,50,0,0,75,65,50,45,0,15,300,20,35,30,35,10,20,0,115,40,20,0,230,0,0,15,0,20,60.9,13,1086,1075,240523,241673,75,60,73.3,650,748,40,0,20,10,95,35,25,35,45,0,0,64918,65001,47214,0,0,0,0,0,20,0,0,35,25,40,0,20,33.3
"48080112","DA","Red Deer",0.10302,436,209,176,"4808011","4808","8300016.03","48830","0.514",45,25,25,35,20,15,35,20,15,30,10,15,50,15,35,65,25,40,40,25,15,30,15,15,20,10,10,25,10,10,20,5,10,20,10,10,10,5,10,5,5,5,0,0,0,0,0,0,0,0,0,0,0,0,145,175,135,10,30,0,2.9,175,20,0,0,160,50,45,25,10,5,435,210,225,415,200,215,0,0,0,15,10,5,0,0,5,350,0,0,130,65,195,0,0,0,0,0,0,0,25,0,25,15,55,0,205,0,0,45,0,0,0,0,100,20,0,0,115,0,0,0,0,0,81.8,0,1206,1238,250336,239952,60,0,27.3,895,889,0,0,0,0,55,40,20,0,0,0,0,34414,34370,37411,0,0,0,0,0,0,0,0,0,0,0,0,0,9.6
"48080113","DA","Red Deer",0.10826,377,151,135,"4808011","4808","8300016.03","48830","0.585",30,20,10,30,10,20,25,10,15,20,10,15,40,20,20,50,25,25,40,25,15,20,10,10,20,10,10,25,10,10,30,15,15,20,15,10,15,5,10,10,5,0,0,0,0,0,0,0,0,0,0,0,0,0,150,140,110,15,20,0,2.9,135,30,0,0,105,40,30,30,10,5,375,190,185,355,185,170,0,0,0,20,5,10,5,5,5,370,0,0,95,195,195,0,0,0,0,0,0,0,50,65,35,0,0,0,210,40,35,0,0,0,0,0,100,65,0,0,145,0,0,0,0,0,68.8,0,1142,1132,229909,231430,50,0,0,926,1048,0,0,55,35,85,0,45,0,0,0,0,29838,51685,25225,0,0,0,0,0,0,0,0,60,0,0,0,0,13.2
"48080114","DA","Red Deer",0.16008,488,214,199,"4808011","4808","8300015.00","48830","0.428",30,15,20,20,15,5,40,25,15,35,20,15,30,20,15,35,15,20,45,25,20,35,20,20,40,20,20,40,20,15,40,20,20,35,15,20,25,15,10,20,5,15,5,5,0,0,0,0,0,0,0,0,0,5,195,200,125,20,40,10,2.9,200,45,0,45,105,65,35,20,10,5,485,250,240,465,240,225,0,0,0,20,10,10,0,0,5,465,25,0,40,210,425,0,15,0,0,0,0,0,30,65,115,80,0,0,230,25,140,0,0,0,20,0,85,45,0,0,185,0,25,0,0,0,62.1,13.8,1306,1177,268669,237388,35,0,57.1,812,922,50,45,30,25,20,115,45,0,0,0,0,45388,55329,45358,0,0,0,0,0,45,0,20,20,35,0,0,0,11.2
"48080115","DA","Red Deer",0.20397,392,187,161,"4808011","4808","8300015.00","48830","0.4",30,25,10,25,10,15,20,5,15,30,15,10,45,25,20,40,25,15,20,15,10,30,15,15,35,20,15,25,20,10,30,10,15,25,10,15,10,10,5,5,5,5,5,0,5,5,0,5,5,0,5,0,0,0,160,160,105,15,30,15,2.8,165,65,0,0,95,60,25,20,10,5,395,210,180,370,205,165,0,0,0,25,10,15,0,0,5,290,40,0,35,70,270,0,0,0,0,35,0,0,40,10,35,70,0,0,145,10,80,0,0,10,0,0,30,65,0,0,110,0,0,0,0,0,78.6,0,1372,1276,299817,298902,45,0,0,880,853,40,0,30,0,45,20,20,0,0,0,0,61128,130488,33074,0,0,0,0,0,0,0,0,30,0,35,0,0,3
"48080116","DA","Red Deer",0.28843,673,345,308,"4808011","4808","8300015.00","48830","0.585",55,35,25,35,20,10,30,10,15,45,25,20,80,35,45,65,35,30,50,35,20,45,20,25,45,20,25,55,20,35,55,30,20,45,20,25,30,20,15,25,10,10,10,5,0,5,5,5,0,0,0,5,0,0,245,315,205,30,65,15,2.6,310,0,0,310,0,115,65,20,5,0,675,350,325,650,340,315,0,0,0,20,10,10,0,0,0,655,0,0,175,155,505,0,0,0,0,0,0,0,185,155,20,50,0,0,365,70,125,0,0,0,0,0,125,175,0,25,215,0,30,0,0,0,52.9,0,626,696,30034,45328,265,0,35.8,1024,990,45,25,75,85,75,160,35,0,20,0,0,44075,44251,21374,0,0,0,0,40,125,40,45,35,0,0,0,0,25.4
"48080117","DA","Red Deer",0.1125,419,144,141,"4808011","4808","8300016.02","48830","0.31",35,15,15,40,20,20,30,10,20,25,10,15,30,15,15,45,25,15,35,15,20,25,15,10,35,10,20,30,15,10,30,15,15,25,10,10,10,5,10,5,0,0,0,5,5,10,5,10,5,0,5,0,5,0,180,135,100,5,20,10,3,140,85,0,0,55,45,30,30,15,5,415,210,210,390,195,190,0,0,0,20,10,15,10,0,5,320,75,20,20,75,315,0,30,0,0,30,0,0,55,25,35,35,0,55,150,0,165,20,0,0,40,0,20,15,0,0,120,0,0,0,0,0,57.1,23.8,1398,1206,290582,291854,20,0,0,1168,1286,50,15,40,35,55,20,25,0,0,20,0,58529,77826,26862,0,0,0,0,0,0,0,0,20,15,20,0,0,11.9
"48080118","DA","Red Deer",0.26213,400,138,137,"4808011","4808","8300016.03","48830","0.61",20,10,10,15,5,5,25,15,15,45,25,20,40,30,15,25,10,10,30,10,15,40,25,10,35,15,15,30,20,15,45,15,25,20,10,10,25,20,5,5,0,5,5,5,5,5,0,5,0,0,0,0,0,0,205,135,105,5,20,5,3,140,125,0,0,10,45,30,25,10,5,400,210,180,375,200,170,0,0,0,20,10,10,5,0,0,395,0,0,0,135,390,0,0,0,0,0,0,0,25,110,40,30,0,50,280,0,40,0,0,0,35,0,135,65,0,0,255,0,0,0,0,0,80,19.2,1872,1723,276178,299522,0,0,0,0,0,60,60,0,0,35,110,0,0,25,0,0,44920,79432,41557,0,0,0,0,0,0,0,0,0,60,30,0,20,2.5
"48080119","DA","Red Deer",0.12853,483,196,190,"4808011","4808","8300016.03","48830","0.317",50,25,25,20,5,15,35,15,20,40,15,20,50,20,30,50,30,20,40,20,25,30,20,10,45,20,25,25,15,10,35,15,15,30,10,15,20,10,10,5,5,5,10,5,0,5,5,5,5,5,0,0,0,0,190,185,130,20,30,10,2.7,190,140,0,0,50,75,40,20,15,5,475,225,255,455,215,240,0,0,0,20,10,5,5,5,5,390,50,35,30,85,345,0,0,0,0,40,0,0,55,125,60,40,0,55,300,10,105,20,0,0,25,0,50,65,45,50,270,25,0,0,0,0,82.6,0,1295,1198,279859,290537,75,50,33.3,1114,998,40,0,20,40,20,110,50,50,0,0,15,53553,60213,44262,0,0,0,0,0,0,0,30,0,30,70,40,30,14.6
"48080122","DA","Red Deer",5.84343,444,172,170,"4808011","4808","8300014.00","48830","0.22399999999999998",25,15,10,25,10,10,25,15,5,30,15,15,15,10,5,10,5,10,15,5,10,20,10,10,20,15,5,40,15,20,50,25,25,50,20,25,50,25,25,40,20,20,10,5,0,15,5,10,5,5,5,0,0,0,275,95,65,5,10,10,2.7,170,165,0,0,5,95,20,25,10,5,445,230,215,390,205,185,0,0,0,50,25,30,5,0,5,425,60,0,0,100,430,0,0,0,0,15,0,0,0,85,25,50,0,100,250,20,130,15,20,30,40,0,40,25,0,0,195,0,0,0,0,0,50,17.6,1063,1404,500380,534573,0,0,0,0,0,40,0,20,20,45,45,50,35,25,20,55,87312,97681,54559,0,0,0,0,0,0,0,15,35,20,85,15,65,10.4
"48080123","DA","Red Deer",0.23875,648,378,326,"4808011","4808","8300014.00","48830","0.48",35,20,20,20,15,10,25,10,15,45,25,25,70,35,40,90,50,40,65,40,25,45,25,15,40,20,20,40,20,20,45,30,20,35,20,15,35,20,15,15,5,5,20,5,10,5,0,5,5,5,5,5,5,5,230,330,205,30,90,20,2.7,325,40,0,25,260,115,45,20,5,5,650,350,295,595,325,270,0,0,0,45,25,25,5,5,5,500,120,25,50,135,435,0,80,0,0,125,0,0,50,125,90,65,35,50,415,20,155,0,40,0,35,0,175,20,0,45,300,20,55,45,0,0,64,23.1,1106,939,199974,210240,200,15,30,836,856,40,20,40,65,165,95,75,40,0,0,0,39989,39168,39989,0,0,15,0,15,0,85,90,30,30,0,0,0,17.7
"48080124","DA","Red Deer",0.13646,371,150,144,"4808011","4808","8300014.00","48830","0.374",10,5,10,15,5,0,5,5,5,10,0,5,20,10,5,25,15,10,20,10,10,15,15,10,15,5,5,15,5,5,20,10,5,30,15,15,25,10,15,20,10,10,20,10,10,30,10,15,30,5,25,50,5,45,145,195,65,15,40,70,2.4,145,30,0,0,115,55,20,0,5,0,365,155,210,355,150,200,0,0,0,10,5,10,5,0,0,245,40,0,0,60,225,0,0,0,0,40,0,0,25,30,60,0,10,0,135,0,130,0,0,0,0,0,65,15,0,0,105,0,0,0,0,0,75,0,1600,1299,243401,269606,105,52.4,31.8,751,789,0,0,50,85,40,35,15,20,0,0,0,42008,42129,31569,0,0,0,0,0,65,0,15,0,10,0,0,0,7.1
"48080125","DA","Red Deer",0.35463,383,161,146,"4808011","4808","8300015.00","48830","0.522",25,15,10,15,15,5,20,10,10,25,15,10,35,20,15,40,20,20,30,15,20,25,20,5,20,5,10,25,15,15,25,10,15,45,20,25,25,10,15,10,5,5,0,0,0,5,5,5,5,0,0,0,0,0,180,140,95,5,25,10,2.8,145,60,0,0,85,65,20,20,10,5,380,205,180,375,200,175,0,0,0,10,5,5,0,0,0,305,70,0,0,60,290,0,0,0,25,0,0,0,40,115,25,55,0,30,165,0,160,0,0,30,0,0,70,25,0,0,125,0,0,0,0,0,57.9,0,749,942,240480,245245,85,0,0,1603,1441,0,20,60,0,45,75,40,0,0,0,0,36821,40784,36741,0,0,0,0,0,0,0,0,0,0,25,0,0,19.5
"48080126","DA","Red Deer",0.11138,332,128,126,"4808011","4808","8300015.00","48830","0.28600000000000003",20,15,5,20,10,10,25,10,10,20,10,10,15,5,10,25,15,10,20,15,10,15,10,5,20,10,5,25,15,10,35,20,20,30,10,20,30,15,15,15,5,5,5,5,0,0,0,0,5,0,5,0,0,0,165,100,70,5,15,10,2.8,125,100,0,0,20,60,20,20,10,5,335,170,160,315,165,150,0,0,0,15,5,10,0,0,0,315,20,0,55,120,275,0,15,0,0,0,0,0,30,125,35,30,0,0,195,0,90,65,0,0,0,0,30,40,0,0,180,0,0,0,0,0,60.9,13,1080,1062,300219,295868,20,0,0,1333,1214,35,20,0,0,30,95,15,20,30,0,0,46871,47053,42190,0,0,0,0,0,0,0,0,45,20,0,0,0,10.6
"48080127","DA","Red Deer",0.1349,466,169,166,"4808011","4808","8300015.00","48830","0.33899999999999997",30,15,15,35,20,20,50,30,15,30,15,15,30,15,15,45,25,20,40,15,20,35,15,20,25,15,15,40,25,20,35,20,15,20,10,10,20,10,10,15,5,5,5,5,5,10,5,5,0,0,0,0,0,0,210,145,100,15,25,10,3,165,110,0,0,55,50,40,30,10,10,465,240,230,440,230,215,0,0,0,15,10,5,10,5,10,395,70,0,0,165,365,0,0,0,0,0,0,0,65,60,85,45,0,45,295,20,60,0,0,0,15,0,75,105,0,0,250,15,0,0,0,0,85.7,0,1291,1151,278951,256269,60,0,0,1165,1002,0,20,30,40,55,15,70,50,35,20,0,57215,64863,52115,0,0,0,0,0,0,20,20,35,20,50,40,15,11.8
"48080128","DA","Red Deer",0.31373,445,211,209,"4808011","4808","8300015.00","48830","0.423",20,5,15,15,5,15,20,10,10,20,10,5,45,25,25,35,20,15,25,20,10,20,10,10,25,10,15,35,20,15,45,25,20,40,20,20,30,10,15,20,10,10,20,10,10,20,5,15,10,5,5,5,0,0,210,175,95,10,50,15,2.5,210,25,0,140,45,90,25,15,10,0,445,230,215,430,225,205,0,0,0,20,10,5,0,0,0,430,0,0,0,90,385,0,0,0,0,0,0,0,80,60,80,30,0,0,220,35,120,0,0,0,0,0,70,80,0,0,180,25,0,0,0,0,23.1,17.5,359,516,40130,73921,0,0,0,0,0,0,35,50,80,55,35,30,30,20,0,0,43640,46226,43535,0,0,0,0,25,0,25,0,30,0,25,0,0,25.8
"48080135","DA","Red Deer",2.66751,2283,758,741,"4808011","4808","8300003.00","48830","0.313",230,120,105,175,80,90,105,50,55,100,45,55,155,80,75,215,100,115,235,125,115,215,110,100,135,70,60,140,70,70,155,75,75,115,60,55,85,35,45,45,20,25,45,20,25,45,20,25,50,20,30,60,25,40,1120,660,395,80,85,100,3,745,705,0,0,35,255,165,150,50,20,2175,1070,1100,2035,1020,1015,5,0,0,130,50,80,5,0,5,1875,170,0,100,460,1670,0,85,0,0,200,0,30,145,290,175,220,65,255,1175,25,305,140,55,140,105,40,255,180,90,0,975,45,0,30,0,20,81.2,23.4,1752,1780,375343,427430,45,0,44.4,1341,1498,100,70,125,100,155,140,180,145,210,75,130,67872,74968,49134,0,0,0,0,0,0,50,20,110,165,290,110,180,6.8
"48080136","DA","Red Deer",0.15497,378,181,153,"4808011","4808","8300003.00","48830","0.313",25,10,15,15,10,10,20,5,15,25,10,15,30,20,10,45,25,20,25,15,10,20,10,15,30,15,15,20,10,10,20,10,10,30,15,15,25,5,15,15,10,10,15,10,5,10,5,5,0,5,0,5,0,0,175,150,105,10,15,15,2.8,155,100,0,0,55,40,30,25,10,0,375,185,190,360,180,180,0,0,0,15,5,5,0,0,0,345,20,0,25,75,305,0,0,25,0,25,0,0,35,55,35,50,0,25,190,0,120,0,0,20,20,0,30,55,20,0,155,25,0,0,0,0,52,24,1118,1134,303293,308850,30,0,0,1179,1195,0,0,30,30,40,50,65,25,30,0,0,47309,58203,36089,0,0,0,0,0,0,20,25,20,25,35,15,20,5.3
"48080137","DA","Red Deer",0.21172,478,228,212,"4808011","4808","8300003.00","48830","0.36",20,0,15,15,10,10,20,5,10,40,20,15,40,20,25,35,20,15,45,25,15,35,15,15,35,20,15,30,10,20,35,15,15,30,15,15,25,15,10,15,5,10,35,15,15,20,15,5,10,5,10,0,0,0,220,205,140,10,25,25,2.5,210,165,0,0,50,90,45,15,5,0,470,225,245,445,215,225,0,0,0,20,10,15,0,0,0,425,40,0,0,135,360,0,0,0,0,0,0,0,115,70,25,55,20,35,295,50,115,35,0,0,0,0,60,120,45,0,220,0,0,0,0,0,58.6,10.3,1078,1251,259740,259562,65,0,46.2,1100,1069,15,25,35,25,125,75,95,0,0,0,0,35288,30832,46408,0,0,0,0,35,35,10,0,35,0,60,0,15,11.7
"48080138","DA","Red Deer",0.17049,375,251,194,"4808011","4808","8300003.00","48830","0.41600000000000004",10,5,10,5,5,5,10,10,5,25,15,10,50,25,20,40,25,20,30,20,15,25,10,10,20,5,10,25,10,15,20,5,15,20,10,15,15,5,5,20,5,15,10,5,5,15,5,15,10,0,5,20,5,20,130,225,145,15,25,40,2.6,195,80,0,0,120,65,20,15,0,0,355,170,175,340,165,170,0,0,0,15,5,5,0,0,0,320,30,0,0,90,285,0,0,0,0,20,0,0,75,100,35,20,0,15,245,0,55,0,0,0,0,0,30,120,0,0,160,0,0,50,0,0,80,0,1104,1040,200655,228208,70,0,21.4,866,966,40,10,0,10,90,0,65,0,20,0,0,53309,53375,26846,0,0,0,0,0,0,10,0,30,0,0,0,0,4.2
"48080139","DA","Red Deer",0.22376,339,146,140,"4808011","4808","8300003.00","48830","0.085",25,15,10,15,10,10,15,10,5,10,0,5,15,5,10,15,10,5,25,15,15,15,5,5,25,10,10,20,10,10,30,15,20,40,25,15,30,15,15,25,15,10,20,10,10,10,5,5,5,0,5,0,0,0,220,65,30,5,15,15,2.7,140,135,0,0,0,75,15,10,10,5,340,180,160,325,170,150,0,0,0,20,5,5,0,0,0,320,25,0,0,105,295,0,0,0,0,0,0,0,25,35,35,25,0,60,190,0,105,65,0,25,30,0,20,20,0,0,125,15,0,0,0,0,25.9,0,682,899,435054,457080,0,0,0,0,0,20,0,0,0,50,45,30,25,20,15,50,65078,53936,65188,0,0,0,0,0,0,0,0,25,25,65,15,50,0
"48080140","DA","Red Deer",1.30855,694,489,404,"4808011","4808","8300010.00","48830","0.498",10,5,5,5,0,5,5,0,5,20,10,10,25,15,5,35,25,10,30,15,15,30,20,10,60,45,10,60,40,20,60,35,25,60,35,30,55,25,30,55,25,25,45,15,25,70,35,35,40,10,30,40,15,25,270,410,190,30,85,95,2.1,405,5,0,0,400,150,5,5,5,0,605,300,300,570,280,290,0,0,0,30,20,10,5,0,5,520,25,0,0,80,480,0,0,0,0,0,0,0,40,80,65,95,0,0,215,0,320,30,0,0,0,0,55,40,0,0,135,0,35,25,0,0,55.6,35.6,734,869,229878,264316,175,0,34.3,974,938,0,110,40,40,65,90,170,0,0,0,0,47456,37028,47460,0,0,15,0,25,60,130,0,50,25,0,0,0,19.1
"48080141","DA","Red Deer",0.22311,387,290,254,"4808011","4808","8300004.00","48830","0.513",15,10,10,5,0,0,5,5,5,15,0,15,35,15,20,50,25,20,40,25,15,30,15,20,30,20,10,35,20,15,35,20,10,35,15,20,20,10,10,10,5,5,5,0,0,10,5,0,5,0,0,5,0,0,115,245,155,25,45,20,2.2,255,5,0,0,250,70,15,10,0,0,380,190,195,360,180,185,0,0,0,15,5,5,5,5,5,230,150,0,25,60,240,0,0,0,0,125,0,0,0,65,0,105,75,50,265,0,90,0,0,65,0,0,130,25,0,0,150,30,0,80,0,0,0,0,0,0,0,0,220,0,56.8,787,796,0,20,35,55,145,30,0,0,0,0,0,33402,33378,39260,0,0,0,30,70,0,55,0,0,0,0,0,0,26
"48080142","DA","Red Deer",0.1837,562,404,356,"4808011","4808","8300004.00","48830","0.498",15,10,10,10,10,0,5,0,5,20,10,10,85,45,40,65,20,40,65,40,25,30,20,10,30,15,15,50,25,25,40,20,20,40,20,25,25,10,15,25,10,15,20,5,10,10,5,5,10,5,5,5,0,5,200,325,190,25,75,30,2.3,355,15,50,0,290,120,25,5,0,0,565,275,285,535,260,275,0,0,0,20,10,5,5,5,0,430,120,0,65,80,445,0,0,0,0,105,0,0,20,40,20,35,60,60,365,0,155,25,0,40,25,0,115,95,0,0,265,0,15,60,0,0,0,0,649,918,330045,429280,355,0,43.7,906,961,55,45,65,35,95,50,115,35,20,0,0,45156,50436,30708,30,0,35,0,110,0,115,30,35,0,15,0,0,33
"48080143","DA","Red Deer",0.14917,293,162,137,"4808011","4808","8300003.00","48830","0.46799999999999997",10,5,10,15,10,10,10,5,10,20,5,10,35,15,20,35,20,15,20,15,5,15,5,10,20,10,15,25,10,15,20,15,10,15,10,10,15,10,5,15,5,5,10,5,0,5,0,5,5,5,0,5,0,0,110,140,95,15,25,10,2.7,140,90,0,0,45,60,20,15,5,0,290,150,145,290,150,145,0,0,0,0,0,0,0,0,0,235,55,0,15,90,190,0,0,0,0,0,0,0,0,100,0,10,0,0,230,0,15,0,0,0,0,0,100,45,0,0,165,0,0,35,0,0,0,0,467,761,250453,251919,110,0,45.5,704,950,15,0,0,35,25,130,0,0,25,0,0,27379,45599,14423,0,0,0,0,0,75,0,0,0,0,20,0,0,17.2
"48080144","DA","Red Deer",0.50747,924,410,359,"4808011","4808","8300003.00","48830","0.534",70,40,30,60,25,35,60,30,30,95,50,40,115,55,60,85,40,50,80,30,45,55,25,25,60,20,40,50,30,25,50,20,30,45,15,25,35,20,15,30,15,15,15,10,5,15,5,10,5,5,0,5,0,0,340,400,290,30,55,25,2.8,360,95,0,0,265,135,75,45,20,5,915,435,475,845,405,445,0,0,0,60,30,35,0,0,0,775,150,0,20,140,790,0,15,0,120,10,0,0,30,150,75,115,0,90,480,35,210,50,0,115,30,0,140,35,0,0,385,0,0,65,0,0,50,0,579,817,313659,311999,305,0,38.7,1143,1107,60,40,80,25,185,35,80,15,115,10,0,47254,54680,40402,0,0,0,0,85,20,65,20,40,100,20,0,0,18.9
"48080145","DA","Red Deer",0.34187,790,506,456,"4808011","4808","8300004.00","48830","0.425",40,25,15,25,10,15,15,5,10,50,20,35,160,90,65,110,55,55,45,30,10,45,25,20,50,25,20,50,25,25,50,30,15,45,25,20,25,10,20,25,10,15,15,10,10,15,5,10,10,5,10,10,0,5,270,440,300,35,75,30,2.4,455,20,0,75,360,170,45,20,5,0,790,405,385,745,375,370,0,0,0,45,35,15,0,0,0,685,110,0,125,180,535,0,20,35,0,0,0,0,165,100,45,110,0,35,405,55,240,0,20,0,25,0,170,80,110,0,215,45,0,80,0,0,47.4,21.1,405,725,95046,139385,365,18.1,50,880,856,110,30,80,80,120,95,90,30,25,0,0,34924,33494,41720,65,0,35,40,45,60,90,30,50,0,25,0,0,26.6
"48080146","DA","Red Deer",0.09328,461,302,288,"4808011","4808","8300004.00","48830","0.6709999999999999",20,10,10,10,0,5,10,10,0,10,0,10,30,10,20,35,20,15,25,15,10,10,5,5,5,0,0,10,5,0,15,5,10,10,5,10,35,10,25,30,15,20,40,10,30,65,25,40,50,10,35,65,10,55,60,365,100,30,95,145,2.8,285,0,0,0,290,30,25,10,5,0,465,170,295,445,170,280,5,0,5,10,5,5,5,0,5,335,60,0,20,45,355,0,0,0,0,0,0,0,70,0,25,110,0,0,160,0,215,0,0,0,0,0,90,0,0,0,35,0,0,0,0,0,0,0,0,0,0,0,225,77.8,66.7,531,541,0,0,125,110,120,0,0,0,0,0,0,21896,21954,0,0,0,60,95,40,0,0,0,0,0,0,0,0,40
"48080147","DA","Red Deer",0.33958,505,402,335,"4808011","4808","8300004.00","48830","0.583",10,5,5,5,5,0,5,5,0,15,5,10,50,20,30,60,30,30,30,25,10,20,15,5,20,10,10,50,20,25,50,20,25,55,25,30,35,20,15,25,10,15,20,5,10,25,10,15,20,5,20,15,10,5,160,325,180,30,80,35,2.3,335,15,140,0,185,105,15,0,0,0,495,245,255,455,225,235,0,0,0,40,20,20,0,0,0,570,20,0,80,75,575,0,0,0,0,0,0,0,130,35,65,100,0,0,295,70,200,0,15,45,0,0,45,115,0,0,175,0,0,60,0,0,65.6,31.2,848,894,199980,302297,170,0,61.8,1145,1237,85,0,75,35,125,70,80,30,0,0,0,41676,44822,41532,0,0,0,25,55,85,70,20,40,0,0,0,0,11
"48080148","DA","Red Deer",2.92285,495,225,220,"4808011","4808","8300002.00","48830","0.257",20,15,5,25,15,10,10,5,5,20,10,15,35,25,10,25,10,15,20,5,10,20,10,15,20,10,5,35,15,20,35,15,20,35,20,20,45,15,30,30,15,15,35,10,20,30,15,15,25,10,15,30,10,15,290,150,85,5,25,30,2.4,220,140,0,0,75,100,25,20,5,5,495,235,255,465,220,245,0,0,0,20,15,10,5,5,0,415,75,0,55,85,415,0,0,0,0,20,0,0,30,70,40,120,0,20,235,0,195,45,0,0,45,20,25,55,0,0,215,0,0,0,0,0,44.2,23.3,712,1060,299801,332612,0,0,0,0,0,55,0,35,35,70,85,85,20,0,15,30,55339,55468,51914,0,0,0,0,20,0,45,30,45,20,45,10,35,8.1
"48080149","DA","Red Deer",0.72136,728,473,400,"4808011","4808","8300002.00","48830","0.626",40,25,15,20,15,10,25,15,10,35,15,20,100,55,50,85,45,35,60,35,30,50,25,25,30,20,10,50,20,25,40,15,25,55,25,25,35,15,15,20,0,15,35,10,30,20,15,10,15,5,5,10,0,10,255,380,255,30,55,40,2.6,400,15,0,0,385,125,40,25,10,5,730,355,370,680,330,355,0,0,0,40,20,20,0,0,0,540,65,0,75,125,460,0,0,30,0,80,0,0,35,25,95,120,0,50,285,95,190,0,0,25,40,0,135,0,0,0,180,0,0,55,0,0,81.8,0,848,1021,299980,319365,345,14.5,62.3,931,969,0,0,95,55,155,85,50,25,0,0,0,25842,32218,15482,0,0,40,0,100,95,50,35,0,0,0,0,0,13.2
"48080150","DA","Red Deer",0.21727,453,185,180,"4808011","4808","8300002.00","48830","0.299",25,10,15,15,10,10,30,15,15,35,15,25,45,30,15,30,15,5,35,10,25,25,10,5,25,10,15,40,15,25,45,20,15,30,10,20,30,10,20,15,5,10,15,5,10,10,5,0,10,5,10,5,0,0,210,170,125,5,30,15,2.8,180,105,0,0,70,70,25,20,5,5,455,215,235,425,205,215,0,0,0,25,10,15,0,0,0,385,45,25,0,110,320,0,0,0,0,80,0,0,0,45,60,85,0,50,285,0,60,0,0,0,45,0,80,70,0,0,215,30,25,0,0,0,65.5,25,1550,1261,240495,266156,35,0,50,1147,1185,50,0,15,30,30,55,80,30,15,15,0,49385,59946,46145,0,0,0,0,0,0,30,0,30,15,40,30,15,14.4
"48080151","DA","Red Deer",0.15349,373,154,151,"4808011","4808","8300002.00","48830","0.142",15,5,5,30,15,15,20,5,10,15,5,10,20,15,5,20,10,10,25,15,5,20,5,15,30,20,10,35,20,10,30,15,20,50,20,30,20,15,5,15,10,10,15,5,5,10,5,5,10,5,0,0,0,0,215,100,65,5,15,10,2.7,150,120,0,0,35,70,30,20,10,5,375,190,185,340,175,165,0,0,0,30,10,20,5,5,0,315,55,0,30,105,330,0,0,0,0,0,0,0,15,65,25,75,20,55,220,0,90,30,0,35,20,0,55,35,0,0,180,0,0,0,0,0,58.3,0,1369,1206,349177,330746,35,0,0,924,912,15,30,25,20,50,50,25,20,40,30,0,61413,61260,69114,0,0,0,0,0,0,0,0,40,35,45,20,0,6.7
"48080152","DA","Red Deer",0.15009,558,304,297,"4808011","4808","8300002.00","48830","0.39",25,15,15,15,5,5,10,10,5,35,15,15,70,30,35,50,25,20,55,25,35,40,20,15,25,15,15,40,20,25,45,25,20,40,20,20,20,10,10,30,10,15,20,10,10,10,5,5,10,10,10,10,0,5,220,290,185,20,55,25,2.5,295,65,0,0,235,110,35,15,5,5,560,270,285,515,250,265,0,0,0,45,20,25,0,0,0,460,55,0,35,145,415,0,0,0,0,55,0,0,30,105,20,45,0,115,325,20,160,25,0,20,35,0,155,35,0,0,205,0,0,75,0,0,37,0,483,798,240478,258228,160,0,56.2,903,851,40,0,75,40,150,30,35,35,15,20,0,33958,54893,26428,0,0,0,0,100,15,35,30,0,15,30,0,15,19.8
"48080153","DA","Red Deer",0.36456,593,339,296,"4808011","4808","8300011.00","48830","0.563",45,25,15,25,20,10,20,10,10,30,15,20,100,45,50,65,30,35,60,40,25,55,35,15,40,20,20,45,20,25,30,15,15,30,15,15,15,10,5,5,0,0,5,0,5,10,5,5,5,0,5,0,0,0,235,270,185,25,50,10,2.7,300,25,0,0,270,100,40,15,10,5,595,310,285,550,285,265,0,0,0,40,25,15,10,5,5,410,135,50,55,90,450,0,0,0,0,75,0,0,25,55,75,65,25,85,425,0,100,50,0,0,0,0,100,55,0,45,320,0,80,0,0,0,80,0,1030,1034,200296,196154,225,8.9,52.3,839,958,30,50,35,45,190,80,60,0,0,0,0,32028,45359,32015,0,0,0,0,70,75,55,0,0,0,0,0,0,21.8
"48080154","DA","Red Deer",0.08705,282,153,131,"4808011","4808","8300011.00","48830","0.502",10,10,5,20,5,15,10,0,5,15,5,10,35,15,15,40,20,25,25,15,10,15,10,5,15,5,10,30,15,15,20,15,10,20,5,15,15,10,0,0,0,5,0,5,0,0,0,0,0,0,0,0,0,0,105,135,95,10,25,5,2.7,135,30,0,0,100,50,15,15,5,0,285,135,145,275,135,135,0,0,0,10,5,5,5,0,0,275,0,0,35,45,215,0,0,0,0,0,0,0,25,35,0,30,0,0,165,10,45,0,0,0,0,0,55,10,0,0,75,0,0,0,0,0,81.8,0,1516,1335,95070,128204,90,0,0,848,768,0,0,75,15,15,40,0,35,0,0,0,66068,66117,0,0,0,0,0,0,0,15,0,0,0,0,0,0,17.5
"48080155","DA","Red Deer",0.30206,771,389,346,"4808011","4808","8300011.00","48830","0.5820000000000001",65,30,25,35,15,25,55,25,30,65,35,35,115,55,65,80,50,30,65,25,40,65,35,35,50,35,20,40,20,20,55,25,25,35,25,15,20,10,10,10,5,5,5,0,5,0,0,0,5,5,0,5,0,0,250,370,280,30,50,15,2.8,345,55,0,0,295,130,40,30,25,5,770,395,375,735,380,355,0,0,0,25,15,10,10,0,5,705,45,0,210,85,530,0,0,0,0,45,0,0,130,105,65,115,0,0,420,0,165,60,0,0,0,0,50,130,35,20,240,100,0,0,0,0,83.3,0,847,931,200463,226175,285,0,39.7,868,866,70,0,0,85,85,155,85,0,0,0,0,43169,43186,38438,0,0,0,80,40,35,80,35,0,30,20,0,0,39.9
"48080156","DA","Red Deer",0.07558,319,192,156,"4808011","4808","8300011.00","48830","0.381",30,20,15,15,10,10,15,10,5,20,10,15,40,20,25,40,25,15,35,25,15,15,10,5,15,10,5,30,10,15,30,20,10,10,5,10,10,5,0,5,0,0,0,0,0,0,0,5,0,5,0,0,0,5,95,155,115,15,25,5,2.9,160,35,0,0,125,45,20,10,5,5,320,170,150,300,160,140,0,0,0,5,0,0,10,5,5,200,45,0,0,15,150,0,90,0,0,0,0,0,20,50,0,25,0,25,110,0,40,0,0,0,0,0,0,0,0,30,70,0,0,0,0,0,50,0,501,813,268650,248198,70,0,69.2,1101,1101,0,30,0,0,25,60,0,0,0,0,0,33229,33239,0,0,0,0,0,20,40,10,0,0,0,10,0,0,52
"48080157","DA","Red Deer",0.09771,361,197,177,"4808011","4808","8300011.00","48830","0.375",25,15,10,20,20,0,10,5,5,20,10,10,35,20,20,50,30,20,30,15,15,30,20,10,20,10,5,30,15,15,20,15,10,25,15,10,10,5,5,5,5,5,5,5,5,0,0,0,0,5,0,0,0,5,125,175,130,15,15,10,2.8,180,50,0,0,125,50,25,15,5,5,365,210,150,345,205,140,0,0,0,10,5,10,5,0,0,295,70,0,25,40,275,30,0,0,0,25,0,0,95,55,0,70,0,0,245,0,75,0,0,0,30,0,130,30,0,30,195,0,0,25,0,0,76.9,0,902,824,200198,217755,110,0,31.8,809,881,10,25,15,20,40,85,65,0,0,0,0,38063,37998,45109,0,0,0,0,0,50,25,0,25,45,0,0,0,15.3
"48080158","DA","Red Deer",0.25728,728,383,341,"4808011","4808","8300011.00","48830","0.493",55,30,30,30,15,15,25,10,15,50,25,30,75,35,45,95,50,45,75,40,35,65,40,20,55,35,20,45,25,20,55,35,20,25,15,10,35,20,20,15,5,10,15,5,10,10,5,5,5,0,0,5,0,0,260,355,250,30,60,20,2.6,345,65,5,0,275,120,50,25,10,5,695,355,345,670,335,330,0,0,0,25,15,10,5,5,5,680,95,35,90,230,555,0,0,0,0,55,0,0,180,200,75,30,0,0,390,85,170,20,0,0,0,0,110,135,45,20,255,15,90,20,0,0,75,0,1556,1408,219361,216179,285,25,41.1,981,880,55,30,35,65,165,115,65,15,0,40,0,42361,43313,42315,0,0,0,50,0,30,50,45,25,55,30,0,0,16
"48080159","DA","Red Deer",0.29844,1010,479,437,"4808011","4808","8300013.00","48830","0.591",75,35,40,70,40,30,60,30,30,80,40,40,95,45,50,100,55,50,95,50,50,85,45,40,80,45,35,65,25,40,65,30,40,50,30,20,40,15,30,25,10,10,15,10,10,5,5,5,5,5,0,5,0,5,365,450,310,35,85,20,2.8,440,70,115,0,250,140,75,55,20,5,1010,500,505,950,475,475,5,0,5,35,15,20,25,15,10,950,60,0,80,195,765,0,20,30,0,50,0,0,290,115,160,130,15,25,685,50,170,20,25,15,0,0,265,180,90,0,445,0,70,10,0,50,88.5,73.1,1370,1460,255377,240868,400,0,38.5,943,971,55,20,170,55,110,185,105,105,25,0,0,44987,59881,44416,0,0,65,0,80,50,25,30,105,105,20,20,0,26.7
"48080160","DA","Red Deer",0.20142,498,190,183,"4808011","4808","8300013.00","48830","0.31",45,15,25,40,20,20,30,15,20,30,20,10,30,15,15,35,15,20,40,20,25,35,15,20,30,15,15,40,15,25,45,25,20,35,15,15,25,15,15,20,15,10,0,5,0,5,0,5,10,5,0,5,0,5,220,165,110,15,30,10,2.8,180,130,0,0,50,75,45,20,10,10,495,245,255,485,235,250,0,0,0,10,10,0,5,5,5,330,60,0,40,80,265,0,0,75,0,0,0,0,50,55,60,35,0,0,220,10,60,0,0,0,0,0,80,60,0,0,160,0,25,0,0,0,75,20,1355,1140,250851,241856,30,100,0,702,609,30,10,80,35,20,40,0,0,0,0,0,36712,63796,11539,0,0,0,0,0,0,0,15,45,0,20,10,0,24.7
"48080161","DA","Red Deer",0.19553,554,242,206,"4808011","4808","8300012.00","48830","0.26",45,30,15,25,10,15,55,30,25,35,20,15,55,20,25,50,30,25,45,20,25,50,30,20,30,10,20,40,15,25,40,20,15,40,20,15,15,10,10,15,5,5,10,5,0,0,0,5,5,0,0,0,0,0,250,180,135,10,30,10,2.9,205,80,0,0,125,80,40,30,15,5,555,280,270,530,270,260,0,0,0,20,10,10,5,5,0,500,50,0,20,90,475,0,50,0,0,0,0,0,45,100,60,95,0,0,295,20,80,60,0,15,0,0,60,80,35,10,245,20,0,0,0,0,65,0,1426,1323,279304,282577,105,0,61.9,1168,1041,60,15,15,30,45,35,75,30,55,0,0,47191,86763,33890,0,0,0,0,20,10,50,0,40,15,40,15,20,22.5
"48080162","DA","Red Deer",0.07965,503,213,188,"4808011","4808","8300012.00","48830","0.486",50,25,25,35,15,20,40,20,15,30,25,10,75,35,40,80,35,40,45,25,25,35,15,15,25,15,15,30,10,15,25,10,10,10,5,5,10,10,5,10,5,5,5,5,0,0,0,0,5,0,5,0,0,0,175,205,160,20,15,5,2.9,190,5,0,0,185,70,35,25,15,10,505,255,250,465,235,230,5,0,0,30,10,20,5,5,0,440,65,0,70,155,315,0,0,85,0,10,0,0,90,75,35,65,0,45,230,30,140,0,0,0,0,0,105,90,0,0,180,0,0,0,0,0,57.1,0,1063,1067,189599,201402,190,0,32.4,1022,974,0,60,0,100,85,40,60,0,0,0,0,41826,41849,21727,0,0,0,0,40,40,55,25,35,0,0,0,0,17.8
"48080163","DA","Red Deer",0.15197,436,152,146,"4808011","4808","8300012.00","48830","0.522",25,10,15,25,15,5,30,20,10,40,15,20,30,15,10,20,10,5,25,10,10,35,20,15,25,15,15,40,20,20,35,20,15,30,15,15,35,15,20,20,15,5,15,5,5,10,0,5,5,0,5,0,0,0,215,145,105,10,15,10,2.9,150,120,0,0,25,50,35,20,10,10,425,225,205,395,210,185,0,0,0,35,15,20,0,0,0,505,25,0,230,75,360,0,0,0,0,0,0,0,50,95,80,40,0,0,260,0,170,15,0,0,0,0,100,20,0,0,195,0,50,0,0,0,60,24,1356,1138,262958,254821,0,0,0,0,0,35,0,20,15,65,55,25,0,40,0,35,39203,59712,20035,0,0,0,0,0,0,0,0,0,0,70,30,35,34.9
"48080164","DA","Red Deer",3.82123,2858,1118,1083,"4808011","4808","8300012.00","48830","0.218",225,125,105,180,85,90,170,90,85,165,80,90,215,105,105,285,140,145,255,140,115,225,120,110,190,90,100,200,95,100,190,95,100,150,80,80,140,70,70,85,45,35,80,40,40,60,25,35,30,15,20,10,5,5,1485,790,555,40,130,60,2.9,1080,775,0,0,305,445,180,165,60,40,2860,1440,1420,2680,1360,1315,5,0,5,165,70,95,15,5,5,2560,195,15,115,795,2380,0,130,0,0,50,0,0,350,365,250,330,50,235,1525,70,625,170,65,125,100,25,365,325,60,45,1265,110,25,25,0,40,70.6,16.2,1478,1466,359567,397557,215,0,60.5,1329,1309,180,140,85,105,380,280,275,235,195,115,90,57230,70295,43497,35,0,0,0,95,35,115,85,120,160,350,160,185,10.8
"48080165","DA","Red Deer",0.1093,277,119,117,"4808011","4808","8300012.00","48830","0.226",15,5,5,15,5,10,10,5,10,20,10,10,10,5,5,30,10,15,15,10,5,15,5,10,10,10,5,15,10,10,25,15,15,15,5,5,15,5,10,15,5,5,25,10,15,15,10,10,10,5,5,5,0,0,125,110,65,5,25,20,2.6,115,115,0,0,0,50,15,15,0,5,275,130,140,260,130,130,0,0,0,15,0,10,0,0,0,255,25,0,0,70,250,0,0,0,0,25,0,0,0,45,25,25,0,0,130,0,105,0,0,30,0,0,35,25,0,0,80,0,0,0,0,0,29.4,0,432,749,269616,254305,30,0,0,1602,1401,10,10,15,20,75,35,30,20,0,0,0,42611,46823,30022,0,0,0,0,15,0,0,20,40,0,15,0,0,0
"48080167","DA","Red Deer",0.14845,396,150,148,"4808011","4808","8300012.00","48830","0.35700000000000004",15,5,10,25,5,15,30,20,10,25,10,15,25,10,15,25,15,15,20,10,10,30,15,15,25,10,15,35,15,15,45,25,20,20,10,10,25,10,15,20,10,5,10,5,5,5,5,0,5,0,5,5,0,5,190,130,90,15,15,10,2.8,150,125,0,0,25,55,30,20,10,5,395,190,205,365,185,185,0,0,0,25,10,15,0,0,0,360,0,0,45,35,365,0,0,0,0,0,0,0,85,85,20,35,0,40,230,40,75,35,0,0,20,0,90,25,0,0,220,0,0,0,0,0,71.4,25.7,1529,1342,274561,274120,0,0,0,0,0,35,40,0,0,85,45,45,0,0,15,0,50473,33799,55408,0,0,0,0,45,0,0,15,60,50,0,0,0,14.1
"48080168","DA","Red Deer",0.15148,348,144,137,"4808011","4808","8300012.00","48830","0.28600000000000003",25,10,20,20,5,15,20,10,5,20,15,10,25,10,15,30,15,15,25,15,15,15,5,10,15,10,5,25,15,10,30,15,15,25,15,15,20,10,10,20,10,10,10,5,5,15,10,5,10,5,0,0,0,0,160,115,80,5,20,10,2.9,135,85,0,0,50,55,20,20,10,5,350,170,180,330,155,170,0,0,0,20,10,10,0,0,0,325,25,0,0,145,220,0,0,0,0,0,0,0,25,65,50,25,0,0,150,20,85,0,0,0,0,0,50,50,20,0,135,0,0,0,0,0,55,14.3,1105,1078,250470,269225,20,0,0,1488,1376,0,0,25,30,50,45,45,0,20,0,0,43179,51946,36904,0,0,0,0,0,15,0,0,30,30,15,20,0,11.4
"48080169","DA","Red Deer",0.17863,392,165,159,"4808011","4808","8300012.00","48830","0.281",10,5,5,20,10,10,20,5,15,20,10,10,35,20,15,20,10,10,25,15,15,15,10,10,20,10,5,35,15,20,30,15,10,35,20,15,15,5,10,25,10,10,25,10,10,15,10,10,15,5,10,5,0,0,220,120,80,10,15,15,2.8,160,155,0,0,5,65,30,30,5,0,390,200,190,370,195,180,0,0,0,25,5,15,0,0,0,360,30,0,15,175,350,0,0,0,0,0,0,0,0,80,25,40,0,40,155,10,155,15,0,0,20,0,15,65,0,0,155,0,0,0,0,0,45.2,6.5,574,988,299264,291159,0,0,0,0,0,30,0,20,25,65,30,40,20,35,0,0,69146,89655,54707,0,0,0,0,0,0,15,0,15,35,25,0,20,5.1
"48080235","DA","Red Deer",5.93671,1069,398,341,"4808011","4808","8300009.00","48830","0.29600000000000004",60,30,35,35,15,15,35,20,15,65,35,35,110,55,55,125,70,60,75,35,35,45,30,15,55,30,30,95,60,35,115,55,55,90,55,30,65,40,25,45,20,20,25,10,10,20,10,5,10,5,5,5,0,0,390,550,470,20,45,10,2.8,340,190,0,0,150,130,75,45,15,5,835,425,410,785,400,385,0,0,0,45,20,25,0,0,5,690,130,0,65,355,625,0,0,0,10,75,0,0,50,90,30,110,45,200,555,25,105,75,50,30,65,65,85,60,0,25,500,25,0,0,0,0,81.5,11.1,1757,1565,324963,346626,75,0,35.7,965,1093,55,10,25,55,95,100,120,75,65,40,15,58048,66417,48789,0,0,0,0,10,40,15,25,65,65,100,65,40,8.5
"48080236","DA","Red Deer",0.23629,464,285,232,"4808011","4808","8300009.00","48830","0.337",25,20,5,10,5,5,15,10,5,30,15,15,55,25,30,50,30,20,35,20,20,30,15,15,30,20,10,40,15,20,45,30,15,40,20,25,30,15,15,15,5,10,0,5,0,15,5,10,0,0,0,5,5,0,195,220,140,25,45,10,2.7,235,100,15,0,115,90,25,15,10,0,465,250,210,440,235,200,0,0,0,25,10,15,0,0,0,445,10,0,70,155,400,0,0,0,0,60,0,0,20,55,90,40,0,35,220,0,175,20,0,60,10,0,45,35,0,0,175,0,0,0,0,0,11.5,0,452,636,229941,248009,105,0,35,801,991,25,55,25,0,50,75,45,40,25,15,0,50108,51256,50092,0,0,0,0,10,0,75,0,20,10,25,15,15,19.4
"48080238","DA","Red Deer",0.11397,350,217,186,"4808011","4808","8300009.00","48830","0.348",25,15,15,10,0,5,10,10,5,20,5,10,50,20,35,50,25,25,15,10,5,20,15,5,15,5,5,25,10,15,20,5,15,25,10,15,15,0,15,15,10,5,10,0,5,15,5,5,5,5,5,5,0,0,145,155,85,15,35,20,2.3,190,10,0,0,175,75,30,10,0,0,350,155,195,335,150,180,0,0,0,15,5,10,0,0,0,265,85,0,25,65,235,0,10,0,0,80,0,0,0,50,30,40,0,50,205,65,55,0,0,50,25,0,85,45,0,0,170,0,0,0,0,0,38.9,15.8,439,915,229907,240878,95,0,57.9,1001,1017,30,25,0,40,65,60,30,30,0,0,0,34983,34975,34996,0,0,0,0,45,45,25,30,25,0,0,0,0,7.1
"48080239","DA","Red Deer",0.05022,250,106,95,"4808011","4808","8300009.00","48830","0.433",20,15,5,20,5,10,20,10,5,10,10,5,35,25,10,20,10,15,25,5,15,10,10,5,15,5,5,10,5,5,20,10,15,15,10,5,15,5,5,0,5,0,0,0,0,0,0,0,0,0,0,0,0,0,115,70,50,5,15,5,3,95,30,0,0,60,35,25,15,10,0,250,140,115,225,120,105,5,0,5,20,10,5,5,0,0,160,80,0,0,25,215,0,30,25,0,0,0,0,0,50,15,20,0,25,185,0,15,0,0,0,30,0,45,100,0,0,160,0,0,0,0,0,88.9,NA,1318,1249,220011,215087,55,0,NA,1099,1081,NA,NA,NA,NA,NA,NA,NA,NA,NA,NA,NA,NA,NA,NA,NA,NA,NA,NA,NA,NA,NA,NA,NA,NA,NA,NA,NA,NA
"48080240","DA","Red Deer",0.14193,358,133,125,"4808011","4808","8300009.00","48830","0.031",35,15,15,30,10,15,25,15,10,35,25,10,15,5,5,15,5,10,25,15,15,25,15,10,20,15,15,45,20,25,25,15,10,30,20,15,15,5,10,5,5,0,5,0,0,5,5,0,5,0,0,0,0,5,185,90,60,5,20,5,3.1,125,110,0,0,15,45,20,25,10,5,360,185,175,330,175,155,0,0,0,30,10,15,0,0,0,285,25,0,30,80,275,0,0,0,0,0,0,0,0,45,25,60,0,35,175,15,50,0,0,0,20,0,55,25,10,0,150,0,0,0,0,0,63.2,15.8,1267,1190,309410,304261,0,0,0,0,0,40,30,0,15,10,40,45,0,20,0,0,57489,67236,40336,0,0,0,0,0,0,0,0,20,20,35,20,0,12.9
"48080243","DA","Red Deer",0.1866,685,326,324,"4808011","4808","8300009.00","48830","0.325",40,30,15,30,15,10,30,15,20,40,15,20,60,35,20,45,15,30,35,20,10,30,15,20,35,20,15,40,20,20,50,20,30,30,15,15,35,15,20,30,15,15,35,15,25,40,10,25,35,10,30,50,10,35,330,255,115,15,40,85,2.7,325,135,0,0,190,90,50,30,10,5,685,305,375,635,285,355,0,0,0,50,20,25,0,5,5,610,75,0,75,265,530,0,0,10,0,0,0,0,20,40,50,90,0,95,330,0,255,25,30,30,35,0,95,40,0,0,265,20,0,0,0,0,65.5,17.2,817,1053,250214,274948,60,0,0,451,756,35,0,45,80,160,55,55,65,30,40,0,56624,63393,21617,0,0,0,15,110,25,45,15,70,25,45,15,30,4.4
"48080244","DA","Red Deer",0.15554,633,219,211,"4808011","4808","8300006.00","48830","0.327",50,20,30,50,30,15,55,30,25,40,20,20,65,30,35,70,35,35,70,35,40,45,30,20,40,20,25,45,20,30,30,20,10,30,10,15,15,5,10,10,5,5,0,0,5,0,0,0,5,0,5,5,0,0,240,240,160,20,50,10,3.2,210,125,0,0,85,50,55,40,25,5,630,315,310,595,300,290,0,0,0,35,15,15,5,0,5,480,90,0,40,140,440,0,0,0,0,105,0,0,35,95,60,75,0,60,365,25,60,25,35,40,35,0,90,75,0,0,300,25,0,0,0,0,71,25,1337,1149,270023,275657,50,0,0,1201,1181,35,0,30,0,80,85,100,50,35,0,0,53294,55127,48612,0,0,0,0,0,30,25,40,25,40,40,0,25,1.7
"48080245","DA","Red Deer",0.18724,473,176,174,"4808011","4808","8300006.00","48830","0.155",25,15,5,25,15,10,30,15,20,35,15,20,40,20,20,30,15,10,35,20,15,15,10,10,30,15,15,45,20,25,60,30,30,35,15,20,30,20,15,15,5,15,10,5,0,5,5,0,5,5,0,5,0,0,240,155,110,10,20,15,2.9,175,165,0,0,10,60,35,40,10,5,470,235,230,445,225,220,0,0,0,30,15,15,5,0,0,415,55,0,0,165,345,0,0,0,20,20,0,0,30,90,30,45,0,80,275,0,100,30,15,35,45,0,55,50,0,0,240,0,0,0,0,0,43.8,22.6,703,1053,321535,333792,15,0,0,1237,1368,35,50,25,25,40,50,35,20,50,20,20,56447,77102,43580,0,0,0,0,0,25,20,0,20,25,55,20,40,8.5
"48080246","DA","Red Deer",0.16178,573,269,254,"4808011","4808","8300006.00","48830","0.38",30,15,10,25,15,15,25,10,15,40,20,20,35,20,25,45,30,15,40,15,20,20,15,10,25,15,20,45,25,25,40,25,15,30,10,20,35,15,15,30,10,20,15,10,5,30,10,20,30,10,15,25,5,15,230,265,150,20,45,50,2.8,255,55,0,0,200,85,30,25,15,10,570,275,300,545,265,285,0,0,0,25,15,15,5,0,0,490,85,0,20,165,460,0,0,0,0,45,0,0,45,60,30,55,0,20,295,20,170,15,0,15,55,0,65,75,0,25,215,20,25,0,0,0,62.5,25,1092,1001,210646,221104,95,0,68.4,1448,1235,25,0,85,95,15,100,60,45,20,0,0,45121,45079,48963,0,0,0,0,0,95,0,45,25,20,25,0,20,4.3
"48080247","DA","Red Deer",0.11903,548,191,186,"4808011","4808","8300006.00","48830","0.17300000000000001",40,25,20,45,25,25,30,20,10,55,25,30,50,30,20,30,15,20,30,15,20,35,20,15,40,15,25,55,25,30,55,30,20,35,15,20,20,5,10,10,5,5,10,5,5,5,5,5,10,5,5,5,0,0,225,195,135,20,30,10,3.2,185,130,0,0,60,55,35,40,15,10,545,270,275,515,250,260,0,0,0,35,15,15,5,0,0,485,20,0,15,105,420,0,0,0,10,15,0,0,55,55,75,85,0,40,285,25,110,35,0,0,20,0,75,35,35,0,205,0,20,0,0,0,63.3,13.3,1016,1093,319689,330037,40,0,0,1746,1611,30,45,25,15,50,40,85,20,30,30,0,55858,56248,54613,0,0,0,0,0,20,0,40,25,40,45,20,20,5.8
"48080248","DA","Red Deer",0.21764,449,193,192,"4808011","4808","8300006.00","48830","0.273",20,10,10,25,20,10,25,20,5,40,20,15,30,15,15,40,20,25,20,10,15,20,10,5,30,15,15,40,20,20,50,25,25,25,15,10,20,5,15,10,5,5,15,5,5,20,10,10,10,0,5,10,0,10,200,175,115,15,40,20,2.7,195,160,0,0,30,70,35,25,5,5,440,225,215,425,220,210,0,0,0,15,5,10,0,0,0,405,40,0,0,205,255,0,0,0,0,0,0,0,20,90,40,95,0,25,235,30,90,20,15,0,35,0,70,55,0,0,165,0,0,0,0,0,72.7,18.2,1357,1201,264755,256937,30,0,0,1133,1161,35,35,40,0,45,55,55,25,50,0,0,57485,60449,57427,0,0,0,0,0,35,15,20,55,0,30,30,0,8
"48080249","DA","Red Deer",0.23856,413,210,187,"4808011","4808","8300006.00","48830","0.327",30,10,25,15,5,5,25,10,15,35,15,20,25,10,15,45,25,20,30,15,15,20,10,10,25,10,10,30,15,15,45,25,20,30,15,20,15,10,5,10,5,10,15,5,5,15,5,15,10,5,0,5,0,0,160,180,115,10,40,15,2.7,185,105,0,0,80,80,25,25,5,0,410,190,225,400,180,215,0,0,0,15,5,5,0,0,0,300,90,25,0,135,310,0,0,0,0,0,0,0,55,20,25,50,0,35,165,20,140,0,0,0,20,0,60,15,0,0,115,0,0,0,0,0,45.8,45.8,656,1001,289244,290727,65,0,57.1,902,942,0,35,15,0,105,35,15,25,20,0,0,49634,53443,42864,0,0,0,0,55,15,0,15,20,0,30,15,0,20.7
"48080250","DA","Red Deer",0.13187,672,225,202,"4808011","4808","8300006.00","48830","0.22399999999999998",15,5,5,30,15,15,25,15,5,25,5,20,45,25,15,55,35,20,45,25,20,20,10,10,30,15,15,35,10,25,35,25,15,30,10,15,25,10,15,25,15,10,25,10,10,35,15,20,55,20,35,130,35,90,220,390,180,25,40,145,2.5,200,60,0,0,145,80,25,10,5,0,450,230,215,435,225,205,0,0,0,20,10,5,0,0,0,385,15,0,155,160,195,0,0,0,0,70,0,0,30,35,45,90,0,0,160,10,105,10,0,30,0,0,20,45,0,0,120,0,0,0,0,0,45.5,18.2,471,897,234860,233685,145,0,72.4,763,833,0,0,55,40,50,25,35,15,10,0,0,35045,35046,28531,0,0,50,0,40,0,30,0,15,0,0,0,0,31.7
"48080251","DA","Red Deer",0.25689,597,282,265,"4808011","4808","8300005.00","48830","0.47200000000000003",30,15,10,35,15,20,30,15,20,30,15,15,45,25,25,70,40,30,45,20,25,30,15,15,30,15,15,50,20,25,70,40,30,40,20,20,10,5,5,15,5,5,20,10,10,10,0,10,25,10,15,10,5,5,245,250,155,15,60,20,2.7,265,185,0,0,85,95,40,30,10,10,595,290,305,565,270,290,0,0,0,30,20,15,5,0,0,575,25,0,20,150,485,0,0,0,0,30,0,0,55,105,45,65,0,30,335,40,140,25,0,0,50,0,65,115,40,0,280,0,0,0,0,0,42.9,8.6,525,844,230010,242367,90,0,22.2,1515,1269,40,15,75,35,70,65,50,30,90,0,0,55024,61834,39633,0,0,0,0,0,20,40,20,90,30,25,0,0,8.4
"48080254","DA","Red Deer",0.11619,367,129,127,"4808011","4808","8300008.01","48830","0.174",15,10,10,25,15,15,20,10,5,40,20,20,35,15,20,30,15,15,15,10,5,15,10,5,20,5,10,40,15,20,35,20,15,35,15,15,20,15,10,10,5,10,10,0,5,5,5,5,5,0,0,5,0,5,190,115,80,10,25,10,3,125,115,0,0,10,50,25,20,10,5,365,175,190,330,160,170,0,0,0,40,20,20,0,0,0,345,20,0,20,145,310,0,0,0,0,0,0,0,15,80,25,30,0,40,175,0,80,0,0,15,25,0,40,40,0,0,145,0,0,0,0,0,68.2,9.1,1348,1218,331316,327979,0,0,0,0,0,35,25,30,15,30,0,35,25,40,0,20,67754,60065,70114,0,0,0,0,0,0,0,15,15,0,55,40,15,5.4
"48080255","DA","Red Deer",0.18715,581,200,199,"4808011","4808","8300008.01","48830","0.11599999999999999",35,20,15,35,15,20,40,25,15,55,30,25,30,20,10,25,10,15,25,15,10,40,25,20,30,10,20,70,35,40,75,30,40,45,25,25,35,15,20,10,5,5,5,0,10,10,0,10,5,0,5,5,0,5,320,150,105,0,20,15,3.1,195,180,0,0,15,70,30,55,15,5,580,285,295,505,260,245,0,0,0,60,20,40,15,5,5,470,40,0,0,145,445,0,0,0,0,0,0,25,20,60,70,85,15,85,325,10,90,45,20,0,55,0,50,55,20,0,290,0,0,0,0,0,51.3,0,978,1105,348725,343130,0,0,0,0,0,20,35,0,35,50,45,55,20,70,35,30,66698,83946,47872,0,0,0,0,0,0,25,0,25,35,90,25,60,3.9
"48080269","DA","Red Deer",0.25243,950,373,362,"4808011","4808","8300009.00","48830","0.41600000000000004",55,30,20,55,25,35,75,45,35,90,45,45,85,40,50,80,50,35,65,25,40,55,30,25,80,35,45,80,45,35,90,45,50,50,20,30,35,20,20,20,15,15,15,5,5,0,0,0,5,0,5,0,5,0,415,355,265,30,40,10,3,365,225,0,0,135,135,70,60,20,10,940,465,475,865,430,435,0,0,0,70,40,35,5,0,0,910,85,0,90,430,725,0,25,0,0,60,0,0,30,165,65,155,0,120,580,25,230,40,25,60,65,0,160,105,40,0,470,45,0,0,0,0,77.6,0,1351,1350,300310,304619,115,0,26.1,1008,1199,80,75,65,65,100,120,70,85,110,35,0,48458,71267,39595,0,0,0,0,20,0,50,25,90,50,90,50,45,7
"48080455","DA","Red Deer",0.14784,467,158,157,"4808011","4808","8300008.03","48830","0.294",20,10,10,15,10,5,35,20,15,60,30,25,35,15,20,30,20,15,25,15,10,30,15,15,35,15,20,35,15,15,55,25,20,35,10,15,35,15,15,15,10,5,5,0,0,5,0,5,0,0,5,5,0,0,220,180,130,5,35,10,3.1,155,105,0,0,55,50,40,35,15,5,455,225,230,420,210,210,0,0,0,30,15,20,0,0,5,325,115,0,0,105,345,0,30,0,0,65,0,0,0,80,45,40,20,70,320,0,55,35,25,30,30,0,85,55,20,0,275,0,0,0,0,0,64,0,1322,1214,319928,321883,35,0,0,1203,1278,65,20,0,25,55,40,35,25,50,0,0,69796,78628,48915,0,0,0,0,0,0,0,0,45,20,70,30,35,6.6
"48080456","DA","Red Deer",0.21128,462,164,163,"4808011","4808","8300008.03","48830","0.23399999999999999",15,5,5,20,10,10,45,30,20,50,30,20,30,15,10,10,5,5,10,5,5,15,10,5,45,15,30,50,25,20,55,30,30,35,15,20,30,10,15,25,15,15,10,5,5,5,5,5,10,5,5,0,0,0,260,130,95,10,20,10,2.9,165,125,0,0,40,65,30,35,10,0,450,230,225,415,210,210,0,0,0,35,25,15,0,0,0,430,20,0,15,135,370,0,0,0,25,0,0,0,0,50,20,70,0,65,255,0,135,40,25,25,15,0,60,25,20,0,225,0,0,0,0,0,39.4,0,615,936,378906,355706,0,0,0,0,0,35,0,35,25,40,25,45,30,55,40,20,87253,99859,73956,0,0,0,0,0,0,0,0,25,25,80,45,40,2.2
"48080457","DA","Red Deer",0.18635,412,142,142,"4808011","4808","8300008.03","48830","0.262",25,10,15,30,25,10,35,20,20,30,20,10,20,10,15,25,10,10,20,10,10,25,15,10,45,20,20,35,15,15,30,15,20,30,15,10,15,5,10,5,0,5,10,5,10,10,5,5,5,5,10,5,5,0,225,85,60,5,15,10,3.2,140,70,0,0,70,40,20,35,10,5,410,205,205,385,195,190,0,0,0,25,10,10,0,0,5,365,50,0,30,110,305,0,15,0,0,0,0,0,0,50,25,45,0,80,195,20,105,15,0,20,30,0,50,30,0,0,155,0,0,0,0,0,78.6,25,1477,1574,348489,364714,0,0,0,0,0,25,20,20,25,55,35,20,20,35,25,20,61968,89822,39018,0,0,0,0,0,0,0,0,20,20,50,0,45,4.9
"48080458","DA","Red Deer",0.2552,729,268,264,"4808011","4808","8300008.03","48830","0.245",45,15,30,50,25,25,45,35,15,70,25,45,45,25,20,50,20,30,40,25,20,50,25,25,50,25,25,55,25,30,65,35,30,65,30,35,40,20,20,20,10,15,15,10,10,5,5,5,5,5,0,5,0,0,365,225,165,5,40,15,3,260,180,0,0,85,90,45,45,25,5,725,345,380,680,325,355,0,0,0,40,15,25,5,0,0,700,20,0,105,245,605,0,0,0,0,35,0,0,75,80,60,140,20,60,385,30,170,45,20,50,55,15,75,70,0,0,335,15,0,0,0,0,54.2,19.1,903,1206,348301,343592,0,0,0,0,0,110,45,30,40,65,60,55,55,50,20,15,67317,75188,49098,30,0,0,0,0,25,0,0,45,45,65,35,40,22.1
"48080459","DA","Red Deer",0.13904,468,212,195,"4808011","4808","8300008.03","48830","0.193",45,15,35,35,15,15,30,15,15,30,15,15,20,10,10,45,25,20,35,15,20,50,20,20,50,20,25,40,15,20,30,15,15,30,15,15,10,5,5,5,5,5,5,5,5,5,5,0,5,0,5,5,0,5,220,145,95,10,30,5,3,195,105,0,0,90,60,30,25,15,5,470,220,245,445,210,235,0,0,0,25,5,15,5,0,0,365,100,0,45,85,355,0,0,0,0,45,0,0,35,55,40,75,0,55,235,20,130,20,30,15,20,0,70,35,15,0,190,0,0,0,0,0,70.3,21.6,1368,1316,300849,301528,0,0,0,0,0,70,35,25,20,30,20,50,25,75,0,0,68515,76986,33450,0,0,0,0,0,25,30,20,50,20,40,30,15,11.8
"48080460","DA","Red Deer",0.21971,1126,387,378,"4808011","4808","8300008.03","48830","0.077",110,55,60,115,60,60,75,45,30,75,40,30,80,35,35,120,65,55,125,65,60,115,50,60,85,45,35,60,25,35,75,35,40,35,20,20,25,15,15,15,5,5,10,0,5,5,0,0,5,0,0,0,0,5,520,310,210,25,55,15,3.1,380,370,5,0,10,115,75,90,40,10,1125,570,560,1070,545,525,0,0,0,50,20,30,5,0,0,990,130,0,20,355,850,0,0,30,80,20,0,0,55,165,95,210,30,95,490,60,225,90,40,30,50,0,65,70,60,25,425,20,20,0,0,0,81.8,16.4,1600,1477,319699,345727,110,0,63.6,1652,1631,105,75,25,85,75,60,90,60,75,40,65,66132,86670,38286,0,0,0,0,0,0,40,30,35,80,125,65,65,15.2
"48080461","DA","Red Deer",0.2335,444,185,183,"4808011","4808","8300008.01","48830","0.27899999999999997",10,5,0,25,10,20,20,15,5,25,20,5,25,10,15,10,5,0,15,5,5,20,10,5,35,15,20,20,15,10,50,20,35,35,15,20,45,20,20,35,20,15,25,10,15,30,15,20,15,10,5,5,5,0,265,115,60,5,25,25,2.7,180,100,0,0,85,85,35,25,5,0,445,215,230,420,210,210,0,0,0,20,5,15,5,5,0,370,75,0,0,80,410,0,0,0,0,0,0,0,25,45,15,60,0,60,200,35,160,30,25,50,0,0,30,20,0,0,175,0,0,0,0,0,34.3,0,506,913,348953,360274,0,0,0,0,0,35,0,25,0,55,70,65,45,30,25,15,75121,75237,72067,0,0,0,0,0,0,0,20,20,40,65,45,25,0
"48080462","DA","Red Deer",0.20154,523,188,183,"4808011","4808","8300008.01","48830","0.231",30,20,15,35,15,15,40,15,25,50,25,25,30,20,10,20,15,10,30,20,10,35,15,20,35,20,15,50,25,30,60,25,30,35,15,15,25,10,10,15,5,10,15,5,10,15,10,5,5,0,0,0,0,0,280,140,95,5,15,15,3.2,185,155,0,0,25,55,30,45,15,5,520,260,260,495,245,250,0,0,0,30,15,15,5,0,0,545,40,0,15,205,485,0,0,0,0,40,0,0,25,70,55,65,0,90,305,15,110,45,0,20,30,0,70,55,0,25,260,0,0,0,0,0,81.8,9.1,1676,1486,349935,343986,0,0,0,0,0,45,10,30,10,45,55,40,25,60,45,40,76903,87043,53666,0,0,0,0,0,20,0,0,0,30,105,40,60,2.6
"48080463","DA","Red Deer",0.2387,827,312,310,"4808011","4808","8300008.01","48830","0.261",60,30,30,60,25,30,55,25,30,60,30,25,35,20,15,40,10,25,65,30,30,70,35,35,55,20,35,85,45,40,50,30,25,60,25,30,30,15,15,25,10,10,30,10,20,25,15,15,20,10,10,0,0,0,460,190,120,15,25,25,2.9,310,240,0,0,75,110,55,65,20,5,830,400,430,785,375,410,0,0,0,40,20,25,0,0,0,725,85,0,20,120,750,0,0,30,0,0,0,0,30,95,70,160,0,55,400,25,220,60,35,35,40,0,70,65,10,25,355,0,0,0,0,0,69,22.8,1676,1694,401348,397432,25,0,0,974,967,65,20,40,45,45,55,70,40,105,40,55,70863,90179,62090,0,0,0,0,0,20,25,25,50,20,130,35,90,6.6
"48080464","DA","Red Deer",0.27616,701,241,241,"4808011","4808","8300008.02","48830","0.129",40,20,15,45,20,25,45,25,25,55,20,30,45,25,20,30,20,15,50,25,20,70,30,35,55,25,30,50,30,25,55,30,25,35,20,20,35,15,15,25,10,15,25,5,15,15,15,5,20,5,10,20,5,10,380,195,135,10,20,30,3,240,185,0,0,60,95,40,45,25,5,670,325,340,620,305,310,0,0,0,50,20,30,0,0,5,650,45,0,30,335,555,0,0,0,0,45,0,0,20,100,45,100,15,115,365,25,180,45,25,50,35,0,60,50,15,15,315,10,0,0,0,0,70.2,23.4,1519,1457,358936,396553,0,0,0,0,0,50,40,0,45,75,60,45,40,75,30,40,79413,84075,44471,0,0,0,0,20,0,15,25,30,45,90,35,55,5.7
"48080465","DA","Red Deer",0.26292,1065,470,460,"4808011","4808","8300008.02","48830","0.237",50,25,20,45,20,20,40,20,20,40,15,25,60,15,40,90,45,45,80,40,40,75,35,40,70,25,40,50,25,30,65,35,35,70,25,45,65,25,40,75,40,40,70,35,35,50,25,25,40,10,25,40,20,25,565,370,190,15,75,90,2.5,460,160,0,170,130,225,60,35,15,10,990,455,535,945,440,500,0,0,0,45,15,30,0,0,5,850,120,20,80,245,825,0,0,0,0,95,0,0,80,190,60,135,30,85,550,50,275,70,45,35,65,20,135,70,45,25,480,0,15,0,0,0,62.5,17.9,1249,1178,249902,259320,60,0,50,1337,1327,65,35,80,55,120,140,125,60,90,45,35,53248,83578,40027,0,0,0,0,35,70,35,50,80,65,95,50,40,5.1
"48080466","DA","Red Deer",0.32217,730,253,249,"4808011","4808","8300008.02","48830","0.12",60,35,25,55,30,30,60,35,25,45,15,30,25,10,15,35,20,15,55,25,30,75,35,35,70,35,35,60,30,35,65,35,25,55,25,30,40,20,15,20,5,10,10,5,5,5,0,0,0,0,0,0,0,0,415,140,100,5,25,10,3,250,250,0,0,0,95,50,60,20,5,730,355,370,680,345,340,0,0,0,40,15,25,5,0,0,625,40,0,0,210,480,0,0,0,10,25,0,0,35,110,70,110,15,75,375,15,120,35,20,35,30,0,55,80,40,0,335,15,0,0,0,0,69.4,10.2,1424,1363,376004,388624,0,0,0,0,0,30,20,20,0,30,70,65,65,65,55,45,61081,94063,51462,0,0,0,0,0,15,0,20,40,40,125,50,75,3
"48080467","DA","Red Deer",0.09912,289,103,101,"4808011","4808","8300008.01","48830","0.255",15,10,10,15,10,0,20,10,5,30,25,10,25,10,10,15,10,10,10,5,5,20,5,15,25,10,15,35,15,15,25,15,15,20,10,15,15,10,10,5,5,5,5,0,5,5,5,0,5,0,0,0,0,0,145,95,75,5,15,0,2.8,100,75,0,0,25,35,25,20,5,5,290,150,140,260,140,125,0,0,0,20,10,10,5,0,0,265,25,0,25,80,240,0,0,0,0,20,0,0,0,55,25,65,0,15,200,0,40,25,0,0,35,0,40,35,0,0,155,30,0,0,0,0,50,0,1022,1033,309939,309736,20,0,75,1473,1352,20,0,50,0,30,35,35,0,20,0,0,54265,61813,53312,0,0,0,0,15,0,0,0,0,15,45,0,20,22.4
"48080468","DA","Red Deer",0.08702,208,66,64,"4808011","4808","8300008.02","48830","0.17600000000000002",15,10,5,15,10,10,15,10,10,30,15,15,20,10,10,5,5,0,10,5,5,10,10,10,20,5,10,10,0,5,25,15,15,15,10,5,10,5,5,5,5,5,5,0,0,5,0,0,0,5,0,0,0,0,100,60,50,0,10,0,3.2,65,65,0,0,0,20,15,20,10,5,210,105,105,185,100,90,0,0,0,20,10,10,0,0,0,190,35,0,25,95,180,0,0,10,0,0,0,0,0,0,0,0,0,40,115,0,50,0,0,25,0,0,40,0,0,0,105,0,0,0,0,0,80,NA,1655,2233,370683,399488,0,0,NA,0,0,NA,NA,NA,NA,NA,NA,NA,NA,NA,NA,NA,NA,NA,NA,NA,NA,NA,NA,NA,NA,NA,NA,NA,NA,NA,NA,NA,NA
"48080469","DA","Red Deer",0.15813,265,99,99,"4808011","4808","8300001.02","48830","0.32299999999999995",15,10,10,10,10,0,20,10,10,15,10,5,15,5,10,15,10,10,15,5,10,15,10,10,15,10,10,20,5,10,20,15,10,20,10,5,25,10,15,20,5,10,10,5,5,5,5,5,0,0,0,5,0,0,145,80,60,5,15,10,2.8,100,60,0,0,40,45,15,15,10,0,265,140,125,250,130,120,0,0,0,15,5,10,0,0,0,205,45,0,0,70,160,0,0,0,0,50,0,0,0,0,0,50,0,45,130,0,85,0,20,0,25,0,25,0,0,0,90,0,0,0,0,0,42.9,0,601,1116,300759,333442,0,0,0,0,0,30,0,0,25,60,20,0,20,25,20,0,47255,47294,39852,0,0,0,0,0,0,0,0,0,0,45,0,40,9.4
"48080470","DA","Red Deer",0.16993,348,132,130,"4808011","4808","8300001.02","48830","0.162",10,5,5,10,5,5,15,5,10,35,10,20,30,10,15,5,5,0,5,0,5,15,5,10,25,10,15,40,20,20,45,20,20,45,20,25,35,20,15,15,5,10,10,10,5,5,5,0,0,0,5,0,0,0,220,90,70,5,10,10,2.9,130,125,0,0,5,60,15,35,10,0,350,165,185,315,155,155,0,0,0,35,15,25,0,0,0,330,15,0,0,85,290,0,0,0,0,0,0,0,0,95,15,45,20,25,270,0,55,35,15,20,0,0,40,30,0,0,215,25,0,0,0,0,38.5,0,655,1203,410354,430277,0,0,0,0,0,30,0,25,25,55,25,60,20,0,0,45,42673,40329,42691,0,0,0,0,0,0,0,0,45,0,60,0,55,2.9
"48080471","DA","Red Deer",0.80354,1798,630,628,"4808011","4808","8300001.02","48830","0.204",80,45,35,110,55,55,130,70,65,180,100,80,105,55,50,50,20,30,60,35,30,130,55,75,145,65,80,175,90,85,210,100,105,135,65,70,110,60,55,75,40,40,50,25,25,20,15,10,10,5,5,10,0,5,1015,460,350,20,50,35,3,625,545,0,0,80,250,100,150,45,20,1795,895,900,1665,835,830,0,0,0,130,65,70,5,5,0,1560,155,0,130,565,1405,0,10,0,0,50,0,0,35,220,150,250,35,240,920,55,425,80,45,115,130,15,270,115,20,45,780,40,15,20,0,0,50.9,7.8,1032,1277,400843,408870,0,0,0,0,0,165,60,130,140,145,80,110,120,190,115,105,80323,95754,58325,0,0,0,0,20,0,60,20,80,90,280,105,175,7.6
"48080472","DA","Red Deer",0.26714,659,204,201,"4808011","4808","8300001.02","48830","0.245",25,10,15,45,25,20,55,25,30,65,25,40,30,25,15,35,15,15,30,15,20,35,15,20,50,20,20,55,25,35,85,40,45,75,45,30,25,10,15,20,10,5,10,5,5,10,5,5,5,0,5,5,0,0,340,190,165,10,15,5,3.2,200,180,0,0,20,65,45,50,25,10,640,310,330,595,290,305,0,0,0,35,15,20,10,0,5,535,105,0,0,165,530,0,0,0,25,90,0,0,60,85,60,55,0,100,355,0,100,70,20,25,25,0,70,45,0,0,275,0,0,0,0,0,45.7,0,1132,1460,531399,597866,25,0,0,1259,1123,40,0,55,15,40,45,25,30,65,60,55,82588,82800,47873,0,0,0,0,0,0,0,0,0,55,105,20,85,7.8
"48080473","DA","Red Deer",0.11867,692,314,302,"4808011","4808","8300001.02","48830","0.42200000000000004",40,20,15,20,10,10,20,15,15,25,15,10,60,30,25,90,40,50,60,30,25,35,20,20,20,10,15,30,10,15,35,10,25,40,20,25,35,10,25,25,15,15,30,10,20,30,10,20,30,5,20,70,20,45,300,310,145,15,45,100,2.4,300,0,0,0,300,140,40,20,0,0,690,295,400,645,270,380,0,0,0,45,20,20,5,5,0,570,20,0,40,175,540,0,0,0,0,0,0,0,20,75,25,105,80,60,340,30,160,35,25,35,0,0,60,35,0,0,300,0,0,0,0,0,64.8,35.2,1099,1031,219390,190147,85,0,33.3,1275,1205,0,0,25,20,115,155,50,0,85,20,0,36457,32324,39029,0,0,0,0,0,30,60,35,75,65,0,0,0,4.2
"48080474","DA","Red Deer",0.51461,708,229,227,"4808011","4808","8300001.03","48830","0.24",35,15,15,45,20,30,70,35,35,75,35,45,45,25,25,20,10,15,35,15,20,30,10,20,70,35,35,65,35,35,75,40,40,65,30,30,25,15,10,10,5,10,10,5,5,5,5,0,0,5,0,5,5,0,350,205,150,5,35,10,3.2,225,195,0,0,30,60,55,45,15,15,700,335,365,660,320,345,0,0,0,40,20,25,5,5,0,660,20,20,105,150,560,0,0,0,0,30,0,0,0,75,65,150,0,50,430,25,110,50,35,20,40,0,95,70,25,25,370,0,0,0,0,0,47.4,10.5,759,1131,379490,447179,40,0,0,1253,1353,45,55,25,40,50,55,60,45,55,40,40,67035,94634,48668,0,0,0,0,0,0,0,15,50,35,95,40,55,2.1
"48080475","DA","Red Deer",0.30819,608,229,226,"4808011","4808","8300001.03","48830","0.37200000000000005",25,10,15,35,20,15,40,15,25,60,35,30,65,30,40,40,25,20,25,10,15,40,20,20,55,25,30,60,30,30,60,25,35,45,25,25,25,10,15,15,5,10,10,5,5,5,5,5,5,5,5,0,0,0,285,220,165,10,25,20,3,230,150,0,0,80,70,40,40,20,5,605,280,325,570,265,310,0,0,0,30,20,15,0,0,0,550,55,0,25,195,455,0,0,0,30,0,0,0,20,70,35,105,0,95,410,0,65,30,30,25,65,0,90,55,0,20,335,30,0,0,0,0,68.3,0,1341,1303,349363,339787,15,0,100,1599,1485,55,15,40,0,90,35,50,55,55,30,35,60603,68936,54841,0,0,0,0,0,0,0,25,30,40,95,30,65,2.5
"48080476","DA","Red Deer",0.54571,1998,668,655,"4808011","4808","8300001.03","48830","0.271",180,80,100,210,105,105,155,80,70,155,95,65,135,55,85,175,90,85,215,105,110,200,100,100,185,95,95,150,75,75,85,45,40,60,35,25,35,20,20,25,10,15,15,10,5,5,5,5,10,5,0,5,0,0,950,500,390,35,60,20,3.3,655,505,0,0,145,175,125,155,65,30,1980,975,1005,1845,920,925,0,0,5,110,50,60,25,5,15,1585,390,0,140,455,1365,0,70,40,55,195,30,0,75,265,115,325,45,265,1170,80,225,115,70,75,240,40,225,175,35,45,930,60,50,0,0,0,84.8,23,1664,1654,376161,376592,135,0,17.9,1090,1069,190,100,95,50,195,175,175,85,230,55,35,58741,80574,43173,20,0,0,0,0,0,105,55,100,125,185,80,105,8.4
"48080477","DA","Red Deer",0.16685,922,343,331,"4808011","4808","8300001.03","48830","0.33899999999999997",90,45,45,95,45,45,65,35,35,55,20,35,65,30,35,90,40,45,115,55,55,110,50,55,85,40,45,45,25,20,35,15,25,30,15,20,15,10,10,15,5,10,5,0,5,0,0,0,0,0,0,0,0,0,430,240,170,15,40,10,3.1,335,250,0,0,85,100,75,70,25,5,920,445,480,875,420,450,0,0,0,45,20,30,5,0,5,770,125,0,75,275,670,0,0,20,0,120,0,0,85,85,95,145,0,110,490,25,130,40,25,50,50,0,125,75,20,35,425,0,0,0,0,0,97.8,38.3,1734,1782,311075,332611,100,0,15,1205,1196,30,55,50,45,100,80,140,0,70,30,0,51152,53245,40081,0,0,0,0,0,15,50,20,100,50,55,40,20,7.1
"48080478","DA","Red Deer",0.18132,922,351,331,"4808011","4808","8300001.03","48830","0.282",85,45,35,70,40,40,55,25,30,75,40,40,90,50,40,85,35,50,75,35,40,100,55,50,80,35,40,70,40,35,50,20,30,20,10,10,25,15,10,10,5,5,5,0,5,5,0,5,5,5,0,5,0,0,425,285,210,25,40,5,3.2,330,195,0,0,135,95,65,75,20,10,920,455,460,865,430,430,0,0,0,55,25,30,5,5,0,820,90,0,55,270,785,0,0,0,0,45,0,0,70,105,95,85,25,185,595,20,75,85,20,110,75,0,80,50,20,15,495,0,0,0,0,0,85.2,13,1823,1715,341337,359613,90,0,17.6,1301,1311,45,15,15,15,55,115,95,90,105,70,35,49273,63969,43826,0,0,0,0,0,20,0,40,40,90,135,40,100,7
"48080479","DA","Red Deer",0.21112,507,161,157,"4808011","4808","8300001.03","48830","0.35600000000000004",30,15,10,40,20,20,45,20,20,55,30,25,35,20,15,10,5,0,20,10,15,50,20,25,50,20,30,50,25,25,55,30,25,25,15,15,15,10,10,15,10,5,5,5,5,0,5,0,0,0,0,0,0,0,260,140,105,10,15,10,3.4,160,155,0,0,0,45,25,40,20,10,505,265,245,455,240,215,0,0,0,50,20,30,0,0,5,455,45,0,30,175,330,0,0,0,50,70,0,0,0,50,35,75,25,70,305,0,70,30,35,35,55,0,85,0,0,0,250,20,0,0,0,0,64.5,0,1481,1449,424571,439964,0,0,0,0,0,40,45,0,0,35,40,30,35,75,35,0,83109,90354,70563,0,0,0,0,0,0,0,0,0,30,85,35,50,4
"48080480","DA","Red Deer",0.15642,638,160,159,"4808011","4808","8300001.02","48830","0.332",45,25,20,35,15,20,45,20,20,25,15,10,25,10,10,30,15,15,45,15,25,50,20,25,50,25,25,30,15,15,35,15,25,25,10,15,5,10,0,10,5,0,15,10,10,15,5,10,50,15,35,110,30,75,265,250,85,20,25,120,3.2,160,85,0,0,75,40,30,40,15,0,595,265,330,560,250,310,0,0,0,25,5,15,5,5,5,355,100,0,30,50,320,0,0,0,0,90,0,30,0,45,20,75,0,90,295,0,45,50,20,20,50,0,50,30,0,0,245,0,0,0,0,0,77.4,19.4,1668,1483,380313,382744,0,0,0,0,0,20,0,0,0,55,45,20,60,75,0,10,67298,69804,66418,0,0,0,0,0,0,0,0,0,20,80,35,45,0
"48080481","DA","Red Deer",0.1489,866,311,309,"4808011","4808","8300001.02","48830","0.359",90,50,35,60,30,35,65,25,40,60,35,20,50,20,25,90,45,45,80,45,35,75,35,35,85,40,45,75,40,35,45,20,25,35,10,25,25,10,15,15,10,10,15,5,5,5,0,5,0,0,0,0,0,5,405,245,175,15,35,15,3.1,310,165,0,0,145,95,55,65,20,10,860,425,425,805,415,390,0,0,0,55,15,35,0,0,0,735,120,0,20,345,745,0,0,15,0,25,0,0,55,85,50,150,45,155,565,0,65,100,45,60,45,30,90,60,25,25,445,40,0,0,0,0,80,16.4,1605,1597,401117,413789,30,0,0,1599,1658,60,30,55,0,75,60,50,80,110,25,65,72956,82162,47668,0,0,0,0,0,30,0,30,0,40,160,70,90,4.1
"48080482","DA","Red Deer",0.30791,575,224,220,"4808011","4808","8300001.02","48830","0.16899999999999998",25,10,15,35,25,20,40,20,20,45,25,15,30,15,10,15,5,10,25,10,15,35,20,15,40,15,25,60,30,35,60,25,35,45,25,25,45,25,20,25,15,15,25,10,15,10,5,0,5,5,0,0,0,5,320,150,95,10,30,20,3,220,170,0,0,50,85,30,45,15,5,575,280,295,535,260,275,0,0,0,35,15,20,5,0,5,535,35,0,0,160,485,0,25,0,0,0,0,0,40,100,75,55,0,55,285,10,175,40,10,25,15,0,60,55,0,0,235,0,0,0,0,0,65.1,16.3,1522,1584,549556,639900,0,0,0,0,0,35,30,20,25,50,35,60,50,40,45,45,78240,91938,31613,0,0,0,0,0,0,20,0,45,20,110,50,60,4.3
"48080483","DA","Red Deer",0.20458,489,242,231,"4808011","4808","8300001.04","48830","0.441",45,25,15,20,10,15,15,10,10,25,5,15,50,25,30,80,40,40,65,35,25,40,20,15,25,10,15,30,15,15,25,10,10,10,10,0,20,10,10,15,5,10,5,5,0,10,5,5,10,0,5,5,0,5,220,185,125,15,20,15,2.7,235,70,0,0,160,85,30,25,5,0,490,240,250,460,225,235,5,0,0,25,10,15,5,0,5,355,135,0,0,150,325,0,0,0,0,70,0,0,0,45,40,65,0,85,290,0,100,0,30,45,0,0,35,70,30,0,255,0,0,0,0,0,82.9,22.2,1429,1345,224710,262055,55,0,0,1101,1121,30,25,0,0,55,60,50,75,0,35,0,50075,55718,49332,0,0,0,0,25,35,0,35,35,35,40,0,30,18.4
"48080484","DA","Red Deer",0.4474,1194,374,368,"4808011","4808","8300001.04","48830","0.253",150,90,60,105,50,55,95,35,55,80,40,45,65,40,25,85,35,55,160,70,90,130,70,60,110,50,60,70,35,35,70,35,40,35,25,15,20,15,10,10,5,5,5,0,0,0,0,0,0,0,0,0,0,0,610,245,195,10,25,15,3.3,370,330,0,0,40,95,80,105,45,15,1195,590,600,1110,560,550,0,0,0,80,35,45,10,0,0,1045,145,0,35,330,950,0,0,0,50,65,0,0,35,100,115,195,25,190,650,45,175,105,35,70,60,0,155,110,35,20,575,0,0,0,0,0,89.9,24.3,1802,1843,425618,452222,0,0,0,0,0,85,55,45,35,70,95,40,105,145,55,105,67102,88505,47866,0,0,0,0,0,0,15,35,50,45,210,60,150,0.8
"48080485","DA","Red Deer",0.3827,1528,615,597,"4808011","4808","8300001.04","48830","0.377",175,80,90,95,45,50,80,40,40,70,25,45,130,65,70,230,105,125,205,100,100,125,65,60,95,55,40,70,30,40,70,30,35,60,35,25,25,15,10,15,5,10,15,10,5,10,5,10,25,10,15,35,10,25,730,455,330,20,50,50,3,595,410,0,0,190,195,125,95,35,10,1525,725,800,1420,675,745,0,0,0,95,45,50,5,0,5,1240,280,0,20,370,1065,0,0,35,100,85,0,0,60,195,145,250,30,250,895,40,200,55,75,100,110,25,190,155,55,40,750,40,0,0,0,0,87.8,23.4,1716,1696,323633,359584,105,0,76.2,1604,1829,70,65,40,45,120,160,145,145,130,90,50,55010,64521,48911,0,0,0,0,25,65,50,45,85,115,170,90,85,10.5
"48080486","DA","Red Deer",0.66369,1726,593,582,"4808011","4808","8300001.04","48830","0.42200000000000004",230,110,120,145,75,65,95,45,50,100,55,45,120,60,65,240,125,120,225,100,120,170,100,70,120,65,55,80,40,35,75,35,40,55,35,25,30,10,20,25,15,15,10,5,0,10,5,0,5,0,0,0,0,0,860,395,310,30,50,10,3.2,585,500,0,0,85,185,115,140,55,15,1715,875,845,1615,830,785,0,0,0,95,40,60,0,0,5,1570,135,0,105,490,1380,0,0,10,0,45,0,20,40,175,105,295,45,330,1010,25,195,115,70,140,180,0,120,130,100,30,880,30,0,0,0,0,90.4,16,1822,1891,399459,422969,115,0,50,1723,1597,105,70,55,40,90,140,135,95,260,140,50,73863,79859,54226,0,0,0,0,0,25,30,55,65,125,255,110,150,5.2
"48080487","DA","Red Deer",2.91253,1073,379,373,"4808011","4808","8300001.04","48830","0.423",105,55,55,85,45,40,65,35,30,70,35,35,100,55,45,180,100,80,125,65,60,95,45,45,60,40,25,70,30,35,60,30,25,30,10,15,15,10,10,10,5,5,5,5,5,5,5,0,5,0,0,10,5,0,475,350,275,20,35,15,3.1,375,365,0,0,10,120,80,85,20,10,1060,560,505,985,525,465,0,0,0,70,30,40,0,0,0,955,105,0,30,345,790,0,30,0,0,25,0,0,80,195,120,95,45,100,705,30,125,50,35,50,100,0,95,140,115,30,615,20,0,0,0,0,94.2,17,1651,1679,301814,321611,110,0,0,1499,1375,55,60,50,0,105,145,95,140,60,90,30,58174,64915,40612,0,0,0,0,0,0,20,35,95,60,140,75,65,0.9
"48080489","DA","Red Deer",0.72571,1781,725,672,"4808011","4808","8300016.01","48830","0.40700000000000003",205,105,100,120,60,60,75,40,30,80,35,45,235,115,115,345,180,165,265,150,120,130,70,60,90,45,45,85,45,40,65,35,30,35,10,25,15,5,10,10,5,10,10,5,5,0,0,0,0,5,5,5,0,0,800,585,460,35,70,15,2.9,675,415,0,0,255,230,150,100,50,15,1780,915,870,1675,865,805,0,0,0,100,50,50,10,5,10,1550,215,0,95,580,1215,0,35,0,0,155,0,0,215,265,190,240,10,75,1140,30,240,60,130,60,115,15,305,200,45,80,935,60,90,0,0,20,96.6,26.4,1810,1732,300691,324605,235,0,21.7,1099,1144,110,35,90,90,255,240,185,170,100,45,50,50088,65807,39429,20,0,0,0,25,60,110,70,120,70,190,70,115,4
"48080490","DA","Red Deer",0.24187,558,264,248,"4808011","4808","8300016.01","48830","0.45299999999999996",55,25,25,25,15,10,25,15,10,20,10,10,85,35,55,90,50,45,65,30,35,50,25,25,30,15,15,40,15,20,30,15,15,25,10,10,10,5,5,0,0,5,5,5,5,5,0,0,0,0,0,0,0,0,260,195,145,15,30,10,2.8,245,240,0,0,5,90,40,25,15,5,555,265,295,515,245,275,0,0,0,30,15,20,10,5,5,410,85,0,160,200,435,0,35,0,0,30,0,0,45,130,75,30,0,70,340,0,60,45,35,0,0,0,70,80,45,0,255,30,0,0,0,0,100,25,1492,1647,320872,304085,0,0,0,0,0,0,0,15,60,35,55,30,30,80,60,0,68719,88645,45346,0,0,0,0,0,20,25,0,75,40,65,55,0,5.4
"48080491","DA","Red Deer",0.37221,922,471,456,"4808011","4808","8300016.01","48830","0.251",70,30,35,30,15,15,25,5,10,30,20,10,70,35,35,135,75,65,95,50,45,50,25,25,35,25,15,45,15,25,70,30,40,55,25,25,55,20,40,55,25,30,40,15,25,40,15,25,10,5,5,10,5,5,490,310,195,10,70,40,2.5,460,180,0,0,280,190,50,35,20,5,920,440,480,875,420,455,0,0,0,40,15,20,5,5,5,780,135,0,20,290,735,0,0,0,0,80,0,0,35,175,105,160,20,55,515,35,220,25,40,35,35,20,100,115,20,30,460,35,0,0,0,0,74.7,20.3,1246,1290,279395,274421,85,0,82.4,1045,1096,50,40,55,60,175,85,100,70,60,35,15,50156,53389,45955,0,0,0,25,50,55,55,25,110,75,35,20,15,10.3
"48080492","DA","Red Deer",0.15406,564,206,199,"4808011","4808","8300016.03","48830","0.363",70,40,25,30,20,10,30,20,15,35,15,15,55,25,30,65,30,35,60,30,30,45,20,20,20,10,15,40,15,20,35,15,20,35,20,15,20,15,5,5,5,5,5,0,5,0,0,0,5,0,5,0,0,5,230,200,140,20,30,10,2.9,200,105,0,45,50,70,40,40,10,5,565,285,280,535,270,260,0,0,0,30,10,15,0,0,0,475,85,0,0,320,345,0,0,0,0,60,0,0,70,95,40,80,0,0,285,15,140,0,0,25,25,0,100,75,0,0,215,0,20,0,0,0,64.5,16.7,1009,867,98247,151887,45,0,0,1218,1202,45,25,15,50,85,70,55,20,20,0,0,47120,59677,42531,0,0,0,0,0,0,15,35,55,20,15,0,0,15
"48080493","DA","Red Deer",0.45207,1132,392,383,"4808011","4808","8300016.02","48830","0.273",85,50,35,80,40,35,75,35,40,65,25,45,85,50,40,105,55,50,125,70,55,95,50,40,80,40,40,105,60,45,100,50,50,60,30,25,30,15,15,20,5,5,5,5,0,5,0,0,5,0,5,5,0,5,560,330,260,15,50,10,3.1,380,330,0,0,55,125,75,75,25,15,1095,570,525,1040,550,490,0,0,0,50,20,25,5,0,5,940,150,0,70,160,895,0,0,0,0,75,0,0,95,200,70,175,0,115,650,0,165,50,25,70,40,0,105,75,50,105,480,60,45,0,0,35,81,19,1634,1536,341721,331581,110,0,0,1050,997,90,65,0,45,105,85,140,50,85,50,40,50814,60455,48213,25,0,0,0,15,0,65,45,85,35,125,70,55,9.1
"48080495","DA","Red Deer",0.5437,1094,420,409,"4808011","4808","8300016.02","48830","0.444",115,60,60,70,40,30,75,30,45,65,35,30,100,45,55,170,90,80,150,70,75,85,45,35,75,30,40,55,25,30,65,30,35,20,10,15,25,15,10,10,5,5,10,0,10,5,5,0,5,0,5,0,0,0,490,340,255,25,45,15,3,410,165,0,0,245,145,95,75,25,5,1095,535,560,1025,510,515,0,0,0,55,20,35,10,5,5,1100,65,0,230,265,945,0,0,0,20,75,0,0,50,195,110,165,0,95,705,50,155,100,25,35,65,0,190,120,55,0,570,50,0,0,0,0,90,13.3,1295,1396,250085,282683,110,0,22.7,1340,1302,25,50,30,20,130,145,130,130,95,60,0,52906,72205,37941,0,0,0,0,0,25,35,30,95,115,95,30,60,1.3
"48080496","DA","Red Deer",0.31706,728,278,276,"4808011","4808","8300016.02","48830","0.318",45,25,25,40,15,20,40,20,20,55,25,30,60,40,20,70,40,25,75,35,40,60,35,25,50,25,25,45,20,25,70,30,35,50,30,20,20,10,10,10,5,10,10,5,10,10,5,5,10,5,5,0,0,0,345,255,180,15,40,15,2.8,280,230,0,0,50,95,60,55,20,5,730,375,350,690,350,340,0,0,0,35,20,10,5,0,0,680,35,0,25,165,620,0,0,0,0,20,0,0,60,125,80,115,0,15,425,40,120,45,20,25,20,0,85,105,35,0,380,0,0,25,0,0,78.7,25.5,1528,1432,299912,311201,40,0,0,1617,1456,60,35,30,20,75,85,75,70,85,0,0,57185,71946,46255,0,0,0,0,0,40,20,20,55,50,85,80,0,8.5
"48080497","DA","Red Deer",0.45065,677,267,248,"4808011","4808","8300016.02","48830","0.349",80,40,40,50,20,30,40,25,15,30,20,15,90,40,45,105,55,50,90,40,45,60,40,20,25,15,20,20,10,10,35,15,20,15,5,10,25,15,10,5,5,0,0,0,5,0,0,0,0,0,0,0,0,0,290,210,160,15,30,5,2.9,250,70,0,10,170,75,50,45,15,10,680,335,340,635,320,310,0,0,0,30,10,20,10,5,5,615,50,0,70,135,515,0,0,0,15,50,0,0,30,140,35,135,0,35,400,0,75,0,15,0,35,0,120,155,10,0,330,20,25,0,0,0,92,28,1694,1665,290096,285793,125,0,32,1335,1291,35,40,25,40,50,90,80,30,70,0,0,45725,61165,45606,0,0,0,0,20,20,20,25,60,80,20,20,0,14.8
"48080500","DA","Red Deer",0.35678,733,346,333,"4808011","4808","8300016.03","48830","0.483",40,15,20,30,20,15,45,30,15,50,30,20,60,25,30,55,30,25,45,20,25,50,30,20,50,30,25,70,35,35,60,25,35,60,25,30,50,25,25,20,15,10,20,10,10,10,5,5,10,10,5,0,0,0,270,350,185,35,95,30,2.7,335,25,0,255,50,125,55,35,10,0,730,380,355,705,360,340,0,0,0,25,15,10,10,5,5,675,60,0,215,155,555,0,65,0,0,0,0,0,200,80,70,40,0,0,285,35,330,0,0,0,0,0,155,85,20,0,205,30,0,20,0,0,56.4,15.4,594,760,89818,124413,135,39.3,46.4,749,755,115,40,45,65,95,120,65,25,20,0,0,35999,55134,35896,20,0,0,0,65,80,25,0,100,0,0,0,0,34
"48080521","DA","Red Deer",24.0532,172,77,69,"4808011","4808","8300016.01","48830","0.561",5,0,0,10,0,0,15,5,10,10,5,5,5,5,5,15,5,5,5,5,5,5,0,5,10,5,5,20,5,15,20,15,5,20,10,10,15,5,5,5,5,5,10,5,10,10,5,0,0,5,0,0,0,0,95,55,35,5,5,10,2.8,70,55,0,10,5,30,10,10,5,5,170,95,80,165,90,75,0,0,0,5,0,5,0,0,0,140,0,0,0,25,125,0,0,0,0,0,0,0,0,45,0,0,0,0,50,0,50,0,0,0,0,0,0,20,0,0,30,0,0,0,0,0,0,NA,1835,1538,529107,484240,0,0,NA,0,0,NA,NA,NA,NA,NA,NA,NA,NA,NA,NA,NA,NA,NA,NA,NA,NA,NA,NA,NA,NA,NA,NA,NA,NA,NA,NA,NA,NA
"48080523","DA","Red Deer",19.87169,820,322,292,"4808011","4808","8300008.01","48830","0.138",45,35,15,55,30,25,45,30,15,85,40,45,70,40,35,75,40,35,45,25,20,45,20,25,45,25,25,50,25,25,85,40,50,75,35,35,35,15,15,15,10,10,20,5,10,15,10,5,5,0,0,5,0,5,415,255,190,20,35,15,2.9,295,260,0,0,30,120,50,60,25,10,820,420,400,755,390,360,0,0,0,60,30,30,5,0,5,745,70,0,55,175,755,0,20,0,0,30,0,0,50,165,55,95,0,100,485,25,170,55,15,45,70,0,95,105,20,35,410,15,15,0,0,0,79.6,11.1,1552,1627,314790,407594,35,0,42.9,756,887,85,20,45,15,70,105,35,95,105,40,50,73260,76195,44283,0,0,0,0,15,0,0,15,55,65,125,45,80,3.7
"48080526","DA","Red Deer",1.27042,65,23,22,"4808011","4808","8300012.00","48830","0.122",0,0,0,5,0,0,5,5,0,10,5,5,10,0,10,0,0,0,0,5,5,0,0,5,5,0,0,10,0,5,5,5,0,5,5,0,10,5,5,5,0,0,5,5,0,0,0,0,0,0,0,0,0,5,40,20,20,0,0,5,3,20,20,0,0,0,10,5,5,5,0,65,35,35,55,30,30,0,0,0,10,5,5,0,0,0,45,0,0,0,25,30,0,0,0,0,0,0,0,0,0,0,0,0,0,25,0,25,0,0,0,0,0,0,0,0,0,10,0,0,0,0,0,0,NA,701,851,599934,658699,0,0,NA,0,0,NA,NA,NA,NA,NA,NA,NA,NA,NA,NA,NA,NA,NA,NA,NA,NA,NA,NA,NA,NA,NA,NA,NA,NA,NA,NA,NA,NA
