"","GeoUID","Type","Region Name","Area (sq km)","Population","Dwellings","Households","CSD_UID","CD_UID","CT_UID","CMA_UID","NHS Non Return Rate","v_CA11F_199: Total number of occupied private dwellings by structural type of dwelling","v_CA11F_200: Single-detached house","v_CA11F_163: Average number of persons per census family","v_CA11F_201: Apartment, building that has five or more storeys","v_CA11F_202: Movable dwelling","v_CA11F_203: Other dwelling","v_CA11F_211: 2 persons","v_CA11F_212: 3 persons","v_CA11F_213: 4 persons","v_CA11F_214: 5 persons","v_CA11F_215: 6 or more persons","v_CA11F_86: Married or living with a common-law partner","v_CA11F_95: Not married and not living with a common-law partner","v_CA11F_98: Single (never legally married)","v_CA11F_101: Separated","v_CA11F_104: Divorced","v_CA11F_107: Widowed","v_CA11N_2449: Median employment income in 2010 $","v_CA11N_2450: Median employment income in 2010 $","v_CA11N_2451: Median employment income in 2010 $","v_CA11N_2356: Under $5,000","v_CA11N_2359: $5,000 to $9,999","v_CA11N_2362: $10,000 to $14,999","v_CA11N_2365: $15,000 to $19,999","v_CA11N_2368: $20,000 to $29,999","v_CA11N_2371: $30,000 to $39,999","v_CA11N_2374: $40,000 to $49,999","v_CA11N_2377: $50,000 to $59,999","v_CA11N_2380: $60,000 to $79,999","v_CA11N_2383: $80,000 to $99,999","v_CA11N_2386: $100,000 and over","v_CA11N_2548: Under $5,000","v_CA11N_2549: $5,000 to $9,999","v_CA11N_2550: $10,000 to $14,999","v_CA11N_2551: $15,000 to $19,999","v_CA11N_2552: $20,000 to $29,999","v_CA11N_2553: $30,000 to $39,999","v_CA11N_2554: $40,000 to $49,999","v_CA11N_2555: $50,000 to $59,999","v_CA11N_2556: $60,000 to $79,999","v_CA11N_2557: $80,000 to $99,999","v_CA11N_2558: $100,000 and over","v_CA11N_2559: $100,000 to $124,999","v_CA11N_2560: $125,000 and over","v_CA11N_2606: Prevalence of low income in 2010 based on after-tax low-income measure %","v_CA11N_19: Non-immigrants","v_CA11N_22: Immigrants","v_CA11N_46: Non-permanent residents","v_CA11N_505: North American Aboriginal origins","v_CA11N_517: Other North American origins","v_CA11N_547: European origins","v_CA11N_760: Caribbean origins","v_CA11N_820: Latin, Central and South American origins","v_CA11N_1084: West Central Asian and Middle Eastern origins","v_CA11N_1162: South Asian origins","v_CA11N_1204: East and Southeast Asian origins","v_CA11N_1258: Other Asian origins","v_CA11N_1264: Oceania origins","v_CA11N_2282: % of owner households with a mortgage","v_CA11N_2283: % of owner households spending 30% or more of household total income on shelter costs","v_CA11N_2284: Median monthly shelter costs for owned dwellings ($)","v_CA11N_2285: Average monthly shelter costs for owned dwellings ($)","v_CA11N_2286: Median value of dwellings ($)","v_CA11N_2287: Average value of dwellings ($)","v_CA11N_2288: Number of tenant households in non-farm, non-reserve private dwellings","v_CA11N_2289: % of tenant households in subsidized housing","v_CA11N_2290: % of tenant households spending 30% or more of household total income on shelter costs","v_CA11N_2291: Median monthly shelter costs for rented dwellings ($)","v_CA11N_2292: Average monthly shelter costs for rented dwellings ($)","v_CA11N_1804: No certificate, diploma or degree","v_CA11N_1807: High school diploma or equivalent","v_CA11N_1813: Apprenticeship or trades certificate or diploma","v_CA11N_1816: College, CEGEP or other non-university certificate or diploma","v_CA11N_1819: University certificate or diploma below bachelor level","v_CA11N_1822: University certificate, diploma or degree at bachelor level or above","v_CA11N_1993: Employed","v_CA11N_1996: Unemployed","v_CA11N_1999: Not in the labour force","v_CA11N_2035: 0 Management occupations","v_CA11N_2041: 2 Natural and applied sciences and related occupations","v_CA11N_2044: 3 Health occupations","v_CA11N_2047: 4 Occupations in education, law and social, community and government services","v_CA11N_2050: 5 Occupations in art, culture, recreation and sport","v_CA11N_2053: 6 Sales and service occupations","v_CA11N_2056: 7 Trades, transport and equipment operators and related occupations","v_CA11N_2059: 8 Natural resources, agriculture and related production occupations","v_CA11N_2062: 9 Occupations in manufacturing and utilities","v_CA11N_2194: Car, truck or van - as a driver","v_CA11N_2197: Car, truck or van - as a passenger","v_CA11N_2200: Public transit","v_CA11N_2203: Walked","v_CA11N_2206: Bicycle","v_CA11N_2209: Other methods"
"1","48111601","DA","Strathcona County",0.17758,380,139,139,"4811052","4811","8350101.01","48835","0.358",140,135,2.8,0,0,0,50,35,20,15,5,220,105,75,5,10,10,70367,79058,42746,0,0,0,50,30,40,30,25,45,25,30,0,0,0,0,0,0,0,0,0,50,60,30,30,0,355,30,0,20,120,315,0,0,0,0,40,0,0,50,0,773,1120,369973,372416,0,0,0,0,0,0,60,0,30,0,55,180,0,135,30,0,0,0,0,40,30,0,0,165,0,0,0,0,0
"2","48111602","DA","Strathcona County",0.50123,1138,411,409,"4811052","4811","8350101.01","48835","0.175",410,410,2.9,0,0,5,170,75,80,30,10,630,325,240,15,45,25,74026,79423,47187,75,70,50,35,135,105,75,70,155,80,35,0,0,0,0,15,0,20,25,70,75,170,70,100,2.7,1080,50,0,55,440,980,0,0,10,0,60,0,15,50,9,1168,1218,350070,366596,0,0,0,0,0,55,205,110,150,20,135,680,25,215,80,55,40,50,0,210,115,0,0,535,40,30,40,0,0
"3","48111603","DA","Strathcona County",0.32868,718,251,250,"4811052","4811","8350101.01","48835","0.255",250,245,3.1,0,0,5,90,40,45,30,5,360,200,135,5,30,25,55809,58784,48109,55,25,45,55,45,85,100,35,40,25,0,0,0,0,0,0,0,0,30,50,55,60,45,0,5.6,640,75,0,0,295,600,0,0,0,0,0,0,0,67.4,14,1430,1330,348383,349045,35,0,0,1030,1259,50,105,35,100,0,45,375,0,155,25,40,25,45,0,85,60,0,0,335,0,0,0,0,0
"4","48111604","DA","Strathcona County",0.17641,575,214,214,"4811052","4811","8350101.01","48835","0.273",215,210,3,0,0,0,70,45,40,15,10,300,160,95,15,35,15,66054,72310,52457,25,15,45,25,45,70,60,25,75,30,50,0,0,0,0,0,15,0,20,25,30,110,40,70,1.7,525,40,0,0,105,510,0,0,0,0,0,0,0,38.5,0,574,1100,375474,369309,20,0,0,1562,1280,0,145,45,75,20,65,360,15,95,30,35,0,75,0,40,55,30,0,280,20,0,20,0,0
"5","48111605","DA","Strathcona County",0.45594,770,321,316,"4811052","4811","8350101.01","48835","0.185",320,215,2.8,0,0,100,115,50,50,15,5,405,250,140,20,45,45,60289,79360,50509,85,40,30,45,125,70,75,40,80,30,45,0,0,0,0,55,0,0,30,55,45,100,30,70,5.2,705,60,0,15,205,660,0,0,20,0,0,0,0,42.9,12.5,692,1041,388936,400776,40,0,57.1,1494,1613,0,135,55,125,0,85,440,0,255,70,20,0,70,0,80,90,0,0,345,15,35,0,0,0
"6","48111606","DA","Strathcona County",0.5666,638,266,265,"4811052","4811","8350102.00","48835","0.195",265,195,2.7,0,0,70,105,35,40,10,5,365,190,105,5,35,45,71098,77752,49038,30,20,40,55,50,65,75,55,75,30,25,0,0,0,0,0,10,10,20,55,50,85,35,55,6.3,595,40,0,25,115,610,0,0,0,0,0,0,0,49.1,15.1,865,1148,349044,354512,0,0,0,0,0,0,90,55,75,30,45,315,0,210,35,0,25,15,0,55,80,0,0,230,0,20,0,0,0
"7","48111607","DA","Strathcona County",0.14667,436,165,164,"4811052","4811","8350102.00","48835","0.27399999999999997",160,160,2.9,0,0,0,75,25,20,15,5,245,110,70,10,20,15,54873,60467,44736,25,20,15,0,50,65,65,40,25,0,25,0,0,0,0,0,0,15,20,40,25,45,15,30,0,385,50,0,0,130,370,0,0,0,0,0,0,0,51.6,0,867,1052,349000,346011,0,0,0,0,0,30,50,25,65,20,30,235,0,120,20,0,0,30,0,55,40,0,0,190,0,0,0,0,0
"8","48111608","DA","Strathcona County",0.41741,747,273,273,"4811052","4811","8350102.00","48835","0.217",275,270,2.9,0,0,5,120,45,50,25,5,400,200,125,10,40,20,79414,84046,65638,40,45,60,45,55,125,40,35,80,35,25,0,0,0,0,0,50,0,40,50,30,85,25,55,3.4,695,50,0,60,225,615,0,0,0,0,0,0,0,49,13.7,652,1184,348742,310170,20,0,0,1450,1433,30,145,45,60,0,115,385,30,185,35,35,20,55,20,70,115,0,0,245,30,20,65,0,0
"9","48111609","DA","Strathcona County",0.14204,461,176,175,"4811052","4811","8350102.00","48835","0.17600000000000002",175,175,2.9,0,0,0,65,35,40,5,5,255,135,90,10,20,15,73908,73829,78128,50,0,35,0,35,40,40,40,35,50,15,0,0,0,0,0,0,0,0,35,50,45,0,40,2.2,410,40,0,35,90,420,0,0,0,0,0,0,0,39.4,12.5,555,975,355140,360456,10,0,0,1776,1739,0,40,40,85,0,75,230,0,155,10,15,15,40,0,35,65,0,0,165,0,0,15,0,0
"10","48111610","DA","Strathcona County",0.24309,568,213,212,"4811052","4811","8350102.00","48835","0.077",210,210,2.8,0,0,0,95,40,35,15,5,335,135,95,5,25,10,76123,80234,64692,25,25,25,35,50,50,70,40,75,25,0,0,0,0,0,0,15,0,0,60,40,65,35,35,2.7,480,70,0,60,80,500,0,0,0,0,25,0,0,40.5,0,590,983,353481,408631,0,0,0,0,0,0,75,50,75,0,90,300,20,115,55,25,25,40,0,40,55,0,0,235,10,20,0,0,0
"11","48111611","DA","Strathcona County",0.40216,752,279,278,"4811052","4811","8350102.00","48835","0.196",275,270,2.8,0,0,5,120,55,50,15,5,435,200,135,15,25,30,69265,74007,49495,25,45,50,30,85,80,105,90,80,30,10,0,0,0,0,0,0,25,35,40,45,110,45,60,2,715,40,0,40,175,715,0,0,0,0,0,0,0,56,12.2,1214,1237,371783,446447,0,0,0,0,0,55,160,35,90,0,100,440,45,170,45,45,25,45,0,80,95,0,0,390,15,0,0,0,0
"12","48111612","DA","Strathcona County",0.21238,559,203,203,"4811052","4811","8350104.13","48835","0.23399999999999999",205,185,2.9,0,0,20,100,40,40,15,5,355,140,115,5,10,10,107704,122958,83093,45,25,35,0,30,40,65,40,45,75,60,0,0,0,0,0,0,0,0,25,60,120,35,85,2.7,520,35,0,0,135,495,0,0,0,0,0,0,0,47.8,0,766,1300,450556,470717,0,0,0,0,0,0,65,25,65,20,145,330,15,150,75,20,30,55,0,70,0,0,0,240,40,0,0,0,0
"13","48111613","DA","Strathcona County",0.19112,520,164,164,"4811052","4811","8350104.13","48835","0.129",165,160,3.2,0,0,0,60,25,60,20,0,310,120,105,5,5,0,96198,111155,74142,25,20,20,0,55,35,40,30,50,35,70,0,0,0,0,0,0,0,0,15,20,120,35,80,0,455,65,0,20,60,460,0,0,0,35,15,0,0,57.6,0,1340,1374,500299,493820,0,0,0,0,0,0,55,20,60,0,140,320,15,70,70,45,25,45,25,35,20,0,0,255,15,20,0,0,0
"14","48111614","DA","Strathcona County",0.34056,687,205,204,"4811052","4811","8350104.13","48835","0.076",205,200,3.4,0,0,5,50,40,75,25,5,375,165,135,5,15,5,90837,119824,67159,50,30,20,35,30,60,20,35,85,50,80,0,0,0,0,0,0,0,0,15,20,145,30,115,5.1,605,65,20,0,215,575,0,0,10,0,0,0,0,65,7.3,1713,1669,530522,535181,0,0,0,0,0,0,50,50,95,40,150,420,0,100,75,35,25,55,0,95,25,0,20,340,20,25,0,0,0
"15","48111615","DA","Strathcona County",0.38947,901,282,282,"4811052","4811","8350104.13","48835","0.107",285,280,3.2,0,0,0,80,65,80,40,5,490,205,160,15,20,10,77410,99983,45392,70,90,45,25,90,25,75,40,95,50,80,0,0,0,0,0,0,0,0,25,75,160,35,115,1.1,840,60,0,30,280,815,0,0,0,0,15,0,0,60.4,9.4,1547,1493,480465,491788,0,0,0,0,0,45,100,50,155,30,165,470,25,205,105,45,30,30,0,100,50,0,0,405,15,0,0,0,0
"16","48111616","DA","Strathcona County",0.16966,445,148,147,"4811052","4811","8350104.13","48835","0.092",145,150,3.2,0,0,0,50,35,30,15,5,245,120,95,10,15,5,60138,83500,59955,20,15,15,20,30,45,20,70,70,15,15,0,0,0,0,0,0,0,0,10,35,90,60,30,3.4,415,30,0,0,65,405,0,0,0,0,0,0,0,69,6.7,1668,1484,448838,392350,0,0,0,0,0,0,60,55,40,15,85,305,0,50,55,0,45,45,0,60,35,0,0,265,0,0,0,0,0
"17","48111617","DA","Strathcona County",0.40805,1071,341,332,"4811052","4811","8350104.13","48835","0.247",335,335,3.2,0,0,0,105,55,110,35,10,595,260,210,5,30,10,78494,103680,52175,95,40,55,35,75,80,120,55,85,60,140,0,0,0,0,0,0,20,0,15,35,240,70,170,3.3,945,125,0,75,290,925,0,0,0,25,35,0,0,55.2,9.1,1386,1489,501378,523786,0,0,0,0,0,0,120,75,150,15,210,565,40,275,130,40,25,50,0,145,50,25,0,415,40,30,0,0,15
"18","48111618","DA","Strathcona County",0.36623,917,274,274,"4811052","4811","8350104.13","48835","0.06",275,275,3.4,0,0,0,80,40,85,40,10,490,245,215,10,15,10,81415,86838,50133,60,25,50,80,85,85,40,60,85,55,55,0,0,0,0,0,0,30,0,20,40,155,40,120,0,840,75,0,45,205,800,15,0,0,0,30,0,0,77.6,6.1,1683,1585,501086,585220,0,0,0,0,0,0,145,40,115,35,140,530,30,170,85,45,30,55,15,95,45,45,10,405,55,0,0,0,0
"19","48111619","DA","Strathcona County",0.44385,858,273,271,"4811052","4811","8350104.12","48835","0.21600000000000003",270,245,3.3,0,0,25,75,55,85,25,15,440,220,160,10,30,20,91112,104081,62235,55,20,45,0,75,45,50,60,90,85,95,0,0,0,0,0,0,15,0,20,30,185,30,155,1.7,760,110,0,0,275,695,0,0,15,20,25,0,0,73.1,7.5,1808,1719,500370,507341,0,0,0,0,0,15,80,80,110,0,160,510,35,170,85,55,50,105,0,90,45,0,15,420,0,20,0,0,0
"20","48111620","DA","Strathcona County",0.39507,1058,373,373,"4811052","4811","8350102.00","48835","0.255",375,370,3,0,0,5,135,70,65,45,10,575,280,180,25,40,30,79492,102981,63925,85,55,40,65,85,85,60,75,95,105,50,0,0,0,0,15,0,25,35,35,45,175,70,105,1.4,975,85,0,0,170,970,0,0,0,0,0,0,0,44.4,5.6,604,1087,349892,362698,15,0,0,1775,1516,10,105,65,115,30,250,545,60,245,75,65,25,95,25,95,60,0,0,415,20,35,25,0,0
"21","48111621","DA","Strathcona County",0.14482,432,162,161,"4811052","4811","8350102.00","48835","0.13",160,160,2.8,0,0,0,65,25,30,10,5,230,130,90,10,25,10,74094,74627,47614,40,25,30,0,20,40,45,45,60,20,15,0,0,0,0,0,0,0,0,25,30,60,25,40,5.4,435,35,0,15,135,385,0,0,0,0,0,0,0,64.5,22.6,1496,1448,352418,352963,0,0,0,0,0,35,75,40,60,35,15,255,15,95,50,0,20,15,0,90,50,0,0,200,0,0,0,0,0
"22","48111622","DA","Strathcona County",0.6416,1074,362,359,"4811052","4811","8350103.00","48835","0.231",360,330,3,0,0,35,155,55,80,35,15,630,275,225,5,25,20,91792,97026,81135,100,70,55,70,35,60,55,75,130,80,135,0,0,0,0,0,0,0,0,55,40,230,25,205,4.2,915,160,0,35,165,905,0,0,0,15,75,0,0,40.3,8.3,793,1384,598330,612132,0,0,0,0,0,15,105,90,115,30,225,640,20,250,130,55,60,55,25,110,70,0,20,505,45,35,0,0,0
"23","48111624","DA","Strathcona County",0.16695,492,202,200,"4811052","4811","8350103.00","48835","0.247",200,165,2.7,0,0,30,70,40,30,5,0,230,175,100,10,45,20,58857,73094,41615,20,25,0,45,55,65,30,50,25,35,20,0,0,0,0,20,0,0,20,45,30,60,15,45,5.2,450,40,0,45,190,370,0,0,0,0,0,0,0,48.6,0,610,1037,348487,340198,25,0,0,1490,1254,35,80,70,55,0,35,265,0,110,20,20,25,25,0,50,65,0,0,205,15,0,0,0,0
"24","48111625","DA","Strathcona County",0.2484,439,166,166,"4811052","4811","8350103.00","48835","0.165",165,165,2.8,0,0,0,70,35,25,10,5,240,115,80,10,20,10,47033,57549,41184,45,15,0,40,35,55,50,25,35,30,20,0,0,0,0,0,0,20,0,25,25,60,20,40,10.2,400,40,0,25,85,355,0,0,0,0,10,0,0,62.5,18.8,1405,1348,350066,362181,0,0,0,0,0,20,35,45,60,0,55,250,20,100,20,0,10,30,0,75,70,0,0,225,0,20,0,0,0
"25","48111626","DA","Strathcona County",0.16776,446,165,164,"4811052","4811","8350103.00","48835","0.166",165,165,2.9,0,0,0,75,25,25,20,5,235,125,80,5,15,20,50084,50882,43160,25,20,30,40,30,40,60,10,30,25,0,0,0,0,0,20,0,0,25,35,45,20,15,0,13.2,430,20,0,10,115,420,0,0,0,0,0,0,0,59.3,22.2,1403,1320,349707,360855,35,0,0,1577,1408,25,55,35,70,0,30,210,10,110,45,30,0,30,0,25,30,0,0,155,0,0,0,0,0
"26","48111627","DA","Strathcona County",0.23257,488,186,183,"4811052","4811","8350100.00","48835","0.218",180,180,2.9,0,0,0,70,30,35,10,5,260,150,105,10,20,15,58695,88661,52590,25,30,70,15,40,50,55,40,25,30,0,0,0,0,0,0,25,25,0,20,25,65,45,20,9.3,460,25,0,45,100,425,0,25,0,0,0,0,0,46.9,0,705,1128,350016,358894,20,0,0,1602,1431,35,50,20,80,0,75,265,0,135,35,20,20,40,0,80,35,0,0,190,15,0,0,0,0
"27","48111628","DA","Strathcona County",0.18947,488,181,181,"4811052","4811","8350100.00","48835","0.233",185,180,2.8,0,0,0,75,30,35,15,5,265,145,100,10,15,20,42973,51871,38923,20,35,25,0,110,35,40,40,50,20,0,0,0,0,0,0,30,0,15,40,15,55,15,35,10.9,415,30,0,20,120,440,0,0,0,0,20,0,0,44.8,13.8,678,1027,349868,356997,35,0,0,1254,1328,0,95,40,50,0,50,240,0,140,20,15,20,40,0,55,50,0,0,195,0,0,0,0,0
"28","48111629","DA","Strathcona County",0.37584,506,180,178,"4811052","4811","8350100.00","48835","0.32899999999999996",180,180,3.1,0,0,5,65,30,40,10,5,225,185,135,15,20,20,53824,67391,33740,50,30,25,20,90,35,65,35,45,0,0,0,0,0,0,0,0,15,0,40,25,60,20,40,3.5,535,35,0,45,160,470,0,0,0,0,0,0,0,37.5,0,575,948,348571,342274,0,0,0,0,0,30,40,35,60,0,85,270,40,105,30,0,0,35,0,45,90,0,0,240,10,0,0,0,0
"29","48111630","DA","Strathcona County",0.15792,459,207,197,"4811052","4811","8350100.00","48835","0.244",195,155,2.7,0,0,45,70,35,30,5,0,225,160,100,10,30,20,52054,52039,55841,55,35,30,15,60,60,40,20,30,15,0,0,0,0,0,25,0,35,15,30,15,50,25,20,16.3,425,25,0,35,150,380,0,0,0,0,0,0,0,46.7,0,582,982,348964,343953,45,0,55.6,1096,1136,25,65,60,65,0,15,235,25,120,15,20,25,35,0,65,45,0,0,165,25,25,0,0,0
"30","48111631","DA","Strathcona County",0.25686,483,191,191,"4811052","4811","8350100.00","48835","0.213",190,185,2.8,0,0,0,70,35,30,10,0,225,185,125,10,25,30,55027,78680,49812,35,20,30,30,55,55,30,30,75,0,0,0,0,0,0,0,0,25,30,35,50,30,0,0,10.6,400,25,0,15,70,370,0,0,0,20,0,0,0,57.1,20,1086,1121,340702,363785,15,0,0,360,1047,25,65,40,60,0,65,255,10,120,0,0,0,35,30,35,55,0,0,190,20,0,0,0,0
"31","48111632","DA","Strathcona County",0.2401,514,181,181,"4811052","4811","8350100.00","48835","0.121",180,120,2.8,0,0,65,60,30,20,5,10,210,225,80,10,30,105,56165,66750,34371,15,15,50,20,80,30,60,30,35,20,0,0,0,0,0,30,0,20,0,25,25,55,25,25,8,355,65,15,0,95,320,0,0,0,0,55,0,0,63.6,13.6,1459,1353,348919,341081,70,64.3,71.4,803,828,0,45,15,40,0,95,250,0,100,25,20,30,40,0,60,55,0,0,155,20,35,25,0,0
"32","48111633","DA","Strathcona County",0.20704,485,182,181,"4811052","4811","8350100.00","48835","0.28600000000000003",180,160,3,0,0,20,65,40,25,15,10,220,180,120,15,25,15,62294,80302,58714,55,25,25,0,45,50,70,30,55,40,0,0,0,0,0,20,0,0,0,20,20,85,25,60,15.5,450,35,0,35,195,410,0,0,0,0,0,0,0,62.5,15.6,1376,1164,330341,328074,0,0,0,0,0,25,85,20,60,0,50,340,0,70,50,0,40,30,0,100,50,0,0,270,0,25,0,0,25
"33","48111634","DA","Strathcona County",0.79359,974,458,429,"4811052","4811","8350101.01","48835","0.212",430,80,2.5,165,0,180,165,55,35,10,5,435,440,180,25,95,145,55648,56855,51631,70,45,25,50,115,95,100,85,95,20,20,0,0,0,0,45,45,55,50,85,55,65,40,20,8.9,700,120,25,25,135,760,0,0,0,40,20,0,0,52.9,23.2,803,1019,299752,304379,80,0,41.2,1313,1234,65,105,50,140,30,40,415,25,300,45,10,30,80,0,80,80,0,0,320,25,35,15,0,0
"34","48111635","DA","Strathcona County",0.23286,510,203,199,"4811052","4811","8350100.00","48835","0.34299999999999997",195,165,3,0,0,30,70,35,30,20,5,240,190,125,10,35,20,52922,58442,32620,0,0,25,50,35,95,40,70,35,0,0,0,0,0,0,0,0,15,20,70,30,40,25,20,0,470,40,0,30,135,425,0,0,0,0,0,0,0,54.8,21.9,767,1221,345494,338755,40,0,0,1039,1292,0,65,65,60,0,35,295,35,75,25,15,0,35,0,80,85,0,0,240,0,0,0,0,0
"35","48111636","DA","Strathcona County",0.25448,382,141,140,"4811052","4811","8350103.00","48835","0.331",140,120,2.9,0,0,20,55,25,25,10,5,175,140,105,0,25,10,58411,73138,52868,15,25,25,40,40,30,60,25,20,0,0,0,0,0,0,0,20,0,0,0,40,35,20,0,0,350,20,0,0,80,325,0,0,0,0,0,0,0,48,0,593,1060,300783,319299,0,0,0,0,0,25,55,25,25,0,15,190,0,125,0,25,25,0,0,35,35,0,0,155,0,0,0,0,0
"36","48111637","DA","Strathcona County",0.17353,402,168,167,"4811052","4811","8350103.00","48835","0.256",170,165,2.7,0,0,0,85,20,25,5,5,230,125,80,5,20,15,77498,77426,82490,40,35,35,0,35,35,55,25,50,20,0,0,0,0,0,0,0,20,0,30,25,45,15,25,7.5,385,20,0,0,95,325,0,0,0,0,0,0,0,38.7,15.6,559,1013,359185,367077,0,0,0,0,0,20,55,40,50,0,55,210,0,125,40,0,30,20,0,25,30,0,0,155,0,0,20,0,0
"37","48111638","DA","Strathcona County",0.87122,837,330,327,"4811052","4811","8350101.01","48835","0.145",330,220,2.9,0,0,110,130,65,50,15,5,435,285,195,15,45,35,60245,77001,45129,55,65,90,35,70,110,65,50,75,40,45,0,0,0,0,0,0,45,25,60,55,110,35,75,8.4,705,120,0,45,165,740,0,0,0,0,50,0,0,45,16.7,718,1052,425544,438189,25,0,33.3,1639,1787,15,95,45,95,50,115,480,35,220,85,15,25,75,25,105,65,0,15,360,35,40,0,0,0
"38","48111639","DA","Strathcona County",0.09753,508,289,277,"4811052","4811","8350101.02","48835","0.42200000000000004",280,55,2.5,0,0,225,90,25,20,0,0,200,255,155,25,65,15,48474,57541,43954,0,0,25,35,100,75,55,45,65,0,0,0,0,0,15,75,20,30,40,0,40,55,40,0,10.9,490,0,0,0,115,470,0,0,0,0,0,0,0,58.1,25.8,1399,1258,299942,303326,145,0,71.4,888,933,30,120,25,70,20,50,370,30,65,35,25,35,35,0,90,40,0,0,280,0,70,0,0,0
"39","48111640","DA","Strathcona County",0.08609,274,114,114,"4811052","4811","8350101.02","48835","0.306",115,40,2.8,0,0,75,45,15,15,5,5,115,100,55,10,30,5,59733,65255,52840,15,0,0,0,15,20,45,40,0,0,15,0,0,0,0,0,0,0,15,20,20,25,0,25,3.8,240,25,0,20,80,210,0,0,0,0,0,0,0,42.9,0,650,880,276139,285059,15,0,0,1595,1787,0,45,30,35,0,10,125,0,75,15,0,0,20,0,15,40,0,0,100,0,0,0,0,0
"40","48111641","DA","Strathcona County",0.18958,677,235,235,"4811052","4811","8350101.02","48835","0.201",235,235,3,0,0,5,85,50,55,20,5,380,170,130,10,15,15,64995,96353,51379,20,25,30,30,60,60,65,50,55,50,55,0,0,0,0,0,20,0,0,30,30,135,20,115,1.5,610,60,0,30,160,595,0,0,25,0,25,0,0,61.7,10.6,1345,1332,399831,448591,0,0,0,0,0,30,85,60,60,25,140,400,0,135,55,30,25,60,0,65,60,0,25,325,20,30,0,0,0
"41","48111642","DA","Strathcona County",0.16668,455,173,173,"4811052","4811","8350101.02","48835","0.374",170,145,2.8,0,0,30,65,40,25,10,5,245,130,95,5,20,10,43757,91138,31558,0,20,0,25,55,70,35,15,55,30,20,0,0,0,0,0,0,0,0,40,55,50,15,40,2.2,395,60,0,0,110,410,0,0,0,30,0,0,0,48.4,16.1,708,1053,365132,346720,0,0,0,0,0,40,115,0,50,0,70,265,40,60,40,0,25,45,0,70,55,0,0,200,0,0,0,0,0
"42","48111643","DA","Strathcona County",0.07286,521,228,225,"4811052","4811","8350101.02","48835","0.25",225,0,2.7,0,0,225,95,40,30,5,0,205,195,80,30,55,25,46328,58665,42981,40,15,30,25,65,40,70,25,25,0,0,0,0,0,0,25,30,50,30,30,0,30,25,0,15.4,460,45,20,15,190,420,0,0,0,0,0,0,0,0,0,0,0,0,0,225,0,37.8,1280,1241,55,90,40,35,0,30,275,0,90,0,0,0,20,0,45,100,0,0,210,0,25,0,0,0
"43","48111644","DA","Strathcona County",0.1603,463,173,173,"4811052","4811","8350101.02","48835","0.204",170,165,2.9,0,0,10,75,20,30,10,5,250,130,80,5,25,20,72375,72593,57136,45,25,20,35,35,25,45,45,65,20,0,0,0,0,0,0,0,0,20,35,30,55,35,25,8.6,410,55,0,25,80,390,0,0,0,0,15,0,0,53.3,12.9,834,1172,349620,360700,20,0,0,1771,1693,30,65,30,60,20,55,300,0,85,40,40,0,55,0,55,60,0,0,240,0,0,0,0,0
"44","48111645","DA","Strathcona County",0.1635,494,179,177,"4811052","4811","8350101.02","48835","0.214",175,175,2.8,0,0,0,75,30,40,10,5,265,135,85,10,25,15,63921,81722,52975,0,15,20,0,70,40,95,40,60,0,15,0,0,0,0,0,0,0,0,0,25,75,30,45,2,420,70,0,25,75,440,0,0,0,25,0,0,0,47.2,5.7,642,1188,348864,350431,0,0,0,0,0,25,95,30,60,0,65,235,0,155,15,15,15,45,0,60,25,0,0,195,0,10,0,0,0
"45","48111646","DA","Strathcona County",0.25425,601,247,244,"4811052","4811","8350101.02","48835","0.24100000000000002",245,130,2.8,0,0,110,85,55,35,10,5,265,230,165,10,45,15,57967,72491,56271,25,25,0,45,60,65,75,45,75,30,20,0,0,0,0,0,0,25,30,35,40,75,40,35,2.5,455,70,75,40,155,480,0,0,0,0,40,0,0,69.2,10.3,1376,1356,341642,333824,50,0,60,1426,1437,35,60,40,80,30,95,380,0,120,35,15,0,55,0,115,60,0,0,245,25,90,0,0,0
"46","48111647","DA","Strathcona County",0.26208,795,300,296,"4811052","4811","8350101.02","48835","0.11199999999999999",295,295,2.8,0,0,0,130,50,55,20,5,445,225,160,10,35,15,86983,89061,86556,45,25,20,40,50,55,45,65,130,30,65,0,0,0,0,0,0,15,25,35,35,135,15,120,2.5,685,105,0,50,120,695,0,0,0,30,0,0,0,39.6,11.1,738,1059,400566,446313,0,0,0,0,0,0,105,35,95,15,170,355,15,270,50,20,25,75,0,50,45,0,0,275,0,50,0,0,0
"47","48111648","DA","Strathcona County",3.76692,1024,427,423,"4811052","4811","8350101.02","48835","0.28",425,295,2.9,0,0,130,135,70,70,20,5,540,345,195,20,55,70,74864,90006,54673,110,50,65,90,135,90,85,45,95,75,55,0,0,0,35,55,20,25,0,55,65,140,35,110,7.3,930,95,0,0,250,880,0,0,0,0,40,0,0,48.4,6.2,880,1200,408310,410202,100,75,76.2,564,808,25,115,65,175,0,150,585,20,315,40,50,65,70,30,140,75,0,30,440,45,30,0,0,0
"48","48111649","DA","Strathcona County",5.3459,1560,526,468,"4811052","4811","8350104.02","48835","0.265",470,470,3.2,0,0,0,145,90,115,60,35,880,360,295,15,20,35,84287,106658,65022,135,50,60,40,185,125,110,75,95,85,245,0,0,0,0,0,0,0,25,50,45,320,65,255,1,1175,325,20,30,255,1090,0,0,0,265,70,0,0,55.2,18.4,2005,1967,849102,904882,40,0,0,1102,1047,30,215,65,180,35,370,960,30,265,215,40,65,110,30,125,110,0,0,750,25,15,0,0,0
"49","48111650","DA","Strathcona County",0.64355,781,260,254,"4811052","4811","8350104.02","48835","0.106",255,210,3.2,0,0,45,95,30,60,25,20,435,225,185,10,10,25,87827,152550,48421,65,55,50,55,105,50,35,15,30,25,170,0,0,0,0,0,20,0,0,0,0,170,0,160,3.2,640,130,0,20,135,630,0,0,0,25,80,0,0,38,8,969,1513,753535,751367,0,0,0,0,0,0,95,20,65,30,200,460,25,190,85,35,45,75,10,60,30,20,0,340,25,0,0,0,0
"50","48111651","DA","Strathcona County",4.55375,547,225,199,"4811052","4811","8350104.02","48835","0.331",200,200,2.8,0,0,0,85,30,35,15,10,320,150,110,5,20,10,93079,99009,92716,20,0,60,0,75,50,50,0,50,30,60,0,0,0,0,0,0,0,0,50,50,75,15,55,6.1,370,120,0,25,30,465,0,0,0,0,35,0,0,43.6,15.4,1164,1458,698044,716668,0,0,0,0,0,0,50,45,55,15,65,215,0,215,55,15,0,20,0,20,45,0,0,175,0,0,0,0,0
"51","48111652","DA","Strathcona County",4.62554,693,246,220,"4811052","4811","8350104.02","48835","0.34",220,220,3.2,0,0,0,75,35,50,35,10,380,175,140,5,10,15,79262,89416,79167,45,0,50,25,30,15,35,80,65,55,115,0,0,0,0,0,0,0,0,0,0,180,25,155,2.6,700,50,0,135,265,590,0,0,0,10,0,0,0,43.2,9.1,1759,1752,799897,941503,0,0,0,0,0,20,45,90,80,0,95,335,0,195,55,45,55,25,0,75,15,0,0,290,0,0,0,0,0
"52","48111653","DA","Strathcona County",8.04259,1079,360,327,"4811052","4811","8350104.02","48835","0.336",325,325,3.3,0,5,0,95,60,95,45,15,590,275,225,10,10,20,93008,120032,89784,90,40,40,30,65,75,70,50,50,75,175,0,0,0,0,0,0,0,0,30,0,240,25,215,4.1,775,295,0,20,285,885,0,135,15,100,45,0,20,50.8,16.9,1293,1973,947086,968996,0,0,0,0,0,20,60,30,100,35,310,555,0,225,110,60,65,65,0,65,50,35,0,425,25,0,0,0,0
"53","48111654","DA","Strathcona County",5.35833,720,231,224,"4811052","4811","8350105.05","48835","0.213",225,220,3.3,0,0,0,85,30,60,25,15,405,160,125,5,10,10,55137,96339,39110,35,45,25,30,70,145,60,45,45,30,55,0,0,0,0,0,0,0,0,45,25,125,20,110,4.2,685,35,0,10,275,485,0,0,0,0,0,0,0,71.1,24.4,1801,1693,696461,634919,0,0,0,0,0,30,115,45,160,25,40,405,0,220,75,20,10,15,0,25,95,0,0,355,15,0,0,0,0
"54","48111655","DA","Strathcona County",7.54159,1001,325,320,"4811052","4811","8350105.05","48835","0.271",320,315,3.2,0,0,0,105,50,90,35,10,535,240,180,10,30,20,75625,113415,68731,75,0,15,60,50,85,70,80,80,65,140,0,0,0,0,0,0,0,0,25,35,220,45,180,6.6,870,185,0,30,180,930,0,25,0,0,35,0,0,60.3,11.1,1677,1897,601481,682843,0,0,0,0,0,20,120,65,115,20,240,570,45,165,115,60,65,85,0,95,65,0,0,445,35,0,0,0,10
"55","48111656","DA","Strathcona County",1.63335,5218,1868,1812,"4811052","4811","8350104.12","48835","0.212",1815,1565,3.1,0,0,245,630,320,460,150,30,2860,1095,760,70,165,100,85919,96155,64215,345,175,220,140,295,360,330,355,690,470,370,35,0,0,0,40,25,50,70,255,270,1045,430,610,2.6,4705,445,45,170,1605,4050,10,0,65,205,190,0,0,68.5,10.9,1749,1633,450540,486633,65,0,23.1,1685,1640,135,515,345,850,125,990,2785,105,1055,510,330,230,325,60,430,315,20,95,2415,95,80,15,0,35
"56","48111657","DA","Strathcona County",0.11448,470,147,146,"4811052","4811","8350104.12","48835","0.20199999999999999",145,150,3.3,0,0,0,40,35,40,15,5,225,120,90,10,10,5,69905,69991,63401,20,25,20,0,35,45,35,50,55,0,15,0,0,0,0,0,0,0,20,25,20,70,40,30,3.2,465,10,0,15,165,345,0,0,0,0,10,0,0,92,16,1939,1880,401204,394925,25,0,0,1978,1846,25,40,55,70,0,40,260,15,55,25,55,25,20,0,25,55,0,0,225,0,0,0,0,0
"57","48111658","DA","Strathcona County",0.18875,557,183,183,"4811052","4811","8350104.12","48835","0.261",185,185,3.3,0,0,0,55,35,40,20,5,300,155,120,0,20,15,74192,84016,54983,35,35,30,30,25,50,55,0,80,25,40,0,0,0,0,0,0,0,0,20,40,85,30,55,9,495,60,0,20,130,480,0,0,0,10,0,0,0,32.4,0,665,989,424366,445191,0,0,0,0,0,35,45,80,50,0,90,300,15,110,40,15,20,65,0,30,35,0,25,250,0,0,0,0,0
"58","48111659","DA","Strathcona County",0.21799,575,206,203,"4811052","4811","8350104.12","48835","0.298",200,185,3.2,0,0,20,65,40,35,15,10,260,190,125,20,30,20,75814,97055,57816,70,0,0,35,60,45,50,40,60,50,25,0,0,0,0,0,0,35,0,15,45,90,30,55,9.6,515,45,15,65,135,530,0,0,0,0,25,0,0,75,22,1618,1555,380560,360281,0,0,0,0,0,25,50,60,85,40,75,390,0,90,50,35,25,45,0,80,60,0,20,325,25,0,0,0,0
"59","48111660","DA","Strathcona County",0.35176,772,284,283,"4811052","4811","8350104.12","48835","0.21",280,250,3,0,0,35,95,45,60,20,10,395,220,140,20,35,30,74583,87721,62249,35,20,15,20,45,60,50,95,125,35,55,0,0,0,0,0,0,0,15,35,25,165,65,100,3.2,690,55,25,115,205,580,0,0,0,0,35,0,0,68.4,0,1698,1505,414731,428536,0,0,0,0,0,35,75,60,125,0,140,455,15,90,85,65,15,90,0,50,65,0,0,350,0,15,0,0,0
"60","48111661","DA","Strathcona County",0.18408,567,194,187,"4811052","4811","8350103.00","48835","0.29",190,155,3.3,0,0,30,50,35,55,15,5,275,150,110,10,25,5,88107,90001,66506,30,30,15,40,35,30,35,35,45,25,85,0,0,0,0,0,0,0,0,25,25,110,40,70,7.1,465,100,0,0,90,415,0,15,0,45,25,0,0,71.4,14.3,1301,1393,500461,462252,0,0,0,0,0,0,60,30,85,0,130,320,0,115,65,40,25,35,0,40,35,0,0,270,0,0,0,0,0
"61","48111662","DA","Strathcona County",0.09689,413,135,133,"4811052","4811","8350103.00","48835","0.142",130,135,3.2,0,0,0,40,15,45,10,5,210,100,80,5,5,5,92515,97639,82976,35,10,25,0,0,35,35,20,45,35,30,0,0,0,0,0,0,0,0,0,15,70,0,60,10.6,415,15,0,25,130,360,0,0,0,0,0,0,0,76,0,1737,1613,450292,459165,0,0,0,0,0,0,45,25,75,0,85,220,15,95,35,20,20,30,0,40,20,0,0,175,0,0,0,0,0
"62","48111663","DA","Strathcona County",4.97398,636,209,206,"4811052","4811","8350105.05","48835","0.133",210,205,3.1,0,0,0,80,30,45,25,10,360,155,130,5,15,5,64536,92839,46183,65,40,20,35,70,50,45,40,70,45,35,0,0,0,0,0,0,0,0,0,25,115,40,75,9.8,625,35,0,45,150,600,0,0,0,0,0,0,0,41.5,14.3,757,1218,648076,671686,0,0,0,0,0,25,70,65,105,20,75,390,25,125,30,50,30,30,0,80,75,0,0,355,0,0,0,0,0
"63","48111664","DA","Strathcona County",3.38861,296,94,94,"4811052","4811","8350105.05","48835","0.076",95,95,3.2,0,0,0,30,15,30,10,5,165,95,75,0,10,5,NA,NA,NA,NA,NA,NA,NA,NA,NA,NA,NA,NA,NA,NA,NA,NA,NA,NA,NA,NA,NA,NA,NA,NA,NA,NA,NA,NA,190,30,0,0,55,180,0,0,0,0,0,0,0,66.7,NA,1757,1653,651052,651609,0,0,NA,0,0,0,15,20,35,0,35,140,0,25,25,25,0,0,0,15,15,0,0,135,0,0,0,0,0
"64","48111665","DA","Strathcona County",5.30838,654,207,207,"4811052","4811","8350105.05","48835","0.259",205,210,3.2,0,0,0,75,35,55,25,5,375,140,115,5,10,5,55367,96788,49963,105,10,65,25,95,40,85,30,20,45,30,0,0,0,0,0,0,0,0,0,45,90,25,65,13,600,45,0,20,115,590,0,0,0,0,0,0,0,48.7,0,741,1367,599775,581938,0,0,0,0,0,90,100,85,75,0,35,310,0,250,40,35,0,30,0,20,55,0,25,265,25,0,0,0,0
"65","48111666","DA","Strathcona County",10.38979,567,195,193,"4811052","4811","8350105.04","48835","0.221",190,190,3.1,0,0,5,55,45,45,15,10,305,150,110,5,20,15,63269,59960,66108,105,75,10,15,50,30,60,20,65,35,25,0,0,0,0,0,0,0,0,55,0,85,20,65,8.2,550,55,0,0,140,575,0,0,0,0,0,0,0,59.5,25,1433,1281,500456,518707,0,0,0,0,0,35,65,90,85,0,20,340,20,160,40,20,40,35,15,25,95,0,0,265,15,0,15,0,0
"66","48111667","DA","Strathcona County",5.13566,633,219,214,"4811052","4811","8350105.04","48835","0.139",215,215,3.1,0,5,0,75,45,55,20,5,350,130,90,10,15,10,68283,100990,49958,45,55,15,0,60,55,60,25,30,35,35,0,0,0,0,0,0,50,15,0,25,80,15,65,1.7,565,15,0,55,160,460,0,0,0,15,0,0,0,84.2,39.5,1869,1663,450277,477144,15,0,0,1405,1185,50,75,35,110,0,25,310,0,140,50,50,35,15,0,65,20,0,15,225,0,0,0,0,0
"67","48111668","DA","Strathcona County",15.89176,556,197,194,"4811052","4811","8350105.04","48835","0.20800000000000002",195,195,2.9,0,0,0,85,40,45,10,5,350,110,85,10,10,5,65762,75307,54544,50,15,25,40,30,45,50,60,65,45,30,0,0,0,0,0,0,15,0,40,25,100,50,50,3.6,530,20,0,0,110,495,0,0,0,0,0,0,0,60.5,18.4,1428,1556,575448,584481,0,0,0,0,0,60,115,60,55,20,75,320,0,130,30,25,30,20,0,20,100,0,0,260,0,0,0,0,0
"68","48111669","DA","Strathcona County",20.94836,885,300,283,"4811052","4811","8350105.05","48835","0.223",285,275,3.2,0,10,0,95,45,65,30,15,480,170,130,10,15,15,83304,82960,83790,65,65,25,35,70,80,70,40,90,45,70,0,0,0,0,0,0,0,0,55,35,135,45,90,4.5,760,120,0,0,300,740,0,0,0,0,15,0,0,54.7,21.2,1595,2118,800183,754815,20,0,0,1064,1147,0,90,95,125,40,105,460,10,215,75,60,30,25,0,65,115,0,0,355,0,0,0,0,0
"69","48111670","DA","Strathcona County",36.84488,466,179,169,"4811052","4811","8350106.02","48835","0.39399999999999996",170,155,2.9,0,15,0,60,25,35,15,0,270,130,95,5,20,10,50026,63611,49956,55,0,15,20,50,85,0,20,25,70,0,0,0,0,0,0,45,0,0,0,50,55,10,40,3.2,440,30,0,30,105,350,0,0,0,0,0,0,0,57.7,0,1362,1358,401135,480649,0,0,0,0,0,30,90,10,95,0,20,280,0,115,0,20,0,45,0,65,65,10,0,230,0,0,0,0,0
"70","48111671","DA","Strathcona County",73.20857,478,182,169,"4811052","4811","8350106.02","48835","0.382",170,160,3.1,0,5,0,60,25,35,10,5,270,135,100,0,15,15,49424,60291,24633,0,55,60,45,40,45,30,0,20,20,20,0,0,0,0,55,0,0,0,0,20,55,20,30,32.3,445,30,0,25,75,435,0,0,0,0,0,0,0,37,14.8,694,1236,661564,671635,0,0,0,0,0,0,40,75,105,0,20,230,0,155,30,10,0,0,0,90,60,0,15,210,0,0,0,0,0
"71","48111672","DA","Strathcona County",47.57382,510,181,176,"4811052","4811","8350106.02","48835","0.231",175,170,3.1,0,5,0,65,30,45,10,10,295,125,110,5,10,10,81476,81522,65434,20,40,30,15,60,50,15,10,60,40,35,0,0,0,0,0,0,0,0,0,0,105,30,75,2,490,15,0,45,155,405,0,0,15,0,0,0,0,75,0,1602,1619,540490,517586,0,0,0,0,0,15,65,105,65,20,60,350,0,50,80,15,0,45,0,55,70,0,10,230,0,0,0,0,0
"72","48111673","DA","Strathcona County",20.45716,559,191,186,"4811052","4811","8350106.02","48835","0.2",185,180,3,0,5,0,70,25,45,20,5,315,135,105,5,10,10,49506,63355,39716,40,25,45,20,70,85,30,40,55,30,15,0,0,0,0,0,0,0,0,35,0,70,20,45,11.6,520,35,0,70,170,375,0,45,0,0,0,0,0,72.7,39.4,1817,1634,501461,618471,0,0,0,0,0,35,60,100,85,0,60,385,0,80,20,30,0,20,0,65,160,0,15,305,0,0,0,0,0
"73","48111674","DA","Strathcona County",36.59178,620,229,219,"4811052","4811","8350106.02","48835","0.309",215,210,3.1,0,10,0,80,40,40,15,10,340,160,110,5,30,15,58727,82100,48043,75,0,20,15,25,80,80,20,65,65,25,0,0,0,0,0,0,10,0,75,30,85,40,45,1.6,570,45,0,0,85,575,0,15,0,0,15,0,0,83.3,20,1600,1802,500212,498321,0,0,0,0,0,35,40,170,90,0,30,355,15,125,25,30,10,15,0,50,135,0,20,305,0,0,0,0,0
"74","48111675","DA","Strathcona County",31.99898,439,153,144,"4811052","4811","8350106.02","48835","0.502",145,130,3.1,0,10,0,45,20,35,20,10,230,115,85,5,15,15,53242,85200,44586,40,0,35,30,40,50,25,0,35,0,20,0,0,0,0,0,0,0,0,0,0,50,20,25,11.4,420,0,0,40,200,340,0,0,0,0,0,0,0,42.1,0,584,1342,500886,524359,0,0,0,0,0,25,70,35,55,0,25,220,0,105,60,25,0,25,0,25,55,0,0,175,0,0,0,0,0
"75","48111676","DA","Strathcona County",38.22707,1229,471,459,"4811052","4811","8350105.03","48835","0.29600000000000004",455,440,2.9,0,20,5,190,75,85,25,15,715,300,210,15,45,20,51081,65543,40023,75,85,65,90,145,155,145,115,110,50,45,0,0,0,0,0,30,40,50,65,90,165,75,90,6.5,1185,40,0,60,215,1085,0,0,0,0,0,0,0,61.4,12,1351,1297,401088,431843,45,0,0,2246,1834,170,190,210,175,15,100,830,25,230,125,90,30,50,15,125,265,0,30,655,70,0,0,0,20
"76","48111677","DA","Strathcona County",21.24033,641,227,225,"4811052","4811","8350105.03","48835","0.091",225,220,3,0,5,0,95,30,45,15,10,375,135,95,5,20,10,71048,80862,55545,65,30,25,15,45,55,55,35,95,30,40,0,0,0,0,0,0,20,10,35,50,100,40,65,1.5,655,20,10,25,220,570,0,105,0,0,15,0,15,61.1,13.9,1527,1451,484182,472234,0,0,0,0,0,25,85,135,85,0,60,325,0,145,45,35,20,35,0,40,105,0,0,255,15,0,0,0,0
"77","48111678","DA","Strathcona County",10.64133,594,202,196,"4811052","4811","8350105.04","48835","0.21600000000000003",195,190,3.1,0,0,0,70,40,45,10,15,355,120,100,5,15,0,76100,87591,58128,25,35,30,35,55,40,55,35,45,25,65,0,0,0,0,0,0,0,0,20,35,110,40,70,5.9,560,25,0,45,195,515,0,0,0,0,0,0,0,57.5,15.4,1167,1457,475080,537441,0,0,0,0,0,20,55,65,115,0,45,325,25,120,50,20,0,25,0,70,75,15,15,295,20,0,0,0,0
"78","48111679","DA","Strathcona County",6.51888,451,157,155,"4811052","4811","8350105.04","48835","0.33399999999999996",155,150,3,0,0,0,55,35,35,10,5,235,125,95,10,15,10,60098,78571,27507,35,0,30,30,35,40,25,40,45,20,0,0,0,0,0,0,0,0,0,20,30,55,35,25,10,450,0,0,0,205,305,0,0,0,0,30,0,0,57.7,15.4,1417,1499,499954,515024,0,0,0,0,0,0,70,70,70,0,25,270,0,55,30,35,0,20,0,60,75,0,0,215,25,0,0,0,0
"79","48111680","DA","Strathcona County",14.64904,568,187,184,"4811052","4811","8350105.04","48835","0.2",185,175,3.2,0,5,0,60,25,45,20,10,315,130,100,5,20,5,61667,68499,49205,50,0,30,15,55,55,55,45,60,25,25,0,0,0,0,0,0,0,15,20,55,65,0,55,5.3,540,25,0,0,165,500,0,0,15,0,0,0,0,66.7,19.4,1657,1551,549797,541066,0,0,0,0,0,50,75,85,80,0,45,320,0,125,25,10,25,35,0,60,80,0,0,240,0,0,0,0,0
"80","48111681","DA","Strathcona County",10.67702,475,180,178,"4811052","4811","8350105.03","48835","0.192",180,175,2.9,0,0,0,80,20,30,15,5,280,110,80,5,15,10,46717,58299,36370,20,0,0,35,65,40,30,55,40,15,0,0,0,0,0,0,10,0,30,25,25,55,30,25,6.3,440,40,0,30,155,400,0,0,0,0,0,0,0,56.7,20,1005,1242,500432,531918,20,0,0,1404,1517,0,40,70,110,0,45,310,20,40,35,30,45,40,20,55,55,0,0,260,20,0,0,0,0
"81","48111682","DA","Strathcona County",5.26332,418,158,152,"4811052","4811","8350105.03","48835","0.191",155,150,3,0,5,0,55,35,25,10,0,240,105,80,5,20,5,77217,108214,43490,20,0,0,0,40,45,30,40,45,40,40,0,0,0,0,0,0,0,0,15,0,95,25,70,3.6,415,0,0,0,125,330,0,0,0,0,0,0,0,56.7,13.3,1200,1525,599477,596270,0,0,0,0,0,35,85,55,85,0,30,265,0,90,65,30,15,0,0,20,50,0,0,245,0,0,0,0,0
"82","48111683","DA","Strathcona County",18.37694,457,154,150,"4811052","4811","8350105.04","48835","0.354",150,145,3.1,0,5,0,65,25,25,15,5,255,105,80,5,15,5,70925,87203,52057,30,0,25,0,30,45,20,35,50,0,45,0,0,0,0,0,0,0,0,0,0,90,40,55,8.8,400,50,0,25,120,395,0,0,0,0,0,0,0,46.4,25.9,1000,1322,501194,559251,0,0,0,0,0,25,45,75,80,0,35,240,0,90,45,20,0,25,0,50,65,0,0,210,0,0,0,0,0
"83","48111684","DA","Strathcona County",10.62999,497,172,166,"4811052","4811","8350105.04","48835","0.158",165,160,3.2,0,0,0,55,25,40,15,5,275,140,110,10,5,15,75562,91355,45435,45,25,30,15,40,50,55,15,65,30,25,0,0,0,0,0,0,0,0,45,0,70,20,45,2,470,40,0,10,105,475,0,0,0,0,0,0,0,51.7,17.2,890,1298,501367,520593,0,0,0,0,0,0,30,80,60,25,85,310,0,100,40,0,0,50,0,50,80,0,0,260,20,0,0,0,0
"84","48111685","DA","Strathcona County",16.42836,561,200,198,"4811052","4811","8350105.05","48835","0.312",200,195,2.9,0,0,0,85,25,45,10,10,330,130,95,5,15,5,87106,66964,93230,35,20,0,35,15,55,40,30,70,30,85,0,0,0,0,0,0,0,0,25,25,125,25,105,4.5,535,25,0,0,155,485,0,0,0,0,0,0,0,55.6,0,1144,1381,552259,631709,0,0,0,0,0,0,60,70,70,30,85,355,0,75,70,65,20,50,0,55,35,0,0,270,0,0,0,0,0
"85","48111686","DA","Strathcona County",10.5504,543,207,195,"4811052","4811","8350105.06","48835","0.191",195,190,2.9,0,5,0,75,35,35,15,5,315,135,90,10,20,15,76072,88592,44989,40,55,20,40,50,65,40,15,80,10,40,0,0,0,0,0,0,0,0,15,30,80,15,65,3.8,445,70,0,30,95,455,0,0,0,0,0,0,0,51.6,0,810,1284,598514,619375,0,0,0,0,0,35,80,90,65,0,60,355,0,95,20,0,40,30,0,95,130,0,0,305,0,0,0,0,0
"86","48111687","DA","Strathcona County",23.75753,667,245,236,"4811052","4811","8350105.06","48835","0.278",235,225,3,0,5,5,95,45,45,15,10,380,165,130,5,15,15,62701,72217,36549,60,20,50,40,40,80,40,75,70,20,35,0,0,0,0,0,0,0,40,40,30,100,30,70,6,590,80,0,50,200,580,0,0,0,0,0,0,0,50,15.4,1427,1434,574199,653019,30,0,0,704,811,0,90,70,85,0,95,435,0,100,65,30,30,40,0,80,70,30,0,345,0,0,0,0,0
"87","48111688","DA","Strathcona County",19.76676,728,233,230,"4811052","4811","8350105.06","48835","0.17300000000000001",230,225,3.2,0,0,5,70,40,55,20,15,405,170,135,10,10,15,58405,69875,45707,60,30,45,40,60,95,50,45,85,15,20,0,0,0,0,0,20,0,0,55,45,80,45,35,7.5,600,125,0,25,80,660,0,0,0,30,0,0,0,67.5,22.5,1615,1593,551697,573788,0,0,0,0,0,40,145,95,75,25,40,460,20,100,40,15,25,40,0,110,95,45,20,385,35,0,0,0,0
"88","48111689","DA","Strathcona County",14.29649,495,180,175,"4811052","4811","8350104.02","48835","0.29600000000000004",175,175,2.8,0,5,0,75,35,40,15,5,305,130,100,5,15,10,57536,74618,47020,40,30,25,25,60,70,60,20,30,25,55,0,0,0,0,0,0,0,0,25,20,95,35,60,0,445,50,0,35,110,400,0,0,0,40,0,0,0,56.2,0,1284,1359,549410,544826,0,0,0,0,0,25,90,55,55,20,75,335,0,110,40,25,20,40,0,45,85,0,0,275,15,0,0,0,0
"89","48111690","DA","Strathcona County",28.70342,812,331,311,"4811052","4811","8350105.06","48835","0.19399999999999998",310,305,2.9,0,5,5,125,40,50,20,15,445,235,145,15,40,35,52906,68963,50410,55,50,45,30,135,60,100,35,80,25,15,15,0,0,0,0,0,20,0,65,45,85,30,55,7.4,745,70,0,100,205,760,30,0,0,0,0,0,0,71.2,26.7,1511,1463,420325,436439,20,0,0,1601,1147,40,85,90,115,10,40,455,10,185,140,20,20,50,0,65,70,20,0,360,15,0,0,0,0
"90","48111691","DA","Strathcona County",15.64656,725,269,243,"4811052","4811","8350105.06","48835","0.16",240,235,3,0,10,0,90,50,60,20,10,420,150,125,5,5,10,86113,91873,62391,25,50,35,15,60,40,60,60,105,70,45,0,0,0,0,0,0,15,0,35,25,145,45,95,8.8,700,45,0,30,205,635,20,0,0,0,0,0,0,60.4,20.8,1647,1781,601604,677690,0,0,0,0,0,35,130,80,125,25,85,445,25,135,120,25,35,40,15,50,55,15,0,365,25,0,0,0,0
"91","48112072","DA","Strathcona County",50.58249,650,236,228,"4811052","4811","8350104.02","48835","0.22",230,220,3,0,5,0,95,25,45,20,15,365,175,120,5,25,15,60129,70842,48606,65,20,50,50,55,50,45,35,65,35,30,0,0,0,0,0,0,0,0,25,35,95,35,65,14.6,620,25,0,0,150,595,0,0,0,0,0,0,0,50,0,1398,1470,576336,602764,80,0,0,734,861,0,70,60,110,10,75,375,0,185,65,15,20,45,0,70,80,0,0,275,65,0,0,0,0
"92","48112073","DA","Strathcona County",17.74616,519,186,176,"4811052","4811","8350104.02","48835","0.276",175,175,3,0,5,0,70,30,30,15,5,305,130,100,5,20,5,75914,99876,50914,30,25,20,45,35,50,45,0,75,40,75,0,0,0,0,0,0,0,0,0,30,100,0,85,5.7,435,65,0,0,130,365,0,0,0,65,0,0,0,37.5,18.8,1155,1411,826108,880550,15,0,0,849,640,0,70,15,60,35,125,345,30,85,95,0,20,110,0,40,40,0,0,290,0,0,0,0,0
"93","48112074","DA","Strathcona County",23.20429,657,222,215,"4811052","4811","8350105.06","48835","0.242",215,210,3.1,0,0,0,75,35,55,25,10,380,145,115,10,15,10,60357,67882,59557,35,40,20,20,45,80,85,35,65,35,35,0,0,0,0,0,0,0,0,40,30,115,50,70,3.1,635,25,0,45,250,570,0,0,0,0,0,0,0,76.3,0,1767,1735,501682,520297,20,0,0,1453,1397,0,80,105,100,25,100,445,0,80,55,35,35,50,0,85,105,0,0,400,20,0,0,0,0
"94","48112075","DA","Strathcona County",77.22979,871,345,328,"4811052","4811","8350105.03","48835","0.37200000000000005",330,320,3,0,5,0,130,50,45,25,15,490,220,160,10,40,10,71634,84122,70576,60,0,40,40,95,65,60,70,85,50,35,0,0,0,0,0,0,20,20,70,55,120,60,60,5.8,785,70,0,25,305,705,0,0,0,20,0,0,0,60,16.7,1352,1266,401002,445955,25,0,0,521,750,65,100,90,145,0,90,490,20,180,65,40,30,50,0,80,100,20,0,410,35,0,0,0,0
"95","48112076","DA","Strathcona County",6.03018,32,11,11,"4811052","4811","8350105.03","48835","0.0",NA,NA,NA,NA,NA,NA,NA,NA,NA,NA,NA,NA,NA,NA,NA,NA,NA,NA,NA,NA,NA,NA,NA,NA,NA,NA,NA,NA,NA,NA,NA,NA,NA,NA,NA,NA,NA,NA,NA,NA,NA,NA,NA,NA,NA,45,0,0,0,0,50,0,0,0,0,0,0,0,0,NA,0,0,0,0,0,0,NA,0,0,0,0,0,0,0,0,25,0,10,0,0,0,0,0,0,0,0,0,15,0,0,0,0,0
"96","48112077","DA","Strathcona County",56.43016,390,200,148,"4811052","4811","8350105.03","48835","0.28600000000000003",150,135,2.9,0,10,0,55,35,25,10,5,220,100,65,5,20,10,92227,116615,31178,20,0,0,40,35,15,30,0,25,25,40,0,0,0,0,0,0,0,0,0,30,60,0,45,3.1,270,40,0,0,95,235,0,0,0,0,0,0,0,40,0,619,1083,449264,484369,0,0,0,0,0,30,25,0,60,0,45,180,0,80,20,0,35,35,0,40,25,0,0,125,0,0,0,0,0
"97","48112078","DA","Strathcona County",35.11998,570,202,189,"4811052","4811","8350105.06","48835","0.27899999999999997",190,185,3.1,0,5,0,80,25,40,25,5,330,100,70,10,10,10,58071,59033,57918,40,0,0,0,15,50,55,50,55,30,20,0,0,0,0,0,0,0,0,0,35,85,25,60,2.6,520,50,0,30,180,455,0,0,0,0,0,0,0,84.4,25,1805,1770,491510,523344,0,0,0,0,0,50,70,105,70,0,40,315,0,85,20,30,15,60,0,60,65,20,0,280,15,0,0,0,0
"98","48112079","DA","Strathcona County",76.39444,441,166,158,"4811052","4811","8350106.02","48835","0.377",160,140,2.8,0,15,0,75,20,30,5,5,285,95,75,5,10,10,36425,36361,37184,45,25,0,0,80,80,20,0,35,45,15,0,0,0,0,0,0,0,0,50,0,80,45,30,8,400,25,0,25,55,415,0,0,0,0,0,0,0,43.5,13.6,847,1073,500191,495593,0,0,0,0,0,0,85,50,35,25,55,285,0,85,120,0,0,30,0,30,45,0,15,135,15,0,0,0,0
"99","48112080","DA","Strathcona County",89.30524,440,171,162,"4811052","4811","8350106.02","48835","0.38799999999999996",165,150,2.8,0,10,0,75,20,25,10,10,260,125,85,10,20,10,66922,84809,66677,40,30,25,45,55,40,15,35,30,0,0,0,0,0,0,0,25,0,0,15,0,25,0,0,8.4,395,20,0,80,10,405,0,0,0,0,0,0,0,33.3,0,550,911,400068,447881,10,0,0,502,813,20,70,80,25,0,10,175,0,165,30,0,0,0,0,20,75,0,0,100,0,0,0,0,0
"100","48112081","DA","Strathcona County",156.02745,464,164,148,"4811052","4811","8350106.02","48835","0.20800000000000002",150,145,2.7,0,5,5,60,30,20,5,5,250,125,85,5,15,15,83262,78646,128044,20,0,35,20,25,40,0,0,30,40,35,0,0,0,0,0,0,0,0,0,15,60,15,45,5.6,350,0,0,55,45,340,0,0,0,0,0,0,0,57.9,0,1460,1562,450472,577757,35,0,0,502,759,45,30,40,60,0,15,230,0,60,55,0,0,0,0,55,65,0,0,180,0,0,0,0,0
"101","48112090","DA","Strathcona County",0.31007,531,264,251,"4811052","4811","8350104.19","48835","0.434",250,0,2.6,0,250,0,100,35,20,10,5,220,225,125,20,50,30,49449,53200,30546,85,0,25,0,95,55,70,50,0,0,0,0,0,0,0,0,0,45,45,90,15,0,0,0,10.4,515,15,0,65,160,450,0,0,0,0,25,0,0,39.6,0,375,594,80370,94379,0,0,0,0,0,135,110,85,20,0,20,340,0,80,75,0,0,0,0,45,155,0,0,305,15,0,0,0,0
"102","48112092","DA","Strathcona County",0.17025,545,186,183,"4811052","4811","8350104.15","48835","0.145",185,160,3.1,0,0,25,50,45,45,15,0,245,190,140,10,25,10,59945,81539,54015,40,15,0,30,30,55,80,30,75,0,0,0,0,0,0,0,0,0,0,30,60,55,35,25,0,510,30,0,40,115,470,0,0,0,0,0,0,0,82.9,22.2,1649,1602,380569,388690,0,0,0,0,0,0,80,35,90,0,75,325,30,75,55,25,0,55,0,45,65,0,0,270,10,0,0,0,0
"103","48112093","DA","Strathcona County",0.15332,388,121,118,"4811052","4811","8350104.15","48835","0.28",115,115,3.2,0,0,5,30,30,30,15,5,185,110,90,5,15,5,70395,66506,74774,0,50,10,0,15,30,25,30,50,0,0,0,0,0,0,0,0,0,0,15,0,50,25,20,39.7,310,30,0,100,105,295,0,0,0,0,0,0,0,80,0,1804,1612,420519,414141,0,0,0,0,0,0,75,0,35,0,35,170,0,115,20,0,15,15,0,50,35,0,0,145,0,10,0,0,0
"104","48112094","DA","Strathcona County",0.28831,969,314,309,"4811052","4811","8350104.15","48835","0.223",310,310,3.3,0,0,0,85,70,90,25,15,525,165,130,5,20,5,67768,81053,49827,55,20,30,25,70,75,85,70,80,65,60,0,0,0,0,0,0,35,0,35,60,155,65,90,0,860,95,0,90,260,820,0,25,0,0,55,0,0,84.7,16.9,1923,1790,400495,418190,0,0,0,0,0,25,145,70,125,0,160,545,0,95,75,50,35,75,0,110,80,0,0,445,30,15,0,0,0
"105","48112095","DA","Strathcona County",0.4047,1102,365,363,"4811052","4811","8350104.16","48835","0.127",365,320,3.2,0,0,45,110,60,110,35,10,585,260,200,15,30,15,76502,92232,64595,65,60,40,45,50,110,75,90,120,65,80,0,0,0,0,0,0,0,0,65,25,220,75,145,3.6,1015,75,0,55,285,925,0,0,0,0,40,0,0,69.1,21.7,1696,1575,449275,455846,20,0,0,1003,1177,25,125,75,215,20,140,655,30,150,55,50,75,80,0,115,125,30,15,580,45,0,0,0,0
"106","48112096","DA","Strathcona County",0.21848,513,166,165,"4811052","4811","8350104.16","48835","0.268",165,165,3.2,0,0,0,55,30,40,15,5,305,125,115,5,0,5,75254,84255,55378,45,15,15,40,0,40,40,45,70,40,40,0,0,0,0,0,0,0,0,0,35,105,20,85,1.9,440,50,35,0,125,410,0,0,0,25,35,0,0,56.2,0,1362,1366,449197,455715,0,0,0,0,0,0,45,40,110,20,100,315,0,95,70,45,20,40,0,55,25,0,0,250,30,20,0,0,0
"107","48112097","DA","Strathcona County",0.1413,599,189,189,"4811052","4811","8350104.16","48835","0.226",185,190,3.4,0,0,0,55,25,65,15,10,310,140,115,5,10,10,89583,94825,70517,65,20,25,25,25,30,25,70,50,45,35,0,0,0,0,0,0,0,0,35,0,105,40,70,2.5,540,55,0,0,155,490,10,0,0,0,20,0,0,63.9,0,1352,1399,424971,430426,0,0,0,0,0,0,60,20,90,25,90,315,0,115,65,20,0,45,0,65,30,20,0,260,15,0,0,0,0
"108","48112099","DA","Strathcona County",0.17687,496,168,168,"4811052","4811","8350104.16","48835","0.24600000000000002",170,170,3,0,0,0,70,25,40,10,5,270,125,95,10,10,10,86183,86034,87030,65,25,20,15,20,45,40,30,80,40,40,0,0,0,0,0,0,0,0,15,0,115,40,80,0,470,25,0,0,130,440,0,0,0,0,0,0,0,63.3,0,1653,1517,421457,431709,0,0,0,0,0,0,45,30,70,0,65,330,0,80,35,25,50,55,0,65,40,0,0,300,0,0,0,0,0
"109","48112100","DA","Strathcona County",0.30789,809,334,330,"4811052","4811","8350104.15","48835","0.205",330,210,2.9,0,0,120,110,55,60,15,0,425,215,145,15,35,20,79906,88287,61681,50,55,30,40,55,55,60,55,130,55,30,0,0,0,0,0,25,0,25,35,55,130,55,75,15.4,760,50,0,40,175,715,0,0,0,0,40,0,0,63.5,20.6,1521,1347,420696,395478,35,0,0,1500,1453,0,80,60,125,35,135,485,0,145,40,30,70,80,15,55,115,0,20,430,25,20,0,0,0
"110","48112101","DA","Strathcona County",0.15515,492,161,161,"4811052","4811","8350104.15","48835","0.134",160,165,3.1,0,0,0,55,40,40,10,5,255,135,100,5,25,5,70223,72240,64639,35,25,10,20,50,45,25,45,85,20,25,0,0,0,0,0,0,0,20,40,20,80,20,60,0,450,35,0,0,110,440,0,0,10,0,0,0,0,60.6,9.4,1254,1419,400569,416458,0,0,0,0,0,0,70,80,70,0,65,310,20,55,55,25,10,55,0,65,65,0,0,245,0,0,0,0,0
"111","48112102","DA","Strathcona County",0.1259,448,148,146,"4811052","4811","8350104.18","48835","0.14800000000000002",145,145,3.2,0,0,0,50,25,45,15,0,255,115,95,0,10,10,67764,77436,48261,15,20,40,30,30,40,40,50,70,0,0,0,0,0,0,0,0,0,0,30,20,65,0,50,9,395,55,0,0,195,375,0,0,0,0,10,0,0,46.4,0,609,1157,400733,416796,0,0,0,0,0,15,30,50,75,0,60,230,0,135,40,30,0,35,0,40,30,0,0,200,0,0,0,0,0
"112","48112103","DA","Strathcona County",0.10233,347,111,111,"4811052","4811","8350104.18","48835","0.105",115,110,3.1,0,0,0,45,10,25,10,5,180,100,75,5,15,5,75004,94498,51839,0,15,15,15,15,30,25,10,35,0,45,0,0,0,0,0,0,0,0,20,0,65,15,50,3,310,20,0,30,95,290,0,0,0,0,0,0,0,45,0,619,1062,448947,454452,0,0,0,0,0,0,55,25,70,0,0,150,0,80,25,10,20,30,0,25,15,0,0,125,0,0,0,0,0
"113","48112104","DA","Strathcona County",0.1353,595,275,272,"4811052","4811","8350104.18","48835","0.2",275,150,2.6,0,0,120,125,30,30,10,0,360,155,65,5,30,50,75122,79470,62294,45,0,40,35,35,65,60,70,85,20,35,0,0,0,0,0,30,25,20,40,35,95,30,65,7.6,510,45,40,30,130,490,0,0,0,20,45,0,0,41.5,18.9,693,1102,400387,397381,0,0,0,0,0,20,80,30,90,0,60,285,0,225,50,0,25,0,0,55,35,0,0,230,0,20,0,0,0
"114","48112105","DA","Strathcona County",0.30955,525,200,199,"4811052","4811","8350104.18","48835","0.185",195,0,2.1,0,0,200,100,10,0,0,0,245,275,40,5,40,190,69656,70033,58180,0,20,25,35,75,45,30,35,15,15,0,0,0,0,0,35,30,25,15,45,0,25,15,0,3.2,265,50,0,0,25,295,0,0,0,0,0,0,0,27,13.5,684,887,348614,339790,15,0,0,1249,1103,0,40,25,30,0,0,100,0,210,0,0,0,0,0,0,20,0,0,65,0,0,0,0,0
"115","48112106","DA","Strathcona County",0.13288,795,395,373,"4811052","4811","8350104.17","48835","0.254",370,60,2.6,0,0,315,140,65,30,10,5,360,310,205,25,60,20,44629,62241,36784,55,55,65,55,135,90,45,75,45,55,0,0,0,0,20,20,40,35,35,100,65,40,10,30,7.2,590,85,160,35,90,580,0,120,0,25,75,0,0,62.5,21.7,1385,1248,340718,348835,255,0,33.3,1226,1285,0,85,60,95,100,110,505,0,185,40,60,35,40,0,145,60,0,0,380,25,60,20,15,0
"116","48112172","DA","Strathcona County",2.37557,1186,414,380,"4811052","4811","8350104.17","48835","0.228",380,230,3,0,0,150,125,95,60,25,5,540,385,180,25,45,140,79610,98988,59976,95,35,0,0,40,60,75,95,170,55,70,0,0,0,0,0,25,0,0,95,35,190,85,100,8,910,55,35,40,325,890,0,0,35,0,25,0,20,91.7,18.1,1822,1855,424752,419188,15,0,0,1831,1750,20,135,60,135,30,205,635,0,105,100,70,60,85,0,80,120,0,0,530,35,0,0,0,20
"117","48112175","DA","Strathcona County",1.90047,5052,1784,1710,"4811052","4811","8350104.18","48835","0.2",1710,1330,3.2,0,0,380,540,345,415,150,45,2575,1135,845,65,170,65,71622,86370,56472,360,215,240,165,425,340,375,345,585,315,270,30,20,0,0,20,50,135,100,290,210,815,305,515,7,4630,410,0,315,1430,4285,15,145,30,65,175,0,25,74,19,1685,1595,439356,447157,165,0,54.5,1733,1707,140,745,415,790,130,720,2985,95,665,495,320,190,315,55,520,450,55,55,2460,150,120,50,0,45
"118","48112176","DA","Strathcona County",28.80873,1261,726,701,"4811052","4811","8350104.17","48835","0.28600000000000003",700,70,2.3,0,0,630,270,30,20,5,0,560,635,260,50,105,220,62517,75487,57128,80,50,35,100,120,170,140,100,160,50,60,25,0,0,65,65,80,60,60,105,100,145,75,70,11.6,970,150,0,45,305,955,0,0,0,0,30,0,0,55.7,28.7,931,1141,300550,297409,155,0,38.7,1400,1390,0,175,105,175,35,150,650,30,400,90,55,40,75,0,100,145,0,20,520,25,25,20,0,20
"119","48112178","DA","Strathcona County",2.5541,4446,1934,1814,"4811052","4811","8350104.19","48835","0.293",1815,790,2.9,110,445,465,630,345,275,85,25,2180,1280,790,130,235,125,70303,81438,56054,285,170,225,115,305,425,430,375,590,195,215,30,0,25,0,115,105,145,165,370,270,585,270,315,6.2,3985,420,30,340,1265,3580,40,55,140,40,130,0,0,85.9,19.8,1727,1727,349756,355342,250,6,56,1554,1711,205,655,295,580,105,740,2760,85,590,370,245,215,300,30,540,450,40,70,2345,90,85,55,0,55
"120","48112339","DA","Strathcona County",0.46594,947,360,360,"4811052","4811","8350103.00","48835","0.165",360,350,2.8,0,0,15,135,80,55,20,10,475,320,215,30,60,20,58739,62993,52788,55,20,30,65,95,115,120,85,95,35,20,0,0,0,0,0,35,15,40,55,60,120,70,50,8.5,865,80,0,75,340,790,0,0,20,0,0,0,0,61.5,13.8,1342,1234,341911,341951,35,0,0,1651,1617,45,110,55,165,40,95,540,45,190,55,45,45,65,20,80,135,0,0,445,55,0,0,0,0
"121","48112340","DA","Strathcona County",0.21815,712,230,230,"4811052","4811","8350103.00","48835","0.158",230,225,3.1,0,0,5,75,50,60,20,5,380,170,125,5,25,0,79104,102061,55596,15,30,20,0,35,65,45,85,75,70,45,0,0,0,0,0,0,0,0,20,30,165,70,100,1.4,650,45,0,45,175,605,0,0,0,35,0,0,0,69.6,6.5,1638,1619,494125,485366,0,0,0,0,0,30,95,65,125,25,100,445,0,90,65,35,30,70,0,85,35,0,20,375,15,30,0,0,0
"122","48112341","DA","Strathcona County",0.52407,1270,453,450,"4811052","4811","8350103.00","48835","0.166",450,450,3,0,0,0,190,80,95,40,10,760,330,255,10,35,25,78010,98888,51003,110,70,90,60,115,90,120,75,95,100,100,0,0,0,0,0,25,25,25,90,55,215,60,155,4.3,1155,115,0,60,405,1080,0,0,0,40,25,0,0,42.3,3.8,627,1032,473117,462621,65,0,41.7,1267,1285,60,180,65,195,65,170,720,60,305,105,65,75,75,10,130,120,35,20,590,15,35,0,0,0
"123","48112342","DA","Strathcona County",0.26769,943,330,326,"4811052","4811","8350104.16","48835","0.14300000000000002",325,225,3.3,0,0,100,75,65,90,25,5,440,250,170,15,50,15,70027,91143,46481,85,35,40,0,55,65,95,65,105,75,45,0,0,0,0,0,0,20,0,70,50,155,75,80,2.1,875,65,0,40,290,740,15,0,0,0,25,0,0,90.5,17.5,1702,1749,420908,398851,0,0,0,0,0,15,135,115,150,20,115,585,0,105,55,45,40,75,0,120,60,0,45,500,25,20,0,0,0
"124","48112343","DA","Strathcona County",0.3228,950,305,305,"4811052","4811","8350104.16","48835","0.22399999999999998",305,305,3.3,0,0,0,80,55,95,35,10,485,230,175,15,30,5,79182,84407,58928,60,45,25,20,85,40,90,45,155,65,45,0,0,0,0,0,0,0,20,45,60,155,60,100,1,960,15,0,25,330,820,0,0,0,25,20,0,0,80.3,6.6,1592,1506,413781,423531,0,0,0,0,0,30,135,45,165,35,150,580,20,125,75,45,45,115,0,70,75,0,25,465,35,45,0,0,0
