"","GeoUID","Type","Region Name","Area (sq km)","Population","Dwellings","Households","CSD_UID","CD_UID","CT_UID","CMA_UID","v_CA21_434: Occupied private dwellings by structural type of dwelling data","v_CA21_435: Single-detached house","v_CA21_440: Apartment in a building that has five or more storeys","v_CA21_441: Other single-attached house","v_CA21_442: Movable dwelling","v_CA21_456: Married or living common-law","v_CA21_477: Not married and not living common-law","v_CA21_480: Never married","v_CA21_483: Separated","v_CA21_486: Divorced","v_CA21_489: Widowed","v_CA21_493: 2 persons","v_CA21_494: 3 persons","v_CA21_495: 4 persons","v_CA21_496: 5 or more persons","v_CA21_497: Average size of census families","v_CA21_560: Median total income in 2020 among recipients ($)","v_CA21_561: Median total income in 2020 among recipients ($)","v_CA21_562: Median total income in 2020 among recipients ($)","v_CA21_722: Under $10,000 (including loss)","v_CA21_725: $10,000 to $19,999","v_CA21_728: $20,000 to $29,999","v_CA21_731: $30,000 to $39,999","v_CA21_734: $40,000 to $49,999","v_CA21_737: $50,000 to $59,999","v_CA21_740: $60,000 to $69,999...37","v_CA21_740: $60,000 to $69,999...38","v_CA21_743: $70,000 to $79,999","v_CA21_746: $80,000 to $89,999","v_CA21_749: $90,000 to $99,999","v_CA21_752: $100,000 and over","v_CA21_945: Under $5,000","v_CA21_946: $5,000 to $9,999","v_CA21_947: $10,000 to $14,999","v_CA21_948: $15,000 to $19,999","v_CA21_949: $20,000 to $24,999","v_CA21_950: $25,000 to $29,999","v_CA21_951: $30,000 to $34,999","v_CA21_952: $35,000 to $39,999","v_CA21_953: $40,000 to $44,999","v_CA21_954: $45,000 to $49,999","v_CA21_955: $50,000 to $59,999","v_CA21_956: $60,000 to $69,999","v_CA21_957: $70,000 to $79,999","v_CA21_958: $80,000 to $89,999","v_CA21_959: $90,000 to $99,999","v_CA21_960: $100,000 and over","v_CA21_1040: Prevalence of low income based on the Low-income measure, after tax (LIM-AT) (%)","v_CA21_1085: Prevalence of low income based on the Low-income cut-offs, after tax (LICO-AT) (%)","v_CA21_4407: Non-immigrants","v_CA21_4410: Immigrants","v_CA21_4434: Non-permanent residents","v_CA21_4971: First Nations (North American Indian), n.o.s.","v_CA21_4974: MÃ©tis","v_CA21_4977: European, n.o.s.","v_CA21_5208: Caribbean, n.o.s.","v_CA21_5205: West or Central Asian or Middle Eastern, n.o.s.","v_CA21_5202: East or Southeast Asian, n.o.s.","v_CA21_5109: Latin, Central or South American, n.o.s.","v_CA21_5094: South Asian, n.o.s.","v_CA21_4809: Oceania and other","v_CA21_4306: % of owner households with a mortgage (58)","v_CA21_4307: % of owner households spending 30% or more of its income on shelter costs (55)","v_CA21_4309: Median monthly shelter costs for owned dwellings ($) (59)","v_CA21_4310: Average monthly shelter costs for owned dwellings ($) (59)","v_CA21_4311: Median value of dwellings ($) (60)","v_CA21_4312: Average value of dwellings ($) (60)","v_CA21_4313: Total - Tenant households in non-farm, non-reserve private dwellings","v_CA21_4314: % of tenant households in subsidized housing (61)","v_CA21_4315: % of tenant households spending 30% or more of its income on shelter costs (55)","v_CA21_4317: Median monthly shelter costs for rented dwellings ($) (59)","v_CA21_4318: Average monthly shelter costs for rented dwellings ($) (59)","v_CA21_5820: No certificate, diploma or degree","v_CA21_5832: Apprenticeship or trades certificate or diploma","v_CA21_5841: College, CEGEP or other non-university certificate or diploma","v_CA21_5844: University certificate or diploma below bachelor level","v_CA21_5868: No certificate, diploma or degree","v_CA21_5880: Apprenticeship or trades certificate or diploma","v_CA21_5889: College, CEGEP or other non-university certificate or diploma","v_CA21_5892: University certificate or diploma below bachelor level","v_CA21_6498: Employed","v_CA21_6501: Unemployed","v_CA21_6504: Not in the labour force","v_CA21_6570: 0 Legislative and senior management occupations","v_CA21_6576: 2 Natural and applied sciences and related occupations","v_CA21_6579: 3 Health occupations","v_CA21_6582: 4 Occupations in education, law and social, community and government services","v_CA21_6585: 5 Occupations in art, culture, recreation and sport","v_CA21_6588: 6 Sales and service occupations","v_CA21_6591: 7 Trades, transport and equipment operators and related occupations","v_CA21_6594: 8 Natural resources, agriculture and related production occupations","v_CA21_6597: 9 Occupations in manufacturing and utilities","v_CA21_7638: Car, truck or van - as a driver","v_CA21_7641: Car, truck or van - as a passenger","v_CA21_7644: Public transit","v_CA21_7647: Walked","v_CA21_7650: Bicycle","v_CA21_7653: Other method","v_CA21_7659: Less than 15 minutes","v_CA21_7662: 15 to 29 minutes","v_CA21_7665: 30 to 44 minutes","v_CA21_7668: 45 to 59 minutes","v_CA21_7671: 60 minutes and over"
"1","59152083","DA","59152083",0.2458,533,204,187,"5915011","5915","9330162.01","59933",190,40,0,0,0,235,225,160,10,30,25,60,40,30,10,3,35200,40000,31800,55,65,75,65,60,45,20,20,15,10,10,15,0,0,0,0,10,5,5,10,10,10,15,15,15,15,10,65,6.8,6,285,285,70,0,0,0,0,0,0,0,0,0,63.6,0,1030,1200,9e+05,860000,75,0,40,1470,1650,95,25,100,0,40,15,65,0,335,20,185,0,10,50,40,15,95,80,0,15,200,30,65,10,0,0,75,55,80,50,40
"2","59152084","DA","59152084",0.0634,275,85,84,"5915011","5915","9330162.01","59933",85,75,0,0,0,145,90,80,5,0,5,30,20,25,10,3.2,42400,45200,40000,35,25,30,15,20,20,20,20,15,15,10,10,0,0,0,0,0,0,0,0,5,0,0,0,10,5,10,45,6,5,140,95,0,0,0,0,0,0,0,0,0,0,58.8,NA,2220,1840,1350000,1380000,0,NA,NA,NA,NA,45,10,35,10,0,0,0,0,110,0,120,0,25,20,0,0,35,10,0,0,60,0,10,0,0,0,0,30,15,20,0
"3","59152086","DA","59152086",0.1364,692,221,201,"5915011","5915","9330162.01","59933",200,55,0,0,0,360,215,150,20,30,15,85,45,50,20,3,40400,47200,36400,45,75,70,100,70,75,40,40,25,20,10,10,0,0,0,0,0,0,5,0,5,5,10,10,10,15,10,115,3.4,3,350,270,55,25,0,10,0,0,0,0,0,0,57.1,14.3,1800,1800,1100000,1080000,55,0,30,1550,1650,65,35,155,0,20,25,105,0,345,40,180,0,40,15,35,20,110,60,0,20,170,25,60,0,0,0,45,115,85,15,20
"4","59152087","DA","59152087",0.0929,500,147,141,"5915011","5915","9330162.01","59933",140,45,0,0,0,225,195,155,10,15,10,55,25,40,10,3.1,32800,39600,28800,45,60,80,50,45,35,25,25,10,15,10,10,0,0,0,0,5,5,0,0,0,5,10,15,5,10,10,70,10,7.2,250,245,0,0,0,0,0,0,0,0,0,0,89.5,21.1,2060,2280,1100000,1180000,35,0,0,1000,1200,105,20,55,10,30,20,45,15,265,10,135,0,25,15,50,0,60,65,0,20,175,10,30,0,0,0,30,90,75,0,30
"5","59152088","DA","59152088",0.104,518,161,147,"5915011","5915","9330162.06","59933",145,45,0,0,0,245,215,170,10,15,20,60,25,35,15,3,36400,40400,32000,45,65,85,70,60,45,30,30,20,15,5,5,0,0,0,0,0,0,0,5,10,0,15,0,10,10,5,75,6.8,6,185,255,65,0,0,0,0,0,0,0,0,0,76.2,28.6,1880,2080,1300000,1420000,45,0,0,NA,1240,115,30,70,15,20,15,60,15,255,20,195,0,0,20,15,0,70,100,0,10,135,0,50,0,0,40,25,55,75,40,25
"6","59152089","DA","59152089",0.1466,606,162,149,"5915011","5915","9330162.06","59933",150,75,0,0,0,280,225,170,10,20,30,40,35,50,25,3.5,36000,44000,30000,55,65,100,75,50,45,30,30,15,20,10,15,0,0,0,0,0,0,0,5,5,0,10,10,10,5,10,80,3.8,2.4,240,230,75,0,0,0,0,0,0,0,0,0,78.9,31.6,2480,2280,980000,1100000,35,0,0,1300,1600,80,15,35,30,30,10,25,15,280,10,140,0,20,0,20,0,80,85,10,40,180,20,35,0,0,15,20,120,75,15,25
"7","59152090","DA","59152090",0.1152,623,177,165,"5915011","5915","9330162.06","59933",165,70,0,0,0,310,225,195,5,10,20,50,35,50,20,3.3,33200,35200,30200,50,75,120,115,65,40,10,10,15,10,10,10,0,0,0,0,5,0,0,0,5,5,15,10,15,10,10,80,6,8.4,260,275,125,0,0,0,0,0,0,0,0,0,58.8,23.5,1410,2080,1200000,1160000,90,0,22.2,1210,1400,115,20,75,25,65,10,30,15,395,10,170,0,0,10,55,10,115,145,10,0,225,55,65,0,0,15,85,80,100,55,45
"8","59152091","DA","59152091",0.336,1449,513,474,"5915011","5915","9330162.06","59933",475,105,0,0,0,670,570,420,25,50,75,160,85,95,30,3,35200,40000,31400,105,175,260,210,165,130,65,65,45,25,10,20,0,5,5,5,5,15,10,20,15,10,35,35,35,40,40,185,5.4,6.4,635,610,175,0,0,0,0,0,0,15,35,0,67.7,25.8,1980,1980,1150000,1090000,175,11.4,25.7,1200,1400,205,35,195,50,115,30,155,25,790,50,335,0,70,40,55,15,195,250,25,45,560,50,85,25,0,10,130,250,185,100,70
"9","59152108","DA","59152108",0.175,800,244,235,"5915011","5915","9330163.06","59933",235,85,0,0,0,390,310,250,15,15,30,90,50,45,25,3,35600,38400,34800,60,115,115,140,80,60,45,45,15,15,10,20,0,0,0,0,0,5,10,5,5,5,20,15,15,20,10,115,7.6,6,385,405,75,0,0,15,0,0,0,0,25,0,81.8,24.2,2060,2100,1200000,1160000,90,0,33.3,1400,1520,135,35,85,25,45,30,50,0,445,55,235,0,0,35,50,20,145,140,10,15,285,35,50,10,0,0,65,135,100,30,45
"10","59152109","DA","59152109",0.2415,1063,340,316,"5915011","5915","9330163.05","59933",315,110,0,0,0,460,435,310,25,45,50,100,75,75,30,3.2,35200,40000,32000,95,110,170,155,110,80,45,45,40,20,15,25,0,0,0,5,10,0,10,10,15,10,30,20,30,15,25,145,7,5,430,405,110,0,0,0,0,0,0,0,0,0,62.5,21.9,2060,1960,1e+06,1080000,130,0,26.9,1200,1300,125,65,145,40,45,45,85,20,485,20,275,0,25,25,50,10,145,170,0,15,305,25,55,20,0,0,95,110,100,55,40
"11","59152110","DA","59152110",0.0656,371,107,103,"5915011","5915","9330163.06","59933",105,40,0,0,0,170,140,100,15,5,20,35,25,25,15,3.2,30200,36400,27800,40,55,60,40,40,30,15,15,10,10,0,5,0,0,0,0,0,0,0,5,0,0,5,10,15,5,5,40,6.8,4.5,165,225,10,0,0,0,0,0,0,0,40,0,76.5,35.3,2460,2240,1200000,1360000,15,0,0,NA,900,70,20,15,25,30,10,15,20,200,15,110,0,0,20,0,0,95,55,0,10,160,25,10,0,0,0,35,70,60,0,25
"12","59152111","DA","59152111",0.0945,575,152,144,"5915011","5915","9330163.06","59933",145,80,0,0,0,250,235,190,10,15,20,35,45,40,20,3.4,34800,38400,30000,45,75,90,70,60,40,35,35,10,5,5,0,0,0,0,0,0,0,0,0,0,5,5,15,10,5,15,80,6.8,7.8,180,240,60,0,0,0,0,0,0,0,25,0,92.3,38.5,2660,2700,1200000,1200000,60,0,25,1210,1360,75,0,50,25,30,0,20,15,250,35,110,0,20,10,25,0,80,100,0,20,185,20,25,10,0,0,65,55,60,30,25
"13","59152112","DA","59152112",0.2635,1962,838,799,"5915011","5915","9330163.06","59933",800,95,0,0,0,900,795,535,50,125,85,265,155,100,30,2.8,37200,44000,32400,160,225,325,255,215,180,115,115,80,40,25,35,5,5,0,30,50,20,15,35,35,30,75,70,65,60,65,225,11.1,7.3,1030,775,175,10,25,30,0,0,50,0,45,0,75,27.9,1780,1800,7e+05,836000,465,21.5,31.2,1460,1390,260,120,290,80,125,75,220,50,1000,140,565,0,65,35,120,50,340,270,10,55,595,60,155,40,0,20,160,265,220,115,130
"14","59152113","DA","59152113",0.2624,1049,291,280,"5915011","5915","9330163.06","59933",280,90,0,0,0,465,405,310,15,35,35,85,65,70,40,3.3,35600,38400,33200,90,115,170,150,100,75,60,60,25,15,20,20,0,0,0,0,5,0,5,5,5,10,15,20,20,25,20,150,4.6,3.9,445,480,95,25,35,0,0,0,0,0,0,0,80.8,26.9,2420,2480,1200000,1260000,130,0,19.2,1380,1480,145,35,100,60,45,35,75,35,550,55,255,0,35,35,50,0,195,130,10,25,335,60,65,15,0,10,105,185,110,35,45
"15","59152114","DA","59152114",0.1517,838,259,238,"5915011","5915","9330162.05","59933",235,55,0,0,0,385,305,225,20,25,35,80,55,60,20,3.1,34000,37600,29800,85,90,135,115,70,65,40,40,20,15,5,20,5,0,0,0,5,5,5,5,10,5,20,20,15,15,15,110,5.6,6.6,400,315,90,20,0,10,0,0,0,0,0,0,69.2,30.8,2200,2120,1300000,1360000,95,0,36.8,1500,1640,155,30,100,20,65,25,60,15,415,15,225,0,25,25,35,0,145,115,15,15,265,25,60,15,0,0,60,120,120,30,55
"16","59152115","DA","59152115",0.1081,621,175,159,"5915011","5915","9330162.05","59933",155,45,0,5,0,315,220,175,10,15,25,60,25,60,20,3.2,36000,38400,33600,55,80,95,80,60,50,35,35,20,15,0,15,5,0,0,0,0,0,0,5,0,5,10,10,10,10,10,85,6.4,6,285,345,0,0,0,0,0,0,0,0,0,0,75,20.8,2520,2560,1300000,1400000,45,0,0,1500,1400,160,10,75,50,65,0,65,25,360,40,160,0,0,30,50,15,120,100,0,0,285,10,25,10,0,0,85,110,80,30,25
"17","59152116","DA","59152116",0.2094,995,298,275,"5915011","5915","9330162.05","59933",275,45,0,0,0,470,375,300,10,25,40,105,50,80,30,3.1,33200,36000,30600,100,130,155,120,110,70,40,40,25,10,10,25,0,0,0,0,5,5,10,5,0,10,25,20,20,30,20,120,5.4,8,420,445,130,0,0,0,0,0,0,0,0,0,67.6,29.4,1820,1900,1200000,1210000,110,0,13.6,1390,1280,220,55,85,110,110,35,65,35,500,70,310,0,25,25,25,15,125,180,25,45,315,35,75,15,0,0,60,185,145,25,45
"18","59152117","DA","59152117",0.192,863,296,274,"5915011","5915","9330162.05","59933",270,90,0,0,0,405,315,220,15,40,40,85,50,55,30,3.2,32000,38400,28400,75,130,140,105,100,45,30,30,25,10,10,20,0,0,0,20,25,5,5,15,10,5,10,10,20,20,15,100,12.8,7.8,380,515,65,0,0,0,0,0,0,0,0,0,69.2,23.1,2620,2320,1300000,1300000,145,34.5,25,1300,1180,145,40,75,30,55,15,45,15,430,60,285,0,25,30,30,10,135,135,10,25,285,25,60,15,0,0,80,115,125,25,55
"19","59152118","DA","59152118",0.152,820,363,334,"5915011","5915","9330162.05","59933",335,60,120,0,0,390,345,220,25,50,50,115,40,50,15,2.9,36400,41200,33200,65,100,140,110,100,70,45,45,25,25,10,15,0,5,0,15,25,20,15,15,15,10,20,20,20,20,15,100,11.4,7.4,345,475,0,0,0,0,0,0,0,15,0,0,69.1,23.6,1440,1580,6e+05,715000,55,45.5,36.4,830,1120,155,75,85,20,65,40,55,20,420,35,310,0,20,30,20,0,115,130,0,10,255,25,55,20,0,10,55,95,130,25,65
"20","59152122","DA","59152122",0.1426,780,212,198,"5915011","5915","9330162.05","59933",200,55,0,5,0,365,295,225,20,25,25,70,50,65,25,3.3,34800,39200,31200,70,95,120,110,90,50,35,35,30,5,10,15,0,0,0,0,5,0,10,0,10,5,10,15,15,15,10,105,6.4,5.2,355,360,40,0,0,0,0,0,0,0,0,0,79.2,25,2720,2520,1200000,1320000,80,0,25,1300,1520,145,25,65,35,55,30,50,30,375,20,230,0,15,15,40,0,130,130,0,10,270,35,30,10,0,0,60,125,110,35,20
"21","59152123","DA","59152123",0.1463,634,190,181,"5915011","5915","9330162.02","59933",180,110,0,0,0,320,185,140,10,15,20,65,40,50,20,3.2,38800,44000,35600,60,55,100,50,70,35,35,35,30,25,15,25,0,0,0,0,5,5,0,5,0,0,10,5,10,10,20,100,4.4,5.2,370,270,20,0,0,10,0,0,0,0,0,0,69.2,30.8,2400,2320,1200000,1360000,55,0,36.4,1960,1850,65,35,75,25,30,30,50,15,305,20,195,0,30,20,25,10,55,85,0,45,210,10,10,10,0,10,15,100,90,20,25
"22","59152124","DA","59152124",0.4797,1227,365,346,"5915011","5915","9330162.02","59933",350,210,0,0,0,620,400,295,20,35,50,120,80,105,30,3.2,40000,46400,35200,105,110,195,135,140,100,75,75,50,25,20,40,0,0,0,0,5,0,5,5,10,15,15,25,30,25,20,185,3.7,3.4,635,555,55,0,0,0,0,0,0,0,0,0,78.8,26.9,2700,2460,1200000,1320000,80,0,18.8,1250,1400,165,90,145,50,80,65,110,45,745,50,255,0,40,50,95,10,190,215,30,30,505,30,60,25,0,10,110,255,155,65,55
"23","59152125","DA","59152125",0.1877,914,264,255,"5915011","5915","9330162.02","59933",255,125,0,0,0,445,310,235,10,25,40,90,60,65,35,3.2,36800,39200,34000,80,80,145,110,100,80,40,40,25,15,15,25,0,0,0,0,0,5,0,15,5,5,15,20,20,20,25,110,7.8,5,530,365,40,0,0,0,0,0,0,0,45,0,65.7,25.7,1980,2020,1200000,1220000,85,0,0,1500,1800,180,60,105,30,70,45,75,25,475,45,235,0,15,20,75,0,140,130,10,0,325,35,35,0,0,15,90,155,95,50,25
"24","59152126","DA","59152126",0.1513,567,185,183,"5915011","5915","9330162.02","59933",180,160,0,0,0,325,160,115,10,15,25,90,35,45,15,2.9,47200,57200,40400,45,50,65,60,55,50,40,40,30,25,15,35,0,0,0,0,0,0,0,0,5,5,10,10,10,15,10,110,3.8,3.6,370,175,0,0,15,10,0,0,0,0,0,0,51.5,15.2,760,1800,1200000,1210000,20,0,0,NA,1900,70,15,95,20,25,10,80,15,290,20,155,10,30,10,45,0,60,60,0,10,175,0,20,0,0,0,35,65,105,15,0
"25","59152127","DA","59152127",0.121,428,149,148,"5915011","5915","9330162.02","59933",145,135,0,0,0,235,140,105,5,10,15,50,30,35,10,3,48400,55600,40000,45,25,60,40,60,35,30,30,25,20,5,30,0,0,0,0,0,0,0,5,5,0,5,15,5,10,10,85,3.6,2,300,120,10,0,0,0,0,0,0,0,0,0,53.6,15.4,1540,1720,1250000,1320000,0,NA,NA,NA,NA,45,30,100,0,25,10,50,0,225,0,135,0,25,20,35,0,50,40,0,0,140,15,20,0,0,0,45,50,55,25,15
"26","59152128","DA","59152128",0.2796,700,236,229,"5915011","5915","9330162.02","59933",230,160,0,0,0,385,220,155,15,20,30,105,55,40,15,2.9,40800,48000,36000,70,65,90,100,75,55,35,35,40,20,15,25,0,0,0,0,10,5,10,10,15,0,10,15,15,15,20,110,7.8,5.2,425,245,20,15,20,0,0,0,0,0,25,0,57.1,11.9,1300,1640,1100000,1150000,20,0,0,NA,1800,85,65,115,30,45,30,75,25,350,25,230,0,15,30,30,20,70,100,15,0,245,20,30,0,0,0,45,120,100,20,15
"27","59152129","DA","59152129",0.1835,578,212,203,"5915011","5915","9330162.02","59933",200,175,0,0,0,320,170,120,10,20,15,85,40,45,10,2.9,49200,58000,42000,50,45,65,55,65,40,40,40,40,20,10,45,0,0,0,0,0,0,10,0,5,5,5,15,10,15,15,115,4.8,4.4,450,150,0,0,0,0,0,0,0,0,0,0,60.6,18.2,1860,1860,1200000,1190000,30,0,0,NA,2600,75,25,90,20,0,20,65,0,290,30,215,0,30,35,15,10,95,30,0,20,175,20,10,0,0,0,40,90,60,15,15
"28","59152130","DA","59152130",0.202,436,155,147,"5915011","5915","9330162.02","59933",150,105,0,0,0,225,150,105,0,15,20,60,25,35,5,3,46400,63200,36400,30,35,75,45,45,25,35,35,35,15,10,30,0,0,0,0,0,0,0,0,0,5,10,5,10,5,10,90,3.2,2.8,290,175,20,0,0,0,0,0,0,0,0,0,44,12,695,1580,1200000,1200000,35,0,0,1380,1500,50,40,45,25,10,20,30,20,240,0,155,0,0,15,35,0,60,75,0,10,200,0,15,0,0,0,35,80,45,30,25
"29","59152131","DA","59152131",0.1222,469,145,137,"5915011","5915","9330162.02","59933",135,110,0,0,0,240,155,110,10,15,15,60,25,30,20,3.1,37200,43200,33200,50,50,60,65,35,35,30,30,15,10,5,15,0,0,0,0,0,0,0,0,0,5,15,10,5,5,10,75,6.4,2,285,135,0,0,0,0,0,0,0,0,0,0,42.1,0,775,1240,1e+06,1100000,40,0,0,1500,1500,80,10,45,10,20,10,40,0,215,25,115,0,10,15,25,0,50,60,20,0,110,25,25,0,0,0,35,45,50,10,20
"30","59152132","DA","59152132",0.3073,638,198,191,"5915011","5915","9330163.01","59933",190,110,0,0,0,330,205,160,10,15,25,65,35,50,25,3.3,40400,43600,38000,50,70,75,85,60,45,35,35,30,25,5,30,0,0,0,0,0,0,0,5,0,0,10,15,15,15,10,100,5.2,2.4,275,345,35,0,0,0,0,0,0,0,0,0,74.1,14.8,2120,2040,1100000,1160000,50,0,0,1570,1650,110,25,60,30,45,15,50,20,360,25,170,0,10,45,30,10,95,100,10,10,250,55,15,15,10,0,85,130,75,20,20
"31","59152133","DA","59152133",0.1232,537,157,152,"5915011","5915","9330163.01","59933",155,95,0,0,0,260,190,130,10,10,35,50,35,40,20,3.2,38000,44800,31800,45,60,70,70,50,45,30,30,20,15,10,15,0,0,0,0,0,0,5,0,0,0,10,10,15,10,10,85,3.6,1.8,285,205,15,0,30,0,0,0,0,0,0,0,77.8,0,2040,2160,1300000,1300000,60,0,0,1500,1560,90,50,70,25,35,40,55,25,235,20,185,0,10,10,25,20,45,65,0,10,160,15,30,10,0,0,50,60,80,15,20
"32","59152134","DA","59152134",0.123,551,165,146,"5915011","5915","9330163.01","59933",145,70,0,0,0,270,180,130,10,20,20,55,35,45,15,3.2,33200,38000,29200,65,60,85,70,60,45,25,25,20,5,5,5,0,0,0,0,0,5,0,0,0,5,10,10,5,10,15,75,6,5.2,285,175,20,15,0,0,0,0,0,0,0,0,84.2,31.6,2660,2440,1250000,1260000,30,0,66.7,1800,1600,60,20,85,30,30,25,80,20,240,25,100,0,15,25,25,0,65,60,0,10,145,20,30,0,0,0,0,70,60,25,30
"33","59152135","DA","59152135",0.1654,725,231,221,"5915011","5915","9330163.01","59933",220,125,0,0,0,355,270,190,15,25,40,80,45,55,20,3.1,37600,38000,36800,75,70,115,85,85,65,35,35,20,20,10,20,0,0,0,0,0,0,5,10,0,5,15,15,20,20,10,100,8.8,5.2,430,380,65,0,10,0,0,0,0,0,0,0,78.1,28.1,2300,2240,1200000,1200000,70,0,0,1600,1360,130,35,110,20,35,30,80,20,440,60,235,0,20,40,30,0,125,165,25,25,285,35,45,0,0,10,65,150,90,50,15
"34","59152138","DA","59152138",0.1915,517,173,164,"5915011","5915","9330163.04","59933",160,135,0,0,0,275,180,125,10,25,20,60,40,50,10,3.1,39200,45600,32800,50,50,80,55,35,35,30,30,25,20,15,30,5,0,0,0,0,5,0,0,0,5,0,10,5,15,5,100,5.2,3.6,385,160,0,0,0,0,0,0,0,0,0,0,50,15.6,620,1720,1200000,1200000,0,NA,NA,NA,NA,80,35,95,0,35,20,75,0,240,15,200,0,25,15,0,10,45,65,10,10,170,10,10,0,0,10,35,65,75,10,10
"35","59152139","DA","59152139",0.2126,605,209,194,"5915011","5915","9330163.04","59933",190,120,0,0,0,315,180,130,10,20,25,60,50,60,5,3.1,43200,52000,36000,40,60,90,60,60,30,40,40,25,25,10,40,0,0,0,5,0,0,0,0,5,10,10,20,15,10,10,100,6.6,5.2,400,180,0,0,25,0,0,0,0,0,0,0,66.7,13.3,1740,2040,1200000,1300000,45,0,0,1500,1850,45,35,120,10,0,25,85,10,340,45,125,10,20,30,25,20,90,100,0,15,205,20,50,0,0,0,25,140,60,30,25
"36","59152140","DA","59152140",0.307,502,173,168,"5915011","5915","9330163.04","59933",165,140,0,0,0,265,150,105,10,15,25,55,45,35,10,3,50800,67000,37600,35,45,55,55,40,45,45,45,25,20,20,30,0,0,0,0,0,5,0,0,5,0,10,15,10,10,5,100,4.8,2.4,280,170,0,15,0,10,0,0,0,0,0,0,79.2,12.5,2200,1960,1e+06,1040000,35,0,0,2460,1900,50,55,95,10,35,35,75,0,265,10,115,0,15,25,40,0,50,80,0,0,195,20,20,0,0,0,60,75,70,30,15
"37","59152143","DA","59152143",0.133,567,170,165,"5915011","5915","9330163.05","59933",165,85,0,0,0,295,190,140,15,15,25,60,50,35,15,3.1,33600,38800,30600,35,80,105,65,75,35,35,35,10,10,10,10,0,0,0,0,0,0,5,5,5,10,10,15,10,15,15,75,5.2,3.2,260,295,35,0,0,0,0,0,0,0,0,0,68.4,15.8,1700,1840,1e+06,1080000,75,0,26.7,1370,1400,95,15,85,40,35,10,70,20,335,10,145,0,30,25,15,0,115,85,0,0,205,25,55,0,0,0,30,100,90,35,30
"38","59152144","DA","59152144",0.1242,567,170,166,"5915011","5915","9330163.05","59933",165,85,0,0,0,265,220,175,10,20,20,60,30,45,20,3.2,35600,40000,31800,45,60,105,65,70,45,25,25,15,15,0,10,0,0,0,0,5,5,0,5,0,5,15,10,20,10,5,80,8,4.8,310,280,55,0,0,0,0,0,0,0,0,0,85.7,25,2460,2600,1100000,1240000,75,0,26.7,1350,1440,115,30,90,25,35,25,60,20,325,20,180,0,0,15,25,10,130,80,0,10,215,40,35,10,0,0,50,125,90,15,15
"39","59152145","DA","59152145",0.1699,795,241,228,"5915011","5915","9330163.07","59933",225,115,0,0,0,390,270,200,15,25,30,90,40,60,35,3.2,38000,41200,34400,55,95,105,110,75,60,45,45,20,25,15,25,0,0,0,0,0,0,0,5,0,5,15,20,15,20,20,110,3,0.6,470,365,40,0,0,0,0,0,0,0,0,0,66.7,0,1880,1960,1100000,1190000,70,0,0,1290,1320,115,30,95,15,40,15,70,10,415,40,235,0,35,25,45,15,85,145,10,25,305,20,15,0,0,0,55,115,110,35,35
"40","59152146","DA","59152146",0.1294,626,198,185,"5915011","5915","9330163.07","59933",185,65,0,0,0,335,200,150,15,15,20,70,35,50,20,3.1,34400,38800,30600,50,75,100,90,55,45,30,30,25,10,0,15,0,0,0,0,5,0,5,5,10,5,10,15,10,10,10,90,6.6,5.6,260,265,0,0,0,0,0,0,0,0,0,0,58.3,25,1200,1640,1300000,1320000,35,0,0,1400,1400,145,20,70,30,40,15,45,20,255,15,210,0,10,30,15,0,40,80,0,25,190,10,20,10,0,0,45,85,75,25,0
"41","59152147","DA","59152147",0.34,793,235,222,"5915011","5915","9330163.07","59933",225,135,0,0,0,380,265,195,15,30,30,80,55,50,30,3.2,39600,44400,34800,55,90,100,90,80,60,50,50,30,20,15,20,0,0,0,10,0,0,0,0,0,5,10,15,10,15,15,125,6.8,3.2,415,280,65,0,20,0,0,0,0,0,0,0,66.7,16.7,2080,1920,1100000,1140000,65,0,30.8,2140,1850,95,50,110,20,30,45,90,10,395,15,210,0,15,15,75,10,85,130,0,10,260,20,45,15,0,0,70,130,90,10,45
"42","59152148","DA","59152148",0.123,347,121,112,"5915011","5915","9330163.04","59933",110,85,0,0,0,160,145,95,10,15,20,45,20,20,10,3,38400,47200,33600,20,50,50,35,35,20,15,15,20,10,5,15,0,0,0,0,5,10,5,0,0,0,0,10,15,0,10,45,5,3.2,150,100,10,0,0,0,0,0,0,0,0,0,50,0,725,1850,1200000,1240000,40,0,0,1300,1200,30,20,30,0,15,10,15,0,125,0,90,0,0,15,20,0,30,35,0,0,90,10,10,0,0,0,15,15,50,10,15
"43","59152149","DA","59152149",0.2942,658,221,210,"5915011","5915","9330163.08","59933",210,160,0,0,0,340,225,150,15,30,30,90,45,45,15,2.9,44800,49200,38400,55,60,85,60,70,60,40,40,30,30,20,20,0,0,0,0,0,5,5,5,5,5,10,20,20,15,15,105,6,4.4,455,155,10,0,0,0,0,0,0,0,0,0,61.8,23.5,1980,1960,1100000,1190000,15,0,0,NA,1400,50,55,95,20,0,40,80,15,335,15,165,0,30,20,55,25,105,65,0,0,240,0,30,0,0,0,30,105,65,40,35
"44","59152150","DA","59152150",0.1256,417,144,141,"5915011","5915","9330163.08","59933",140,125,0,0,0,210,135,90,5,15,20,50,30,30,5,3,44000,52000,41200,30,35,50,55,45,35,25,25,25,10,10,20,0,0,0,0,0,0,0,0,0,10,10,10,20,10,10,75,3.2,2,325,140,0,0,0,0,0,0,0,0,0,0,63,0,2060,1840,1e+06,1100000,0,NA,NA,NA,NA,60,25,70,0,10,20,50,0,270,15,110,0,25,20,45,0,45,80,0,15,190,10,10,0,0,10,40,80,80,10,20
"45","59152151","DA","59152151",0.1269,477,146,142,"5915011","5915","9330163.08","59933",140,110,0,0,0,220,160,130,5,10,20,40,35,35,15,3.2,42400,50400,35200,40,50,45,50,35,30,35,35,15,20,10,20,0,0,0,0,5,0,0,0,5,0,10,15,10,5,5,80,6.4,3.6,290,205,0,10,0,0,0,0,0,0,0,0,81.8,18.2,2180,2320,1200000,1300000,45,0,0,1800,1750,65,30,70,10,25,25,45,15,275,15,130,10,25,20,30,15,105,35,10,0,175,20,20,0,0,0,50,80,45,25,15
"46","59152152","DA","59152152",0.1691,655,210,196,"5915011","5915","9330163.08","59933",195,130,0,0,0,340,215,155,5,35,20,80,45,50,15,3,38400,45200,33600,60,75,95,75,65,55,40,40,35,15,5,20,0,0,0,0,0,5,5,5,5,5,5,15,20,20,10,100,4.4,4.4,350,325,15,0,0,0,0,0,0,0,30,0,69,20.7,2100,2160,1e+06,1240000,50,0,60,1090,1600,105,45,60,30,55,30,35,20,335,35,200,0,25,30,25,0,110,115,0,20,240,30,35,0,0,0,55,90,90,35,35
"47","59152153","DA","59152153",0.1363,664,207,197,"5915011","5915","9330163.08","59933",195,70,0,0,0,305,280,225,0,25,30,75,40,50,10,3,33200,39200,29200,55,95,110,95,70,30,35,35,20,10,10,15,0,0,0,0,5,5,5,5,5,5,5,10,15,10,15,90,8.8,9.2,285,290,75,0,0,0,0,0,0,0,0,0,65.5,0,1920,1920,1e+06,1e+06,55,0,27.3,1300,1440,110,15,60,35,50,0,15,20,385,30,170,0,10,0,55,15,120,110,10,30,225,25,60,10,0,0,55,70,95,50,60
"48","59152154","DA","59152154",0.1294,637,197,183,"5915011","5915","9330163.08","59933",185,85,0,0,0,310,230,190,5,15,30,70,30,35,35,3.2,32400,39600,29800,60,85,110,65,80,40,30,30,20,15,5,15,0,0,0,0,0,0,0,10,10,0,5,10,15,20,10,90,7,5.6,330,320,30,10,0,0,0,0,0,0,0,0,68,20,2160,2160,1e+06,1080000,65,0,30.8,1900,1750,115,50,50,20,45,25,35,20,310,30,205,0,20,15,35,0,130,100,0,10,220,30,35,0,0,0,25,100,110,35,15
"49","59152155","DA","59152155",0.277,818,278,251,"5915011","5915","9330163.08","59933",250,105,5,0,0,370,335,265,15,30,30,80,40,45,25,3.2,32400,35200,29800,65,115,155,105,80,50,60,60,25,5,10,15,5,0,0,5,5,10,10,10,10,5,20,25,15,10,15,110,4.8,6.8,375,365,80,0,0,0,0,0,0,0,0,0,62.5,25,2320,2040,1100000,1240000,110,0,27.3,1210,1320,110,50,125,20,75,40,55,15,410,30,275,0,10,45,25,0,130,160,0,20,255,10,100,0,0,0,85,100,85,50,55
"50","59152156","DA","59152156",0.1201,573,172,162,"5915011","5915","9330163.07","59933",160,105,0,0,0,265,230,175,10,25,15,55,40,35,20,3.2,37600,42000,34000,35,75,85,65,75,45,35,35,20,15,10,5,0,0,0,0,0,0,5,0,0,5,10,10,10,5,10,90,6,4.8,275,275,60,0,0,0,0,0,0,0,40,0,74.1,29.6,2300,2200,1110000,1060000,25,0,0,NA,1800,80,30,85,40,20,25,60,15,290,40,220,0,15,40,20,0,105,80,0,10,175,40,25,15,0,10,40,115,65,20,20
"51","59152157","DA","59152157",0.0924,561,204,197,"5915011","5915","9330163.07","59933",200,25,95,0,0,270,210,165,10,20,10,55,35,40,10,3.1,38800,40800,35600,50,65,70,80,60,50,30,30,15,15,10,5,0,0,0,5,0,0,0,5,10,10,15,20,20,25,15,70,6.4,4.8,200,205,75,0,0,0,0,0,0,0,0,0,74.1,53.8,2040,2000,650000,770000,55,0,0,1430,1440,60,15,60,10,15,10,25,10,275,20,125,0,15,15,45,0,75,80,0,20,160,10,40,10,0,0,50,70,65,25,15
"52","59152158","DA","59152158",0.2246,1138,430,408,"5915011","5915","9330163.07","59933",410,70,105,0,0,520,465,305,30,70,65,120,75,80,20,3,38000,44000,33600,95,100,170,175,135,85,55,55,45,30,10,20,0,0,0,5,10,15,20,20,25,25,30,30,40,30,35,125,7,4.4,585,520,30,0,0,35,0,0,0,0,35,0,63.4,25.4,1400,1525,5e+05,636000,80,0,43.8,1200,1440,170,45,200,40,65,30,150,25,565,40,370,15,30,40,40,10,115,190,0,35,345,40,85,0,0,10,75,165,130,75,45
"53","59152159","DA","59152159",0.124,628,174,162,"5915011","5915","9330163.07","59933",160,70,0,0,0,305,220,185,5,10,20,55,30,60,20,3.3,34400,41200,29600,55,80,105,75,45,55,30,30,20,15,10,10,0,0,0,0,0,5,5,0,0,0,10,15,15,10,15,75,10,8.8,300,235,110,25,0,0,0,0,0,0,0,0,68.2,18.2,2540,2240,1250000,1300000,60,0,33.3,1580,1800,120,20,95,30,60,15,35,20,395,15,150,0,10,20,45,10,135,105,0,25,245,25,95,0,0,0,25,130,100,55,60
"54","59152160","DA","59152160",0.1184,359,104,103,"5915011","5915","9330163.07","59933",100,55,0,0,0,185,120,90,10,5,10,45,20,30,15,3.2,31400,40800,26200,55,50,45,35,35,30,15,15,10,10,10,10,0,0,5,0,0,0,0,5,5,0,5,10,0,10,5,50,9,7.6,140,140,25,0,0,0,0,0,0,0,0,0,69.2,0,1940,1750,1e+06,960000,25,0,60,NA,1500,50,20,40,0,25,10,20,0,160,10,70,0,10,15,20,0,60,30,0,15,85,10,35,0,0,10,45,30,25,0,35
"55","59152163","DA","59152163",0.1014,609,177,165,"5915011","5915","9330163.05","59933",165,70,0,0,0,295,225,185,10,15,20,60,35,60,15,3.2,34800,39200,30800,50,75,85,75,70,40,25,25,10,5,5,15,0,0,0,0,5,5,0,5,5,5,15,10,10,10,10,75,6,7.2,225,240,70,0,30,0,0,0,0,0,0,0,76.2,42.9,2420,2080,1100000,1040000,55,0,0,1060,1200,95,30,65,20,35,20,45,15,315,15,155,0,10,20,15,0,115,95,0,25,195,20,60,10,0,0,50,65,100,40,30
"56","59152164","DA","59152164",0.1184,541,175,171,"5915011","5915","9330163.05","59933",170,100,0,0,0,275,190,145,5,10,20,65,40,35,15,3,34800,44400,32000,50,60,100,50,60,45,35,35,20,15,10,15,0,0,0,0,0,0,0,5,10,5,15,5,15,15,10,85,6.8,4.4,330,255,35,0,0,0,0,0,0,0,0,0,59.4,15.6,1300,1620,1200000,1240000,30,0,0,2000,1700,120,40,70,10,40,35,45,10,305,45,200,0,25,0,50,10,90,80,0,25,195,15,40,10,0,0,35,100,75,40,10
"57","59152165","DA","59152165",0.3053,1023,352,327,"5915011","5915","9330163.05","59933",330,95,0,0,0,505,340,240,30,40,30,130,55,80,25,3,38000,40800,36400,80,110,145,125,100,80,60,60,35,25,10,35,0,0,0,0,10,5,10,10,15,10,25,20,30,20,25,140,7.8,4.8,440,505,40,15,20,0,0,0,0,0,0,0,61.9,28.6,1980,1920,1e+06,1040000,105,0,28.6,1660,1760,150,50,105,55,45,40,75,15,530,30,240,0,30,55,55,0,120,125,10,35,295,65,35,30,0,10,70,165,105,55,40
"58","59152166","DA","59152166",0.2683,934,294,281,"5915011","5915","9330163.04","59933",285,200,0,0,0,460,315,240,15,35,30,105,50,65,35,3.2,38400,44000,32400,75,95,140,105,100,70,55,55,35,25,20,25,0,0,0,0,10,5,0,0,5,10,25,15,20,15,20,150,5.6,3.4,605,345,25,20,0,0,0,0,0,0,15,0,62.7,24,1740,1760,1e+06,1150000,35,0,0,1480,1600,105,85,150,35,35,60,95,15,520,70,230,0,30,35,65,30,120,170,10,40,335,20,75,0,0,10,70,150,155,20,55
"59","59152167","DA","59152167",0.2656,504,155,144,"5915011","5915","9330163.05","59933",140,60,0,0,0,260,185,140,15,15,15,65,30,35,10,3,36800,46400,31400,45,40,90,65,45,50,25,25,20,15,10,10,5,0,0,0,0,0,0,0,0,0,10,5,10,10,5,85,5.2,4,215,270,30,0,0,0,0,0,0,0,0,0,57.1,14.3,1260,1800,1300000,1440000,40,0,0,1500,1600,95,35,70,35,30,25,50,30,240,30,185,0,0,15,35,0,65,80,0,10,180,0,35,10,0,0,55,85,55,15,20
"60","59152169","DA","59152169",0.1241,578,166,156,"5915011","5915","9330162.02","59933",155,85,0,0,0,285,200,155,10,20,20,70,35,40,20,3.1,33200,43200,27000,70,80,85,70,45,40,30,30,25,10,10,15,0,0,0,0,0,0,0,0,5,0,20,10,15,10,10,85,4.4,4,235,290,55,0,0,0,0,0,0,0,0,0,75,25,2280,2080,1300000,1360000,45,0,33.3,2000,1900,105,25,65,50,40,25,50,30,290,25,155,0,15,30,35,0,95,40,20,15,175,15,55,0,0,0,45,70,70,30,35
"61","59152170","DA","59152170",0.0799,346,99,97,"5915011","5915","9330162.02","59933",100,65,0,0,0,175,110,80,5,15,15,50,15,30,10,3,38000,43200,32400,45,35,40,40,35,30,20,20,15,10,10,10,0,0,0,0,0,0,5,0,5,5,5,10,0,10,10,50,8.5,6.4,140,135,10,0,0,0,0,0,0,0,0,0,76.9,23.1,1760,2100,1060000,1120000,25,0,0,NA,1500,60,15,20,20,15,10,10,10,140,20,100,0,10,10,10,10,50,20,0,0,95,10,10,0,0,0,20,55,30,0,0
"62","59152256","DA","59152256",0.6959,499,191,182,"5915011","5915","9330163.04","59933",185,135,0,5,0,260,190,120,15,20,30,70,35,35,10,2.8,44400,50800,40000,20,55,75,70,50,55,30,30,20,15,20,40,0,0,0,0,0,0,5,10,5,0,20,15,10,5,10,95,9.6,5.2,380,135,0,70,20,0,0,0,0,0,0,0,62.5,18.8,2040,2120,1200000,1250000,20,0,0,NA,1600,50,45,115,0,15,30,100,0,290,10,160,10,15,25,0,10,65,110,0,15,210,10,10,0,0,0,30,95,75,25,10
"63","59152257","DA","59152257",0.2259,554,206,196,"5915011","5915","9330163.04","59933",195,140,0,0,0,260,180,130,5,25,20,75,30,40,15,3.1,46400,50800,42800,40,40,60,65,55,50,35,35,35,10,15,30,0,0,0,0,0,5,0,0,5,0,15,15,25,10,15,95,7.6,4,395,140,0,0,0,0,0,0,0,0,0,0,64.5,12.9,1940,2000,1e+06,1100000,35,0,57.1,1300,1700,50,30,110,10,20,20,65,0,295,20,115,10,25,25,55,0,45,90,0,10,185,25,20,0,0,0,65,95,60,15,0
"64","59152258","DA","59152258",0.1731,563,180,176,"5915011","5915","9330163.01","59933",180,110,0,0,0,280,180,135,10,15,25,65,40,35,15,3,45200,55600,36800,45,40,70,65,60,45,40,40,30,25,15,20,0,0,0,0,0,0,0,0,0,0,15,10,15,15,10,95,3.2,3.6,320,240,20,0,0,0,0,0,0,0,0,0,81.5,33.3,1820,2040,950000,980000,50,0,30,1300,1160,55,40,70,15,10,30,50,0,320,25,140,0,25,10,30,10,85,95,0,15,180,15,55,0,0,0,25,90,80,35,25
"65","59152260","DA","59152260",0.1511,461,157,155,"5915011","5915","9330163.01","59933",155,125,0,0,0,235,140,95,15,15,20,60,25,35,20,3.1,45200,54400,40400,35,40,55,45,50,25,25,25,20,25,15,30,0,0,0,0,5,0,5,0,0,5,10,5,15,10,10,85,4.4,2.4,350,135,0,0,0,0,0,0,0,0,0,0,40.7,18.5,700,1440,1200000,1140000,25,0,0,NA,2400,30,65,95,0,10,45,60,0,180,25,180,0,0,0,15,0,30,80,0,25,130,20,0,0,0,0,30,60,50,15,10
"66","59152264","DA","59152264",0.1873,570,194,191,"5915011","5915","9330162.04","59933",190,180,0,0,0,325,170,130,10,15,20,75,40,45,15,3,50000,63600,39600,65,40,50,50,60,50,25,25,45,25,20,50,0,0,0,0,0,0,0,5,0,0,10,10,10,15,15,110,5.6,3.2,360,185,0,0,0,20,0,0,0,0,0,0,51.5,0,1320,1820,1390000,1420000,20,0,0,NA,2800,50,20,40,0,10,15,30,0,285,15,160,0,40,15,60,10,80,30,0,10,165,0,0,0,10,0,25,70,70,15,0
"67","59152265","DA","59152265",0.4708,718,238,229,"5915011","5915","9330162.04","59933",225,220,0,0,0,405,200,155,10,10,25,85,50,65,15,3.1,46800,58400,37600,85,70,75,55,55,40,45,45,40,20,30,75,5,0,0,0,0,0,5,5,5,0,10,10,10,10,15,145,7.6,6.6,335,285,0,0,0,0,0,0,0,0,0,0,52.6,21.1,1050,2060,1460000,1550000,15,0,100,NA,2400,30,25,50,20,0,20,35,10,300,30,180,20,25,50,15,15,85,20,10,10,175,10,10,0,0,0,30,65,75,20,10
"68","59152266","DA","59152266",0.2128,437,142,140,"5915011","5915","9330162.04","59933",140,130,0,0,0,260,125,95,5,15,10,70,25,30,10,2.9,44000,60400,33600,45,50,45,50,25,40,20,20,15,20,10,45,5,0,0,0,0,0,0,0,0,0,0,5,10,5,10,80,7.2,9,305,120,0,0,0,0,0,0,0,0,0,0,44.4,0,980,2040,1600000,1600000,0,NA,NA,NA,NA,40,15,100,0,0,15,65,0,220,15,145,10,20,15,30,25,45,30,20,0,125,15,10,0,0,0,15,60,70,10,0
"69","59152267","DA","59152267",0.1662,468,148,146,"5915011","5915","9330162.04","59933",150,140,0,0,0,265,125,90,5,15,10,60,30,40,10,3,47600,50800,42000,50,45,50,40,50,20,25,25,20,20,25,30,0,0,0,0,0,0,0,5,0,0,10,10,10,5,5,90,5.2,5.2,255,175,10,0,0,0,0,0,0,0,0,0,38.5,0,740,1720,1400000,1440000,20,0,0,NA,2000,50,45,40,20,15,20,25,20,200,20,145,0,40,10,50,0,15,40,10,0,120,10,15,0,0,0,15,50,50,20,10
"70","59152268","DA","59152268",0.2258,654,211,202,"5915011","5915","9330162.04","59933",200,185,0,0,0,345,195,145,10,15,25,70,45,55,25,3.2,47200,63200,37600,55,65,80,50,50,50,30,30,25,30,20,65,0,0,0,0,0,0,0,5,0,5,10,10,5,10,10,140,3.8,3.8,480,190,0,0,0,0,0,0,0,0,0,0,47.2,0,775,1660,1300000,1380000,20,0,0,NA,2000,65,25,105,35,0,20,70,25,330,35,215,10,45,50,65,15,45,40,0,15,220,0,0,10,0,0,25,100,85,20,0
"71","59152269","DA","59152269",0.5438,521,174,168,"5915011","5915","9330162.04","59933",170,160,0,0,0,270,180,135,10,10,15,60,30,35,25,3.1,46000,47200,44800,50,50,45,65,55,50,30,30,20,20,15,40,0,0,0,0,0,0,0,0,0,10,5,10,20,15,15,90,5.6,4.8,325,160,20,0,0,45,0,0,0,0,0,0,53.6,17.9,1700,1880,1200000,1320000,35,0,42.9,NA,2200,80,15,90,0,15,10,85,0,265,20,185,0,20,10,40,0,75,75,0,0,195,0,10,0,0,0,55,75,75,0,10
"72","59152270","DA","59152270",1.89,707,237,236,"5915011","5915","9330162.04","59933",235,230,0,0,0,410,170,125,5,15,25,95,45,55,20,3,47600,64500,36800,60,60,75,60,70,50,40,40,35,35,25,55,0,0,0,0,5,0,0,0,0,0,15,5,20,20,10,140,5.8,4,505,225,0,0,0,0,0,0,0,0,0,0,51.1,15.6,920,1620,1200000,1240000,25,0,0,NA,1500,30,60,115,0,0,45,90,0,300,30,280,0,30,25,30,30,95,30,0,20,165,10,0,20,0,0,55,65,65,15,10
"73","59152271","DA","59152271",0.1192,451,141,136,"5915011","5915","9330162.04","59933",135,125,0,0,0,235,140,110,5,20,10,45,35,40,15,3.1,41600,54400,32800,50,55,45,45,40,30,30,30,20,15,15,30,0,0,0,0,0,0,5,0,0,0,5,5,10,10,5,80,4.8,3.6,240,190,0,0,0,0,0,0,0,0,0,0,52,20,1420,1760,1300000,1320000,15,0,0,NA,1600,45,15,75,25,20,15,50,20,250,0,125,0,25,20,25,10,50,55,0,0,145,15,15,0,0,0,30,30,95,15,0
"74","59152272","DA","59152272",0.0867,235,83,79,"5915011","5915","9330162.04","59933",80,75,0,0,0,130,75,60,5,5,5,35,10,20,5,3.1,NA,NA,NA,NA,NA,NA,NA,NA,NA,NA,NA,NA,NA,NA,NA,NA,NA,NA,NA,NA,NA,NA,NA,NA,NA,NA,NA,NA,NA,NA,NA,NA,NA,185,115,0,0,10,0,0,0,0,0,0,0,50,NA,920,1900,1500000,1400000,0,NA,NA,NA,NA,40,10,20,0,10,10,0,0,130,15,95,0,25,10,20,0,20,10,0,0,70,0,0,0,0,0,15,30,15,0,10
"75","59152273","DA","59152273",0.2176,820,282,277,"5915011","5915","9330162.01","59933",275,220,0,0,0,440,235,180,10,25,20,95,65,75,15,3.1,46000,57600,38800,105,70,75,75,70,70,55,55,40,35,20,45,0,0,0,0,5,5,5,5,5,5,20,15,10,15,20,150,8.8,5,445,395,0,0,0,0,0,0,0,0,0,0,61.8,21.8,1800,1620,1e+06,1020000,0,NA,NA,NA,NA,50,40,135,25,0,30,120,20,420,50,245,0,45,50,30,15,140,70,15,10,285,15,20,0,0,0,50,120,125,25,10
"76","59152274","DA","59152274",0.0906,614,164,164,"5915011","5915","9330162.01","59933",165,70,0,0,0,280,230,115,20,35,60,40,45,50,10,3.2,40000,40400,40000,55,40,65,55,40,40,30,30,15,15,15,20,0,0,0,0,0,0,0,5,0,0,10,10,20,15,5,75,7.2,5.6,315,225,10,0,0,0,0,0,0,0,0,0,65.5,17.2,1410,1540,850000,9e+05,20,0,0,NA,1500,60,10,85,35,15,10,75,25,260,20,145,0,15,20,35,15,40,45,0,10,150,0,25,0,0,10,30,75,60,30,10
"77","59152285","DA","59152285",0.1967,685,241,234,"5915011","5915","9330162.04","59933",235,205,0,0,0,385,195,130,15,25,30,95,40,60,15,3,41600,54800,34800,70,70,80,70,45,40,45,45,45,25,25,45,0,0,0,0,0,5,5,5,5,10,10,15,30,5,15,115,6.8,3.6,400,270,0,0,0,0,0,0,0,0,0,0,45.5,11.4,770,1510,1200000,1150000,30,0,66.7,NA,2800,40,50,135,25,0,40,75,10,340,30,220,0,15,20,40,20,100,65,0,10,220,10,15,0,0,0,30,90,80,25,30
"78","59152290","DA","59152290",0.8195,411,144,136,"5915011","5915","9330162.04","59933",135,105,0,0,0,220,135,105,10,10,15,55,25,30,10,3,43600,50000,38800,30,40,45,50,45,35,25,25,20,20,5,30,0,0,0,0,0,0,0,10,0,0,10,10,5,15,10,65,5.2,4.5,305,135,25,0,0,0,0,0,0,0,0,0,47.6,0,990,1880,1400000,1480000,30,0,0,NA,1700,50,25,75,10,15,20,55,10,240,30,135,0,0,20,65,10,60,45,0,20,175,10,10,10,0,0,40,75,50,20,30
"79","59152695","DA","59152695",0.1496,458,164,161,"5915011","5915","9330161.03","59933",160,150,0,0,0,265,135,95,0,15,25,75,25,30,15,2.9,44000,57200,36800,35,45,70,50,45,35,25,25,15,20,20,35,0,0,0,0,0,0,0,0,5,5,10,10,10,10,10,85,2,NA,340,85,0,0,0,15,0,0,0,0,0,0,50,13.3,1030,1540,1200000,1240000,0,NA,NA,NA,NA,45,30,80,25,10,15,55,25,240,0,125,0,0,25,30,0,60,35,0,20,175,30,0,0,0,0,40,75,60,10,25
"80","59152696","DA","59152696",0.2977,682,226,222,"5915011","5915","9330161.03","59933",220,180,0,0,0,370,215,160,5,20,25,90,40,55,20,3,43200,50400,39200,65,65,80,70,70,40,45,45,25,20,20,50,0,0,0,0,0,0,5,5,0,5,10,15,20,20,15,115,5.2,2,425,235,0,10,10,20,0,0,0,0,0,0,48.8,9.8,840,1660,1200000,1300000,40,0,50,1340,1700,90,30,135,15,35,15,100,15,365,35,220,0,10,25,40,0,100,105,0,35,255,35,0,0,0,0,65,145,75,10,0
"81","59152697","DA","59152697",0.1066,486,214,210,"5915011","5915","9330161.03","59933",210,80,0,0,0,285,145,75,5,25,45,100,20,35,5,2.7,42000,45600,38400,30,55,70,65,55,45,20,20,20,20,20,15,0,0,0,0,5,10,5,15,10,10,25,15,15,15,10,70,5.2,NA,355,110,0,0,15,0,0,0,0,0,0,0,40.5,10.8,700,1190,880000,850000,30,0,0,NA,1100,50,40,45,15,15,10,20,0,215,15,205,0,15,15,20,0,65,40,10,10,140,10,0,0,0,0,55,70,30,0,0
"82","59152698","DA","59152698",0.1164,460,160,158,"5915011","5915","9330161.03","59933",155,150,0,0,0,270,125,100,0,10,15,65,30,35,15,3,50800,60000,44000,25,40,55,55,35,40,25,25,30,20,15,50,0,0,0,0,5,5,0,0,0,0,5,10,10,10,10,100,2.8,NA,375,115,0,0,0,0,0,0,0,0,0,0,41.4,0,930,1560,1200000,1240000,15,0,0,NA,2400,35,40,60,25,0,35,45,20,220,35,160,0,10,10,45,0,70,55,0,0,155,15,0,0,0,0,55,70,40,0,0
"83","59152699","DA","59152699",0.2376,482,177,177,"5915011","5915","9330161.03","59933",175,170,0,0,0,275,125,85,5,25,15,70,30,40,5,2.9,49600,58400,45200,35,35,60,35,50,35,35,35,30,25,10,35,0,0,0,0,0,5,5,0,0,5,10,10,10,10,5,105,2.4,1,325,135,0,0,0,0,0,0,0,0,0,0,59.3,11.1,1340,1600,1200000,1220000,25,0,0,NA,1200,50,25,80,10,10,20,60,10,195,10,180,0,0,0,20,20,40,55,0,15,125,0,0,0,0,0,30,40,55,0,0
"84","59152700","DA","59152700",0.6614,588,208,197,"5915011","5915","9330161.03","59933",195,110,0,0,0,250,260,190,15,25,30,60,40,30,15,3,48800,57200,41600,30,45,60,60,60,45,35,35,30,20,10,30,0,0,5,0,5,0,5,5,10,5,10,15,5,10,10,95,8.4,2,380,105,0,0,0,0,0,0,0,0,0,0,64.5,19.4,1860,1800,1100000,1040000,50,0,40,950,1080,60,35,80,25,25,20,70,15,225,25,150,0,30,25,40,20,40,45,0,10,140,0,10,10,0,0,55,30,60,20,0
"85","59152701","DA","59152701",0.1523,470,175,170,"5915011","5915","9330161.05","59933",170,80,0,0,0,235,145,90,15,20,20,65,35,30,10,2.9,45200,51600,41200,25,30,60,70,40,45,30,30,30,25,10,15,0,0,0,0,10,0,0,10,5,5,5,10,10,20,10,80,4.4,NA,370,115,0,0,0,0,0,0,0,0,0,0,62.5,12.5,2040,1880,1060000,1140000,45,0,0,1920,1900,30,25,50,25,10,30,40,15,265,0,110,0,25,20,55,10,20,45,0,10,145,0,15,10,0,0,25,65,50,15,25
"86","59152702","DA","59152702",0.1072,411,146,143,"5915011","5915","9330161.05","59933",140,75,0,0,0,195,145,115,10,10,15,50,30,25,15,3,41200,48000,38800,30,40,45,60,45,35,25,25,15,10,10,10,10,0,0,0,0,0,5,5,0,10,5,5,15,10,10,60,6.4,3.6,280,75,30,0,15,0,0,0,0,0,0,0,58.8,17.6,1330,1560,1e+06,960000,50,0,63.6,2220,1950,45,25,70,20,20,0,60,15,210,10,80,10,0,0,20,15,85,35,0,0,100,20,20,25,0,0,80,25,35,25,0
"87","59152703","DA","59152703",0.0918,450,195,185,"5915011","5915","9330161.05","59933",185,40,0,0,0,210,170,115,15,40,10,60,35,30,10,2.9,46000,50400,44000,25,35,50,65,45,45,30,30,25,10,15,20,0,0,0,0,10,0,5,5,10,5,20,20,5,15,15,75,9.2,2.8,335,150,0,0,15,15,0,0,0,0,0,0,71.9,18.8,1660,1520,6e+05,710000,20,75,0,NA,1100,55,30,100,15,15,20,75,15,295,20,125,0,15,30,50,25,80,60,10,10,175,25,30,0,0,0,65,90,45,20,15
"88","59152704","DA","59152704",0.2177,845,332,330,"5915011","5915","9330161.05","59933",330,210,0,0,0,425,285,195,10,45,30,100,55,65,15,3,50000,57600,41600,45,80,105,85,85,75,55,55,45,30,25,70,0,0,0,0,15,10,10,15,10,15,20,25,15,20,25,155,4.4,1.4,695,180,0,0,0,25,0,0,0,0,0,0,55.6,13.3,1860,1880,1200000,1150000,110,0,25,1030,1400,45,75,140,40,10,55,90,30,475,30,225,0,20,15,90,30,170,100,10,15,290,10,30,20,15,0,150,120,65,20,10
"89","59152705","DA","59152705",0.2099,477,162,160,"5915011","5915","9330161.05","59933",160,120,0,0,0,255,145,95,10,25,10,75,30,35,10,2.9,43200,52400,36800,50,45,55,50,45,35,30,30,20,20,15,35,0,0,0,0,0,0,0,10,0,10,5,10,5,20,5,75,10,NA,390,95,30,0,15,0,0,0,0,0,0,0,60,20,1310,1760,1200000,1240000,35,0,0,1720,1700,100,40,55,0,15,20,55,0,245,20,160,10,25,20,30,10,50,55,10,15,155,25,0,10,0,0,70,45,60,15,0
"90","59152706","DA","59152706",0.1154,365,132,131,"5915011","5915","9330161.05","59933",130,110,0,0,0,205,105,75,5,10,15,50,30,25,10,3,46400,54800,39600,20,25,50,45,40,20,20,20,25,10,10,30,0,0,0,0,0,0,0,0,0,0,10,5,10,10,10,70,6.4,1.6,275,100,0,0,0,0,0,0,0,0,0,0,59.1,0,2000,1920,1250000,1340000,20,0,0,NA,900,40,25,55,10,15,25,35,0,205,10,120,0,15,35,35,0,60,35,0,0,120,15,0,0,0,0,20,50,40,35,10
"91","59152710","DA","59152710",0.1216,513,214,211,"5915011","5915","9330161.05","59933",215,110,0,0,0,250,180,125,15,35,5,85,40,30,10,2.8,47600,62800,40000,40,35,55,55,55,60,40,40,25,15,15,20,0,0,0,5,0,5,10,5,0,10,20,20,20,10,25,75,5.6,NA,390,135,0,25,35,0,0,0,0,0,0,0,60.7,0,1080,1360,950000,920000,65,0,0,1400,1360,45,25,85,15,20,25,60,20,315,20,100,0,20,15,60,15,90,60,15,0,180,10,30,35,0,10,70,90,30,40,30
"92","59152711","DA","59152711",0.1366,781,368,358,"5915011","5915","9330161.03","59933",355,120,0,0,0,385,295,160,20,60,50,115,50,40,15,2.8,44800,54800,40800,50,65,95,110,105,75,45,45,40,25,15,30,5,0,0,5,15,15,15,20,20,20,25,25,25,30,25,110,6.2,3,590,230,20,0,0,20,0,0,0,10,0,0,60.7,23,1430,1620,580000,785000,55,0,36.4,1500,1480,85,85,140,15,15,55,85,10,385,30,285,0,45,15,60,40,65,70,0,15,220,15,50,25,0,0,85,125,55,25,20
"93","59152712","DA","59152712",0.1126,465,172,169,"5915011","5915","9330161.03","59933",170,95,0,0,0,250,140,95,10,20,20,60,40,35,5,2.9,46400,56000,39200,25,30,70,65,55,30,25,25,35,20,10,25,0,0,0,0,0,5,0,5,5,10,10,5,15,10,10,90,2.8,1.2,330,170,25,0,20,15,0,0,0,0,0,0,74.1,18.5,2620,2400,1100000,1120000,30,0,0,1370,1600,45,35,65,10,30,35,50,10,270,45,95,0,40,20,25,0,65,60,10,0,145,25,10,10,0,0,65,55,45,15,0
"94","59152713","DA","59152713",0.112,531,212,209,"5915011","5915","9330161.03","59933",210,90,0,0,0,270,165,110,15,25,25,65,35,45,10,3,50800,61200,42800,30,35,60,50,60,40,40,40,25,20,15,35,0,0,0,0,5,5,0,10,5,5,15,20,5,10,25,100,4.4,1.6,355,115,0,15,0,0,0,0,0,0,0,0,67.7,12.9,1530,1760,850000,940000,45,0,33.3,1110,1100,20,30,45,20,0,15,25,15,225,15,135,0,15,10,35,20,40,65,15,0,160,0,15,0,0,0,65,90,30,10,0
"95","59152714","DA","59152714",0.0937,371,137,137,"5915011","5915","9330161.03","59933",140,85,0,0,0,195,115,70,5,20,25,60,20,25,5,2.8,50400,62000,41600,15,30,45,30,50,35,25,25,30,15,10,20,0,0,0,0,5,0,0,0,10,0,5,5,5,15,15,75,3.2,NA,345,85,0,0,0,0,0,0,0,0,0,0,43.5,0,604,1440,1150000,1120000,20,0,0,NA,2400,30,50,75,15,10,35,65,0,205,15,145,0,20,15,25,10,30,60,0,10,140,10,10,10,0,0,45,70,40,15,0
"96","59152715","DA","59152715",0.1135,400,145,134,"5915011","5915","9330161.03","59933",130,90,0,0,0,195,130,90,10,20,10,45,30,30,15,3.2,45600,53600,43200,30,35,45,35,40,40,25,25,20,15,5,15,0,0,0,0,0,5,0,0,5,5,10,10,15,5,10,60,4.5,2.4,255,90,0,0,0,0,0,0,0,0,0,0,65,25,2160,1920,1e+06,1040000,30,0,0,NA,1600,50,30,55,10,0,20,35,15,145,20,125,0,0,0,15,10,35,40,0,15,80,0,10,15,0,0,35,30,30,0,0
"97","59152716","DA","59152716",0.1948,721,337,329,"5915011","5915","9330161.03","59933",330,95,0,0,0,340,280,150,20,70,40,115,40,35,15,2.8,44000,48000,42400,45,60,110,90,85,75,55,55,30,20,15,35,0,0,0,5,15,20,10,15,15,20,30,25,25,25,25,100,7,1.4,615,120,0,25,15,30,0,0,0,0,0,0,53.8,0,1050,1460,8e+05,880000,135,22.2,25.9,1340,1480,80,60,120,30,25,25,90,20,395,35,205,0,30,35,60,25,90,85,0,10,205,0,15,30,0,20,120,65,55,30,10
"98","59152717","DA","59152717",0.0389,276,153,143,"5915011","5915","9330161.02","59933",145,25,0,0,0,100,135,70,15,30,20,40,5,15,5,2.8,41200,49200,36800,10,30,45,35,45,20,15,15,10,5,5,10,0,0,0,5,15,10,10,10,5,10,15,15,10,10,10,25,13,3.6,195,60,0,0,0,0,0,0,0,0,0,0,0,0,NA,2400,NA,1600000,125,28,40,1000,1140,45,15,35,20,25,0,35,10,110,0,100,0,15,0,0,0,30,15,0,0,65,0,20,0,0,0,25,30,25,20,0
"99","59152718","DA","59152718",0.178,781,426,409,"5915011","5915","9330161.02","59933",410,55,0,0,0,345,325,170,20,95,35,105,55,35,10,2.8,41200,44400,38400,45,60,140,105,90,70,45,45,35,30,15,25,5,0,5,15,45,30,25,25,20,20,35,25,30,25,20,85,14.6,2,605,195,0,0,0,10,0,0,0,0,0,0,76.9,23.1,1700,1780,730000,710000,220,18.2,43.2,1170,1150,100,55,130,15,45,45,90,0,365,30,275,0,25,20,50,20,110,65,0,20,210,0,25,45,0,15,130,70,55,25,15
"100","59152719","DA","59152719",0.3498,815,288,287,"5915011","5915","9330161.02","59933",290,185,0,0,0,415,250,175,10,25,30,105,60,60,20,3,48000,61600,39200,80,70,75,70,80,60,45,45,45,35,25,60,5,0,0,0,5,10,10,0,5,0,15,15,20,20,15,150,8,4.4,630,225,0,15,0,70,0,0,0,0,0,0,61.9,14.6,1800,2180,1300000,1320000,70,0,35.7,1700,1900,95,35,105,15,25,20,100,15,430,35,210,20,30,30,60,20,100,75,0,35,250,15,35,30,30,0,140,110,85,10,15
"101","59152720","DA","59152720",0.1045,438,184,177,"5915011","5915","9330161.02","59933",175,85,0,0,0,215,150,100,5,30,20,65,25,35,5,2.9,46400,52000,42000,40,40,50,45,45,35,35,35,25,15,10,20,5,0,0,0,5,5,10,10,5,5,10,10,10,10,15,75,8,4,325,75,0,10,0,0,0,0,0,0,0,0,60.7,25,1470,1480,950000,880000,30,0,100,930,1600,45,30,45,10,25,30,40,0,190,20,110,0,0,10,20,10,55,70,0,0,95,0,20,15,0,0,45,30,30,10,15
"102","59152721","DA","59152721",0.1185,474,163,160,"5915011","5915","9330161.02","59933",160,115,0,0,0,220,150,105,10,20,15,50,30,40,15,3.2,48800,53600,45600,20,35,45,70,45,30,35,35,20,25,20,20,0,0,0,0,0,0,5,0,0,5,10,15,10,10,10,90,1.6,1,450,55,0,30,15,15,0,0,0,0,0,0,64,0,1740,1880,1150000,1100000,50,0,0,1800,1800,75,45,75,25,30,35,55,25,260,0,140,0,10,15,60,15,60,50,0,0,175,15,10,10,0,0,75,60,40,30,10
"103","59152722","DA","59152722",0.1545,808,450,434,"5915011","5915","9330161.02","59933",435,50,0,0,0,395,345,190,25,75,50,150,45,25,5,2.5,44000,47600,40000,50,70,130,105,110,75,65,65,30,25,15,35,5,0,0,10,40,20,15,15,25,30,45,40,35,25,30,100,12,3,700,140,0,0,20,0,0,0,0,0,0,0,50.9,17.5,1280,1500,608000,735000,175,31.4,22.9,910,1050,85,100,150,40,25,70,90,10,375,25,365,0,40,15,75,15,75,120,0,0,210,40,20,20,0,15,95,100,85,10,20
"104","59152723","DA","59152723",0.1915,471,197,188,"5915011","5915","9330161.02","59933",190,135,0,0,35,230,160,95,10,30,25,65,40,25,10,2.9,49200,59200,43600,25,45,45,55,55,50,30,30,20,20,10,35,0,0,0,0,5,5,10,0,10,10,15,15,10,10,15,90,8.4,2.8,385,80,0,0,0,0,0,0,0,0,0,0,40.6,18.8,725,1280,1100000,1220000,45,0,0,920,1200,45,35,95,0,20,10,55,0,245,0,165,0,15,20,35,10,65,40,10,0,135,15,20,10,0,0,70,55,25,10,20
"105","59152724","DA","59152724",0.1179,372,137,133,"5915011","5915","9330161.02","59933",135,120,0,0,0,200,115,80,10,10,15,45,25,35,5,3,50400,56000,43600,30,30,45,30,40,30,25,25,20,25,15,15,5,0,0,0,5,5,0,5,0,0,10,5,5,10,5,75,5,2.8,385,75,0,0,0,85,0,0,0,0,0,0,69.6,13,2320,2160,1300000,1340000,20,0,0,NA,1700,40,25,45,10,0,25,35,10,270,35,85,0,25,0,30,10,90,85,15,0,195,0,10,0,0,0,60,75,65,10,10
"106","59152725","DA","59152725",0.2054,686,246,239,"5915011","5915","9330161.02","59933",240,150,0,5,0,335,210,140,15,35,15,85,45,50,15,3.1,49200,58400,39600,60,50,65,65,55,65,45,45,35,20,20,40,5,0,0,5,5,0,5,0,5,10,15,20,5,15,15,125,8,4.8,510,80,0,0,0,0,0,0,0,0,0,0,64.7,17.6,1780,1860,1e+06,1060000,60,0,33.3,1300,1480,65,25,115,25,25,25,95,15,305,30,170,0,25,15,50,10,65,95,0,0,210,10,15,0,0,0,65,65,70,25,15
"107","59152726","DA","59152726",0.2691,566,203,198,"5915011","5915","9330161.02","59933",195,135,0,0,0,285,180,125,5,20,25,75,30,45,10,3,47600,57600,43200,35,40,65,70,55,50,35,35,30,25,10,35,0,0,0,0,10,0,0,5,5,10,5,10,15,15,15,110,5.2,NA,410,55,0,0,0,0,0,0,0,10,0,0,39.3,0,710,1220,1200000,1260000,35,0,57.1,1450,1800,25,55,50,0,10,40,35,0,245,0,135,0,10,0,25,10,65,55,0,0,155,0,10,10,10,0,40,95,25,15,0
"108","59152730","DA","59152730",0.902,1335,628,607,"5915011","5915","9330160.04","59933",605,305,105,0,0,795,370,215,35,60,60,275,80,60,20,2.6,54800,67000,46000,105,110,135,115,120,95,75,75,85,70,40,190,15,5,5,5,5,10,15,20,20,20,35,35,45,40,35,295,10.2,5.4,1020,365,30,0,10,20,0,0,0,0,0,0,45.3,18.9,1180,1890,1200000,1360000,150,0,56.7,2760,2760,95,50,285,40,35,35,150,25,610,45,575,40,40,10,60,45,160,100,15,0,320,45,25,15,0,10,105,95,115,65,30
"109","59152731","DA","59152731",0.2019,448,161,158,"5915011","5915","9330160.03","59933",155,150,0,0,0,255,135,90,10,15,25,65,30,30,10,2.9,46000,61200,34000,55,40,60,30,35,25,15,15,25,10,20,60,5,0,0,0,0,5,5,0,0,5,15,10,5,10,10,90,8,5.6,350,125,0,0,0,0,0,0,0,0,0,0,48.4,16.1,1010,2080,1400000,1460000,0,NA,NA,NA,NA,15,25,65,20,0,15,40,15,245,35,125,10,20,0,65,15,45,45,10,0,145,10,0,0,0,0,25,45,70,10,10
"110","59152732","DA","59152732",0.16,424,156,149,"5915011","5915","9330160.03","59933",150,130,0,0,0,215,125,80,5,20,15,50,25,35,10,3,52400,63600,46000,30,25,45,30,45,30,20,20,30,20,10,40,0,0,0,0,0,0,0,5,10,0,5,15,0,10,10,85,4,NA,315,125,0,0,0,15,0,0,0,0,0,0,56,16,1380,1720,1250000,1200000,20,0,0,NA,2200,35,35,50,10,15,20,30,0,185,20,145,0,35,10,30,0,25,45,10,10,105,0,0,15,0,0,40,40,35,10,10
"111","59152733","DA","59152733",0.1816,470,168,166,"5915011","5915","9330160.03","59933",165,150,0,0,0,275,125,95,0,15,10,65,35,40,10,3,44400,62800,38000,40,45,60,45,35,25,35,35,20,15,5,55,0,0,0,0,5,0,0,0,5,0,10,10,5,10,15,90,6.8,2.8,375,110,15,0,0,15,0,0,0,0,0,0,48.3,13.8,920,1880,1390000,1360000,40,0,37.5,3680,3200,65,30,85,0,20,10,60,0,240,20,165,0,30,0,40,0,85,30,15,0,140,15,0,10,0,15,80,25,25,35,10
"112","59152734","DA","59152734",0.2641,595,216,207,"5915011","5915","9330160.03","59933",210,185,0,0,0,320,165,115,5,20,20,70,35,50,15,3.1,48800,54400,42800,50,45,65,55,45,35,40,40,25,25,15,60,0,0,0,0,0,10,0,5,5,5,10,10,15,15,15,115,6.8,2.4,465,145,0,15,15,15,0,0,0,0,0,0,46.9,15.6,840,1720,1390000,1360000,40,0,0,1680,1950,45,30,125,10,20,25,105,0,345,15,125,10,35,10,55,20,75,55,10,0,215,25,10,0,0,0,55,65,100,30,10
"113","59152735","DA","59152735",0.2098,511,178,167,"5915011","5915","9330160.03","59933",170,150,0,0,0,255,145,105,5,20,20,45,25,45,20,3.3,50000,72000,38800,45,40,50,50,20,35,30,30,25,25,15,55,0,0,0,0,0,0,0,5,0,0,5,15,20,10,10,90,4.8,1,385,105,10,15,0,45,0,0,0,0,0,0,56,24,1800,2080,1390000,1440000,45,0,44.4,2800,2700,70,15,70,0,15,10,55,10,230,10,150,0,20,10,40,20,45,40,0,10,95,0,0,0,10,0,50,40,20,10,0
"114","59152736","DA","59152736",0.2232,488,179,176,"5915011","5915","9330160.03","59933",175,160,0,0,0,255,175,115,0,20,30,80,35,30,10,2.8,48000,55600,43600,40,60,55,35,50,30,30,30,35,15,15,50,0,0,0,0,0,0,0,5,0,5,10,10,15,10,10,100,6.4,3.2,420,110,0,0,0,30,0,0,0,0,0,0,44.4,18.5,1220,1840,1400000,1640000,40,0,0,2840,2800,45,15,75,25,0,10,60,15,300,20,135,25,30,10,35,20,90,35,0,0,195,10,15,0,15,0,80,55,50,25,20
"115","59152737","DA","59152737",0.1916,490,184,178,"5915011","5915","9330160.01","59933",180,165,0,0,0,265,150,105,5,20,15,75,30,35,10,3,47200,60800,40800,40,55,45,45,35,35,30,30,20,25,25,50,0,0,0,0,0,0,0,0,0,5,5,5,10,15,15,100,4.4,3.6,390,125,0,0,0,50,0,0,0,0,0,0,45.2,0,1010,1600,1300000,1300000,20,0,0,NA,3000,50,20,120,40,0,15,75,30,265,15,165,0,30,10,30,0,95,25,15,10,165,0,25,0,0,10,55,45,40,55,10
"116","59152738","DA","59152738",0.26,438,159,154,"5915011","5915","9330160.01","59933",155,140,0,0,0,235,135,100,5,10,20,50,30,40,5,3,44800,68500,31400,50,40,45,30,20,25,20,20,20,15,10,60,0,0,0,0,0,0,0,5,0,0,5,10,10,15,5,90,8.5,4.8,360,85,0,0,0,0,0,0,0,0,0,0,40.7,18.5,910,1960,1450000,1540000,20,0,0,NA,2400,40,10,45,0,0,10,20,0,205,15,155,0,20,15,60,10,45,30,0,0,110,0,0,10,0,0,25,35,45,10,10
"117","59152739","DA","59152739",0.1306,354,126,122,"5915011","5915","9330160.01","59933",125,115,0,0,0,190,105,65,5,5,20,45,20,30,10,3.1,46400,69000,39200,30,30,40,35,35,20,15,15,10,10,10,35,0,0,0,0,0,0,0,5,0,10,5,10,0,10,10,65,6.4,3.2,245,85,0,0,0,0,0,0,0,0,0,0,47.4,15.8,870,1640,1400000,1500000,20,0,75,NA,2800,40,40,45,10,0,25,35,0,150,15,120,10,0,10,15,15,45,20,0,0,90,15,0,15,0,0,35,40,20,20,0
"118","59152740","DA","59152740",0.4027,553,218,212,"5915011","5915","9330160.01","59933",210,210,0,0,0,335,155,100,10,25,25,95,35,25,20,2.8,62400,75500,52800,55,40,50,35,40,45,25,25,35,25,10,100,5,0,0,0,0,0,0,0,0,5,5,10,10,5,10,145,4,2.8,400,140,0,0,0,15,0,0,0,0,0,0,41.7,11.1,1380,2300,2e+06,2240000,30,0,0,2780,3400,35,30,90,25,15,15,45,10,250,20,220,20,30,20,30,0,80,25,10,0,170,0,0,0,0,0,40,35,85,30,0
"119","59152741","DA","59152741",0.1841,436,167,162,"5915011","5915","9330160.01","59933",165,155,0,0,0,255,115,75,5,15,20,65,30,30,10,2.9,52400,68000,39600,35,45,45,30,45,30,25,25,15,20,10,65,0,0,0,0,5,0,0,0,0,5,5,10,5,15,5,90,6,2.8,320,115,0,0,0,15,0,0,0,0,0,0,43.3,10,1050,1760,1390000,1540000,15,0,NA,NA,3200,30,0,80,20,0,0,55,0,210,15,155,0,15,0,55,10,35,40,0,0,100,10,10,0,0,0,35,50,25,20,0
"120","59152742","DA","59152742",0.2058,442,171,165,"5915011","5915","9330160.01","59933",165,155,0,0,0,255,130,95,5,10,20,75,20,30,5,2.8,48000,59600,44000,40,45,50,35,40,25,20,20,25,15,10,60,5,0,0,0,0,0,0,0,5,0,10,5,10,5,10,95,6,4.5,350,110,0,0,0,15,0,0,0,0,0,0,41.9,13.3,920,1880,1500000,1720000,0,NA,NA,NA,NA,25,40,85,15,0,10,45,10,205,0,175,0,20,10,40,0,30,40,0,0,115,15,0,0,0,10,45,15,60,15,10
"121","59152743","DA","59152743",0.1315,386,152,150,"5915011","5915","9330160.01","59933",150,140,0,0,0,220,100,65,10,10,20,60,20,35,5,2.9,50400,59200,42400,35,25,45,35,35,15,35,35,15,10,20,35,0,0,0,0,0,5,0,5,5,5,10,15,0,10,5,75,7.6,3.6,300,80,0,0,0,0,0,0,0,0,0,0,52,20,1520,2000,1250000,1260000,25,0,0,NA,2200,25,25,45,15,0,20,20,0,185,10,95,0,0,10,60,10,40,40,0,0,105,0,0,0,0,0,25,40,30,15,0
"122","59152744","DA","59152744",0.3803,636,237,230,"5915011","5915","9330160.01","59933",230,165,0,0,0,360,170,110,15,15,25,100,30,45,20,2.9,46400,59600,35600,70,60,70,50,45,50,40,40,25,20,20,65,5,0,0,0,5,5,10,10,5,5,10,20,10,15,10,120,8.8,4.4,380,200,0,0,15,0,0,0,0,0,0,0,40,20.6,870,1900,1300000,1420000,45,0,33.3,2160,2300,50,30,85,35,15,10,40,30,280,0,220,15,20,15,30,35,60,50,0,0,190,10,0,0,10,0,65,70,55,15,0
"123","59152745","DA","59152745",0.1442,333,130,123,"5915011","5915","9330160.02","59933",125,110,0,0,0,180,105,75,10,10,10,50,30,25,0,2.8,52000,61200,41600,35,35,30,30,10,35,15,15,10,10,10,45,0,0,0,0,0,0,5,0,0,0,5,5,10,10,0,70,11,4,310,60,0,0,0,0,0,0,0,0,0,0,52.4,14.3,1390,1960,1500000,1520000,20,0,0,NA,2400,25,15,45,10,0,10,40,10,185,15,110,10,0,10,40,0,60,20,0,0,90,10,0,0,10,0,35,35,30,10,0
"124","59152746","DA","59152746",2.9816,956,404,390,"5915011","5915","9330160.02","59933",390,300,0,0,0,590,245,155,15,35,40,190,60,55,10,2.7,56400,73500,46000,70,70,105,90,70,70,75,75,70,45,30,120,5,0,0,0,10,10,10,10,10,5,20,15,25,25,25,220,5.2,2.8,770,200,0,15,0,50,0,0,0,0,0,0,47.3,16.2,1170,1780,1300000,1400000,40,0,50,2540,2400,55,50,180,25,15,30,100,15,490,20,340,20,50,35,100,30,70,90,10,0,280,20,0,0,10,15,105,100,85,25,15
"125","59152747","DA","59152747",0.1174,373,137,131,"5915011","5915","9330160.01","59933",135,95,0,0,0,195,120,85,5,15,15,40,25,35,5,3,44800,51200,43200,20,40,55,45,30,30,30,30,20,10,5,30,0,0,0,0,0,5,0,5,0,0,0,15,10,5,15,70,3.2,1.2,275,85,0,15,0,0,0,0,0,0,0,0,55,15,950,1500,1200000,1240000,25,0,0,NA,2200,25,20,65,0,15,10,40,0,205,20,90,0,15,0,15,10,70,65,0,0,115,30,10,0,0,0,65,40,50,10,10
"126","59152748","DA","59152748",0.1575,466,157,154,"5915011","5915","9330160.01","59933",155,140,0,0,0,245,125,95,5,15,15,50,30,30,20,3.2,49600,63200,40800,40,40,45,40,30,30,25,25,20,20,20,50,0,0,0,0,0,0,0,0,0,5,5,10,5,10,5,95,4.4,2.4,380,90,25,0,30,55,0,0,0,0,0,0,42.3,0,850,1800,1300000,1360000,30,0,50,2860,2800,55,40,80,15,0,25,55,0,240,10,135,10,15,20,35,10,75,45,0,0,135,20,0,0,0,0,85,35,30,10,10
"127","59152749","DA","59152749",0.3843,611,222,212,"5915011","5915","9330160.03","59933",210,175,0,0,0,330,185,120,10,30,25,85,40,55,10,3,46400,57600,36400,40,60,75,60,55,40,35,35,25,25,20,50,0,0,0,0,5,5,0,5,10,10,20,10,5,15,20,115,6,2.4,415,140,0,0,0,35,0,0,0,0,0,0,51.3,20.5,830,1840,1200000,1270000,25,0,0,NA,2400,25,35,100,30,0,25,65,20,275,10,180,10,45,20,30,10,60,55,10,0,115,10,20,15,0,10,65,35,50,25,0
"128","59152750","DA","59152750",0.3049,629,282,266,"5915011","5915","9330160.03","59933",270,55,0,0,0,235,335,75,20,65,175,60,20,25,5,2.8,29800,35600,25800,20,50,140,50,40,20,20,20,15,15,5,20,0,0,0,15,75,25,10,15,10,5,20,10,5,10,10,55,25.2,1.6,350,100,0,0,10,0,0,0,0,0,0,0,55.6,22.2,1160,1720,755000,920000,130,88.5,23.1,544,680,60,20,90,10,0,10,40,0,135,25,245,0,0,10,20,10,55,30,0,0,55,0,0,20,0,10,35,30,20,10,0
"129","59152751","DA","59152751",0.3797,996,489,474,"5915011","5915","9330160.02","59933",475,235,0,0,0,570,310,165,15,45,80,195,35,50,20,2.7,48800,63200,40400,60,85,110,130,110,90,70,70,45,50,20,90,5,0,5,0,15,15,20,25,15,20,40,35,35,35,30,175,6,2.2,775,190,0,0,0,15,0,0,0,0,0,0,41.4,15.7,880,1375,1200000,1164000,105,0,33.3,1280,1520,50,50,150,20,0,25,90,0,375,50,435,15,35,35,50,15,80,70,10,10,190,0,10,40,0,0,90,65,80,15,10
"130","59152752","DA","59152752",0.3998,849,463,450,"5915011","5915","9330160.02","59933",450,85,95,0,0,470,295,115,15,75,90,185,40,30,5,2.5,48000,58400,43200,40,85,110,110,105,85,45,45,35,25,30,85,0,0,5,10,10,15,10,40,30,20,50,35,40,25,30,145,7,1.8,645,170,0,25,0,0,0,0,0,0,0,0,33.8,13.7,840,1184,750000,868000,80,0,56.3,1840,1720,75,55,105,30,10,30,60,15,345,20,385,10,25,25,15,15,105,70,0,10,170,15,15,40,0,10,90,65,65,35,10
"131","59152756","DA","59152756",0.7368,1170,585,554,"5915011","5915","9330160.04","59933",555,235,0,0,0,585,425,215,35,80,85,200,75,50,20,2.7,48400,57600,40800,80,90,145,135,125,120,80,80,65,35,25,90,15,0,0,10,20,15,25,25,25,15,65,45,40,35,30,195,8.4,3.8,850,305,25,20,15,25,0,0,0,0,0,0,65.2,21.7,1660,1840,1200000,1076000,195,7.7,53.8,1410,2220,75,105,215,35,10,85,110,25,590,20,405,15,50,60,55,20,155,95,15,10,370,25,15,35,0,0,145,165,80,40,15
"132","59152757","DA","59152757",0.0822,260,116,111,"5915011","5915","9330160.04","59933",110,110,0,0,0,175,55,35,0,10,10,60,20,15,5,2.6,49200,60000,36000,20,30,30,25,30,20,20,20,10,5,5,35,0,0,0,0,0,0,0,5,0,0,10,10,10,10,5,50,6,4.5,160,100,0,0,0,15,0,0,0,0,0,0,31.8,0,650,1300,1200000,1200000,0,NA,NA,NA,NA,25,10,45,0,10,0,0,0,80,0,140,0,0,10,10,10,10,15,10,0,45,0,0,0,0,0,30,10,10,0,0
"133","59152758","DA","59152758",0.1526,620,380,362,"5915011","5915","9330160.02","59933",360,25,0,0,0,225,320,160,35,85,35,90,35,25,0,2.6,40400,46800,37200,30,55,110,80,90,65,35,35,15,15,5,15,5,5,5,10,30,30,30,20,30,20,30,25,30,30,15,45,17.2,5.2,440,150,0,20,20,30,0,0,0,0,0,0,60,0,1740,1600,1e+06,960000,310,6.5,37.1,1260,1230,60,30,105,10,40,20,75,0,255,60,195,0,25,20,15,15,95,65,0,0,145,15,40,25,0,0,70,60,60,20,10
"134","59152759","DA","59152759",0.1118,325,133,127,"5915011","5915","9330160.02","59933",125,105,0,0,0,165,100,65,5,20,10,45,20,30,0,2.9,56800,73500,50800,15,25,30,25,30,25,20,20,15,10,15,40,0,0,0,0,0,0,5,0,0,0,10,10,5,0,10,75,6,NA,350,40,0,0,0,0,0,0,0,0,0,0,52.2,0,1140,2240,1390000,1420000,30,0,0,NA,1700,15,25,55,10,0,15,45,10,205,30,65,0,30,15,35,10,50,50,10,0,100,0,15,0,10,0,45,15,30,10,30
"135","59152760","DA","59152760",0.1281,383,161,154,"5915011","5915","9330160.02","59933",155,140,0,0,0,230,85,55,5,15,10,75,25,20,10,2.8,54400,69000,46400,25,30,30,30,45,30,35,35,10,15,10,45,0,0,0,0,0,0,10,0,0,5,10,10,15,15,10,75,4.5,2,295,90,0,0,0,0,0,0,0,0,0,0,44,0,960,1560,1400000,1460000,20,0,0,NA,2000,40,25,90,10,0,15,55,10,200,0,120,0,25,30,40,0,25,30,0,10,125,0,0,15,0,0,50,40,55,0,0
"136","59152761","DA","59152761",0.1129,473,174,169,"5915011","5915","9330160.02","59933",170,160,0,0,0,245,120,75,10,20,15,55,30,45,10,3.1,59200,77000,51600,30,35,30,35,45,45,20,20,20,20,10,70,0,0,0,0,0,0,0,10,0,0,10,10,15,5,10,100,5.6,3.2,435,40,0,0,0,40,0,0,0,0,0,0,57.1,17.9,2080,2240,1300000,1360000,25,0,0,NA,2200,40,15,95,0,0,15,75,0,250,15,105,10,10,10,60,20,50,55,10,0,135,10,0,10,0,20,95,40,25,20,15
"137","59152762","DA","59152762",0.1538,506,196,187,"5915011","5915","9330160.02","59933",185,175,0,0,0,285,125,85,5,25,10,65,35,40,10,3,60400,79000,52800,45,30,35,40,40,35,20,20,25,20,20,75,0,0,0,0,0,0,0,5,5,5,10,5,10,10,15,115,4,NA,415,75,0,0,0,0,0,0,0,0,0,0,58.1,19.4,1660,2040,1390000,1420000,25,0,0,NA,1900,40,30,60,0,0,0,50,0,230,20,160,0,20,20,60,0,60,15,0,0,120,10,0,0,10,0,45,35,40,25,0
"138","59152763","DA","59152763",1.7811,614,300,288,"5915011","5915","9330160.02","59933",290,195,0,0,0,440,125,65,5,20,35,170,30,25,10,2.4,60400,74500,49200,55,55,45,60,50,55,45,45,30,25,15,125,5,0,0,5,0,5,10,5,5,5,10,20,15,25,5,165,7.8,3.4,495,135,0,15,20,0,0,0,0,0,0,0,23.6,12.7,1170,1390,1600000,1840000,0,NA,NA,NA,NA,35,30,115,25,0,0,45,0,215,0,375,10,25,10,40,10,55,20,0,0,110,20,0,0,0,20,60,15,55,15,10
"139","59152764","DA","59152764",0.2367,652,277,264,"5915011","5915","9330160.02","59933",265,230,0,0,0,405,160,105,0,25,25,110,45,40,15,2.8,59600,75500,50800,60,40,60,50,55,40,40,40,40,35,20,110,5,0,0,0,0,5,5,5,5,5,15,15,10,20,15,155,3.6,2,530,65,0,0,0,10,0,0,0,0,0,0,36.6,12.5,880,1800,1400000,1780000,60,0,0,1420,1600,30,40,65,45,10,20,40,30,300,40,200,10,30,20,40,15,80,55,10,0,170,15,0,0,0,10,50,35,50,35,30
"140","59152765","DA","59152765",0.2141,813,406,396,"5915011","5915","9330160.03","59933",395,100,0,0,0,385,315,140,25,80,80,135,45,35,10,2.6,43200,56800,36800,45,90,90,110,75,70,65,65,25,30,25,50,5,0,5,5,10,15,20,20,15,20,50,40,30,25,25,110,7.2,3.6,505,255,0,0,10,30,0,0,0,0,0,0,47.5,16.9,990,1490,650000,785000,100,0,60,1820,1680,70,25,125,30,10,15,70,10,295,50,330,10,0,20,55,20,85,60,0,10,190,0,15,30,10,0,100,40,80,10,20
"141","59152766","DA","59152766",0.115,363,125,122,"5915011","5915","9330160.04","59933",120,100,0,0,0,195,90,70,5,5,10,55,15,25,10,3,50000,61200,41200,30,40,30,30,35,25,25,25,20,20,10,20,0,0,0,0,0,0,5,0,5,0,5,10,5,5,5,70,5.6,2.8,305,70,10,0,0,0,0,0,0,0,0,0,56.3,18.8,1620,1850,1250000,1320000,35,0,0,2180,2400,45,20,65,0,10,10,55,0,165,0,130,0,15,15,25,15,35,45,0,0,135,0,0,0,0,0,45,40,35,20,0
"142","59152767","DA","59152767",0.1678,425,158,147,"5915011","5915","9330160.03","59933",150,105,0,0,0,220,120,90,15,15,10,60,20,30,15,3,48400,59200,40400,35,40,50,30,40,35,30,30,15,15,10,25,0,0,0,0,0,5,5,5,0,10,5,10,15,5,15,75,6.4,2.4,275,95,10,0,0,0,0,0,0,0,0,0,52.9,0,990,2160,1200000,1280000,45,0,44.4,2040,1950,45,20,75,10,10,10,65,10,190,15,100,0,15,0,30,0,55,45,0,15,95,25,0,10,0,10,80,35,30,0,0
"143","59152768","DA","59152768",0.3423,441,188,174,"5915011","5915","9330160.03","59933",175,165,0,0,0,290,100,80,5,10,15,95,25,25,5,2.7,55600,80000,41600,50,50,40,35,25,20,30,30,20,10,10,95,0,0,5,0,5,0,0,5,0,5,0,10,5,10,10,105,10.8,7.6,345,80,0,10,0,20,0,0,0,0,0,0,22.2,8.3,1250,1940,2e+06,2280000,15,0,0,NA,2800,45,40,35,0,25,35,15,0,170,30,200,15,10,20,20,10,45,20,10,0,100,10,0,0,0,15,65,30,25,10,0
"144","59152774","DA","59152774",0.1783,571,209,206,"5915011","5915","9330161.05","59933",205,110,0,0,0,305,160,105,5,30,20,70,40,40,10,3,49600,63200,40000,40,40,70,50,70,50,35,35,35,25,10,30,0,0,0,0,0,5,10,5,5,5,10,10,10,10,15,110,4.8,2.4,505,60,0,10,20,0,0,0,0,0,0,0,70,26.7,2060,2120,1100000,1240000,50,0,40,1800,1480,45,25,95,15,15,30,85,10,285,10,125,0,15,30,60,0,40,50,15,0,185,10,0,0,0,0,40,105,45,15,10
"145","59152775","DA","59152775",0.2214,836,321,315,"5915011","5915","9330161.05","59933",315,210,0,0,0,480,260,160,15,35,50,145,45,45,20,2.8,41200,46400,38400,75,85,115,110,80,75,55,55,30,35,15,50,0,0,0,0,0,10,10,5,10,10,15,20,20,25,25,145,5.6,2,490,265,0,0,0,0,0,0,0,0,0,0,45.6,10.5,750,1490,1110000,1100000,0,NA,NA,NA,NA,75,50,130,30,40,35,70,20,345,15,315,0,30,35,40,0,100,95,0,10,240,20,20,0,0,0,60,125,75,20,10
"146","59152776","DA","59152776",0.1957,602,202,194,"5915011","5915","9330161.05","59933",195,135,0,0,0,305,200,140,10,25,25,75,40,50,15,3.1,44800,52400,37600,40,50,80,60,65,60,40,40,20,15,15,30,0,0,0,0,10,0,5,0,10,0,10,15,15,10,15,95,8,2.8,355,120,0,0,0,0,0,0,0,0,0,0,61.5,19.2,1760,1760,1100000,1180000,30,0,0,NA,1600,45,35,65,15,10,35,55,10,290,10,100,0,25,30,40,10,65,70,10,0,160,15,15,10,0,10,50,80,70,15,10
"147","59153391","DA","59153391",0.3538,1302,576,543,"5915011","5915","9330163.05","59933",545,85,0,0,0,485,670,470,40,100,65,125,75,55,35,3,34000,37600,30200,90,190,240,205,165,95,55,55,35,10,5,15,10,0,0,30,50,25,30,30,35,35,45,40,20,35,25,125,12.5,9,720,530,100,40,40,20,0,0,0,0,0,0,68.8,23.4,1080,1530,324000,604000,240,12.5,43.8,1000,1210,245,85,180,50,125,45,120,35,720,75,420,0,45,50,50,15,265,195,20,45,455,65,90,50,0,15,110,245,140,105,70
"148","59153427","DA","59153427",0.0643,296,92,81,"5915011","5915","9330163.06","59933",80,35,0,0,0,140,105,80,10,15,10,25,20,20,15,3.3,34000,35200,33600,30,35,40,35,25,25,10,10,10,10,10,10,0,0,0,0,0,0,0,0,0,0,5,5,5,0,5,45,3,2,135,125,0,0,0,0,0,0,0,0,0,0,83.3,0,2340,2100,1100000,1200000,0,NA,NA,NA,NA,55,10,35,0,20,0,25,0,140,0,85,0,10,10,25,10,35,30,0,0,95,15,20,0,0,0,15,55,50,0,10
"149","59153428","DA","59153428",0.0601,293,97,90,"5915011","5915","9330163.06","59933",90,30,0,0,0,140,120,85,5,15,15,45,10,30,10,2.9,33600,38400,29400,35,30,55,45,35,25,15,15,10,5,0,5,0,0,0,0,0,0,0,5,0,0,10,10,10,10,10,35,8,6.8,140,145,15,0,0,0,0,0,0,0,0,0,61.5,0,1110,1900,1210000,1280000,30,0,0,NA,1200,30,15,50,20,0,20,40,10,180,20,75,0,15,25,20,0,50,40,0,0,105,15,15,0,0,0,15,55,40,15,10
"150","59153456","DA","59153456",0.2651,834,279,263,"5915011","5915","9330163.04","59933",265,180,0,0,0,410,280,220,10,25,25,95,45,55,25,3.1,40400,45600,36800,75,60,120,110,85,60,50,50,40,25,10,30,0,0,0,0,5,0,15,0,10,10,15,15,15,15,10,145,4.4,3.2,550,255,75,0,25,0,0,0,0,0,0,0,69.2,12.8,2160,1900,1100000,1140000,70,0,42.9,1800,1800,85,70,155,0,30,60,115,0,490,45,170,0,35,30,65,20,130,130,0,15,295,45,65,15,0,0,85,145,120,20,50
"151","59153537","DA","59153537",0.347,1218,583,565,"5915011","5915","9330160.04","59933",565,170,0,0,0,620,505,210,20,140,145,215,55,35,10,2.5,46000,57600,39200,60,90,175,145,135,105,85,85,70,35,30,55,10,0,0,0,20,20,35,25,20,25,50,50,45,50,35,165,7.6,2.4,740,240,0,0,30,15,0,0,0,0,0,0,52.7,22.6,1060,1415,624000,780000,90,0,33.3,1280,1420,70,80,180,75,20,55,85,60,450,40,440,15,20,25,45,20,145,110,10,15,275,20,0,40,0,10,120,100,95,25,0
"152","59153538","DA","59153538",0.129,678,425,405,"5915011","5915","9330160.04","59933",405,45,0,0,0,240,375,200,35,105,35,105,40,10,5,2.5,42000,47600,37600,40,60,110,115,90,75,45,45,25,25,5,20,10,0,10,10,30,20,35,25,25,25,50,25,30,30,15,60,13.4,3.6,500,135,20,15,0,20,0,0,0,0,0,0,62.1,17.2,1330,1320,452000,650000,260,5.8,57.7,1200,1320,55,40,155,15,30,30,100,10,320,40,240,0,25,15,30,10,105,55,0,10,200,15,15,30,10,0,100,55,75,25,15
"153","59153603","DA","59153603",18.6946,606,282,263,"5915011","5915","9330161.09","59933",260,145,0,0,110,365,170,95,5,45,25,140,15,20,15,2.6,53600,61600,46400,50,50,65,60,55,50,55,55,35,35,15,50,5,0,0,0,5,5,10,5,5,15,15,20,15,20,15,120,6.4,4,550,90,0,10,0,0,0,0,0,0,0,0,43.6,12.8,715,1300,9e+05,1200000,65,0,0,900,1080,25,55,100,10,15,35,60,0,310,0,250,15,0,25,45,10,45,55,35,0,160,10,0,20,0,0,60,70,55,0,0
"154","59153606","DA","59153606",12.0941,449,112,104,"5915011","5915","9330161.09","59933",105,90,0,0,0,230,185,75,5,30,75,45,20,20,5,2.8,43600,50400,37600,30,30,40,25,25,20,15,15,15,10,5,30,5,0,0,0,0,0,0,5,10,5,5,10,0,0,10,50,13,4,230,30,0,0,0,0,0,0,0,0,0,0,40,0,1080,1600,1600000,2e+06,25,0,0,NA,2000,25,35,30,0,0,0,15,0,140,0,75,10,0,10,0,0,30,60,0,0,105,0,0,0,0,0,40,25,30,0,15
"155","59153607","DA","59153607",39.2427,672,217,203,"5915011","5915","9330161.09","59933",200,180,0,0,5,315,250,165,15,40,30,75,45,25,20,3,39200,46000,32400,55,60,85,70,50,40,35,35,25,15,10,30,5,0,0,10,5,5,5,10,10,5,10,10,20,15,10,85,13.2,3.4,395,190,15,0,10,0,0,0,0,0,0,0,35.7,21.4,910,1400,1300000,1520000,90,0,33.3,1330,1400,105,30,100,20,45,20,75,15,295,10,190,0,10,20,20,0,65,95,50,15,190,10,15,10,0,0,30,95,55,0,35
"156","59153608","DA","59153608",66.1873,752,217,202,"5915011","5915","9330161.09","59933",200,100,0,0,15,360,360,150,15,50,140,95,20,20,5,2.5,46000,51200,42800,35,35,65,80,60,50,40,40,25,15,15,35,0,0,0,0,0,5,10,10,10,10,15,10,10,20,10,85,7.6,2.8,390,60,25,0,0,40,0,0,0,0,0,0,29.2,12.5,1050,1420,1e+06,1340000,75,0,40,1500,1520,35,20,75,30,0,20,65,15,295,10,140,0,10,20,15,15,45,55,70,10,125,20,0,30,0,35,115,45,25,20,10
"157","59153609","DA","59153609",2.6089,2081,887,842,"5915011","5915","9330161.06","59933",845,250,65,0,0,1275,445,260,35,70,80,400,125,140,30,2.7,50000,65000,40800,185,150,205,210,170,165,160,160,90,85,70,185,20,10,10,15,15,15,20,15,25,20,60,65,45,55,80,380,11.3,6,1480,710,30,0,40,40,0,0,0,20,0,0,54.4,24.4,1540,1880,1e+06,1094000,85,0,25,2700,2560,135,90,335,70,30,65,215,55,1005,85,685,40,100,70,160,30,205,140,20,20,590,45,30,0,0,25,100,240,270,45,45
"158","59153610","DA","59153610",0.1679,415,191,187,"5915011","5915","9330161.06","59933",190,185,0,0,0,235,135,65,5,30,35,80,20,25,10,2.7,46400,53600,40000,30,35,55,55,60,30,30,30,15,15,10,30,0,0,0,5,5,5,5,10,10,5,10,15,15,15,15,70,6.4,3.6,270,90,0,0,0,0,0,0,0,0,0,0,17.1,0,580,880,1200000,1130000,0,NA,NA,NA,NA,25,25,65,10,10,0,35,0,115,0,195,0,0,10,10,0,15,25,0,0,65,0,10,0,0,10,20,45,10,10,0
"159","59153611","DA","59153611",0.2321,613,234,226,"5915011","5915","9330161.06","59933",225,200,0,0,0,330,175,115,15,20,25,80,35,55,15,3,50800,55600,46400,50,55,50,60,65,45,30,30,25,25,30,65,0,0,0,0,5,5,5,5,10,5,10,10,10,15,10,130,4.8,1.8,475,120,0,0,0,0,0,0,0,0,0,0,51.2,14.6,940,1740,1200000,1240000,30,0,66.7,NA,2200,45,45,115,15,10,30,75,10,345,15,145,0,20,20,65,35,90,65,0,0,235,15,0,10,0,0,75,85,60,30,0
"160","59153612","DA","59153612",0.1633,549,196,191,"5915011","5915","9330161.06","59933",190,185,0,0,0,310,170,120,10,10,25,80,40,45,10,2.9,48000,64000,39600,45,45,75,50,45,45,30,30,30,30,20,50,0,0,0,0,0,0,0,5,5,5,15,10,10,15,5,110,5.6,1.2,385,110,0,0,0,0,0,0,0,0,0,0,44.4,8.3,675,1640,1200000,1260000,0,NA,NA,NA,NA,40,40,100,0,10,25,60,0,280,10,170,15,20,30,20,20,50,60,0,15,150,10,15,0,0,0,60,75,30,0,10
"161","59153613","DA","59153613",0.2686,786,295,287,"5915011","5915","9330161.06","59933",285,215,0,0,0,400,245,170,20,25,35,110,45,60,15,3,45600,51200,42800,75,65,90,75,70,60,35,35,45,30,20,75,5,0,0,0,5,10,0,10,10,5,20,20,20,20,25,140,8.8,5.6,605,155,15,0,25,20,0,0,0,0,0,0,48.1,16.7,890,1720,1200000,1280000,25,0,0,NA,2200,85,70,125,25,20,50,85,30,410,25,245,0,30,40,35,10,125,90,0,10,270,0,15,25,10,0,90,145,45,25,20
"162","59153614","DA","59153614",0.1422,400,182,178,"5915011","5915","9330161.06","59933",180,105,0,0,0,235,125,80,5,25,20,80,25,20,0,2.6,43600,54000,37200,30,45,55,50,45,35,30,30,30,15,5,20,0,0,0,0,0,5,5,10,5,5,15,20,20,10,10,65,2.4,NA,340,110,0,0,0,0,0,0,0,0,0,0,51.4,24.3,1290,1600,980000,1010000,0,NA,NA,NA,NA,25,15,65,35,15,0,40,15,210,15,180,0,10,25,40,20,25,35,0,0,110,10,0,15,0,0,50,40,30,10,15
"163","59153615","DA","59153615",0.1206,551,257,253,"5915011","5915","9330161.06","59933",250,30,30,0,0,255,230,115,15,55,55,90,30,20,10,2.6,49200,59200,41200,30,30,55,70,65,65,35,35,25,10,15,25,0,0,0,0,10,5,10,15,15,15,25,15,35,20,20,65,6,1,435,90,0,20,0,15,0,0,0,0,0,0,65.3,16.3,1390,1540,536000,645000,25,0,0,NA,1300,75,50,95,0,25,35,85,0,290,10,175,0,20,25,25,10,65,70,15,15,190,0,10,15,0,0,40,75,55,40,20
"164","59154355","DA","59154355",0.1554,505,161,155,"5915011","5915","9330163.04","59933",155,135,0,0,0,280,155,120,5,10,15,65,30,45,15,3.1,47200,57200,42000,40,50,45,60,50,40,35,35,25,20,10,45,0,0,0,0,0,0,0,0,0,0,0,5,10,10,10,105,2,2,405,125,0,0,15,0,0,0,0,0,0,0,51.7,0,1360,1640,1200000,1220000,0,NA,NA,NA,NA,60,55,70,15,20,45,50,15,200,10,230,0,10,10,25,0,45,50,0,0,125,15,20,0,0,0,30,40,50,25,15
"165","59154357","DA","59154357",0.1786,712,235,218,"5915011","5915","9330163.04","59933",215,85,0,0,0,380,225,170,15,20,25,95,50,60,20,3,44000,49200,40400,65,70,75,70,80,65,40,40,40,15,20,30,0,0,0,0,5,0,5,0,5,10,15,15,15,15,15,115,7.2,3.4,360,300,40,0,0,0,0,0,0,0,0,0,74.2,19.4,2180,2040,9e+05,960000,60,0,0,1800,1900,120,30,105,10,70,10,90,10,390,45,170,0,45,45,25,10,105,80,10,40,235,40,45,0,0,0,45,135,90,25,35
"166","59154359","DA","59154359",0.5424,2060,655,647,"5915011","5915","9330163.01","59933",645,355,0,0,0,1105,525,380,30,70,50,235,150,185,40,3.1,44800,52000,40000,165,170,230,205,160,150,115,115,100,85,75,115,0,5,0,5,10,10,15,5,20,15,35,40,25,40,45,370,7.2,4,1105,860,30,0,0,0,0,0,15,0,15,0,66.1,24.8,2080,1910,1e+06,1064000,55,0,27.3,2640,2200,100,115,350,110,30,75,275,85,1010,90,475,10,125,95,75,60,255,180,15,55,650,55,45,0,0,0,110,290,255,60,40
"167","59154361","DA","59154361",0.1471,962,392,346,"5915011","5915","9330163.01","59933",345,90,0,0,0,550,215,140,20,30,25,125,80,80,5,2.9,43200,51600,36800,85,80,110,90,90,70,70,70,35,35,20,45,5,0,0,5,10,10,5,5,5,10,20,25,30,30,15,150,8.4,4.6,365,550,10,0,0,25,0,0,0,0,0,0,84.5,24.1,2100,2020,8e+05,840000,45,0,44.4,2000,1950,40,25,155,30,0,20,115,25,460,25,260,0,65,55,40,10,110,60,0,15,285,20,25,0,0,0,60,130,105,35,10
"168","59154362","DA","59154362",0.436,828,287,281,"5915011","5915","9330162.01","59933",280,230,0,0,0,465,230,165,5,30,30,115,60,65,15,3,49200,58000,39600,55,60,110,80,80,75,35,35,40,30,25,60,0,0,0,0,0,10,5,5,5,15,20,15,10,15,20,160,5.6,2.4,465,255,0,0,0,0,0,0,0,0,0,0,56,20,1520,1980,1250000,1300000,25,0,0,NA,1400,60,40,135,30,10,30,90,30,395,20,225,0,30,45,55,15,110,45,0,0,235,20,25,0,0,0,45,85,85,55,25
"169","59154363","DA","59154363",0.8605,1833,621,610,"5915011","5915","9330162.01","59933",610,440,0,0,0,1025,530,395,25,45,65,250,120,145,45,3,48000,58400,41200,150,190,185,160,180,145,90,90,105,80,55,140,5,5,0,0,5,5,10,10,15,10,35,35,35,35,45,350,5.9,3.9,1120,675,25,0,30,35,10,0,0,0,0,0,51.8,18.8,1320,1760,1200000,1188000,50,0,50,2100,2000,160,70,215,50,45,45,155,35,920,90,490,0,125,60,150,40,200,145,10,25,540,60,40,20,0,35,155,270,185,30,65
